catalogId,title,brand,model,action,reason,url
cmqphcs4y00bf10tc41zowg7a,AXKID ONE 3 Extended Rear Facing Car Seat in Arctic Mist Grey,AXKID,ONE 3 Extended Rear Facing,skip-no-model,"model was empty, too long, or accessory-like",https://babylist.pxf.io/c/6560395/1160375/13580?prodsku=3142808&u=https%3A%2F%2Fwww.babylist.com%2Fgp%2Faxkid-one-3-extended-rear-facing-car-seat%2F81578%2F3142808&intsrc=CATF_8981
cmqphcrvd00bc10tcbymsagbj,AXKID ONE 3 Extended Rear Facing Car Seat in Coastal Storm Black,AXKID,ONE 3 Extended Rear Facing,skip-no-model,"model was empty, too long, or accessory-like",https://babylist.pxf.io/c/6560395/1160375/13580?prodsku=3142807&u=https%3A%2F%2Fwww.babylist.com%2Fgp%2Faxkid-one-3-extended-rear-facing-car-seat%2F81578%2F3142807&intsrc=CATF_8981
cmqphcse300bi10tc927aggn5,AXKID ONE 3 Extended Rear Facing Car Seat in Glacier Lake Blue,AXKID,ONE 3 Extended Rear Facing,skip-no-model,"model was empty, too long, or accessory-like",https://babylist.pxf.io/c/6560395/1160375/13580?prodsku=3142809&u=https%3A%2F%2Fwww.babylist.com%2Fgp%2Faxkid-one-3-extended-rear-facing-car-seat%2F81578%2F3142809&intsrc=CATF_8981
cmqphcsne00bl10tcnlkehrjn,AXKID ONE 3 Extended Rear Facing Car Seat in Nordic Bloom Green,AXKID,ONE 3 Extended Rear Facing,skip-no-model,"model was empty, too long, or accessory-like",https://babylist.pxf.io/c/6560395/1160375/13580?prodsku=3142810&u=https%3A%2F%2Fwww.babylist.com%2Fgp%2Faxkid-one-3-extended-rear-facing-car-seat%2F81578%2F3142810&intsrc=CATF_8981
cmqphgqje005ldqwrzx9nzt9t,Baby Jogger City GO 2 Infant Car Seat in Frosted Ivory,Baby Jogger,City GO 2,skip-existing,canonical infant car seat already exists,https://babylist.pxf.io/c/6560395/1160375/13580?prodsku=2487990&u=https%3A%2F%2Fwww.babylist.com%2Fgp%2Fbaby-jogger-city-go-2-infant-car-seat%2F15094%2F2487990&intsrc=CATF_8981
cmqphgq9q005idqwrz2k60sm7,Baby Jogger City GO 2 Infant Car Seat in Harbor Grey,Baby Jogger,City GO 2,skip-existing,canonical infant car seat already exists,https://babylist.pxf.io/c/6560395/1160375/13580?prodsku=1948797&u=https%3A%2F%2Fwww.babylist.com%2Fgp%2Fbaby-jogger-city-go-2-infant-car-seat%2F15094%2F1948797&intsrc=CATF_8981
cmqphgq0d005fdqwrlzxex21e,Baby Jogger City GO 2 Infant Car Seat in Lunar Black,Baby Jogger,City GO 2,skip-existing,canonical infant car seat already exists,https://babylist.pxf.io/c/6560395/1160375/13580?prodsku=1948796&u=https%3A%2F%2Fwww.babylist.com%2Fgp%2Fbaby-jogger-city-go-2-infant-car-seat%2F15094%2F1948796&intsrc=CATF_8981
cmqphgpqt005cdqwrgmgdmzcd,Baby Jogger City GO 2 Infant Car Seat in Slate,Baby Jogger,City GO 2,skip-existing,canonical infant car seat already exists,https://babylist.pxf.io/c/6560395/1160375/13580?prodsku=219570&u=https%3A%2F%2Fwww.babylist.com%2Fgp%2Fbaby-jogger-city-go-2-infant-car-seat%2F15094%2F219570&intsrc=CATF_8981
cmqphh2hi009cdqwr3pe4hsmd,Baby Trend EZ-Lift Pro Infant Car Seat in Dash Black,Baby Trend,EZ-Lift Pro,update-existing-retailer,canonical infant car seat already exists; Babylist retailer fields were empty and have been backfilled,https://babylist.pxf.io/c/6560395/1160375/13580?prodsku=2181869&u=https%3A%2F%2Fwww.babylist.com%2Fgp%2Fbaby-trend-ez-lift-pro-infant-car-seat%2F58136%2F2181869&intsrc=CATF_8981
cmqphh3ju009odqwr0z18q5ij,Baby Trend Secure-Lift 35 Infant Car Seat in Dash Grey,Baby Trend,Secure-Lift 35,update-existing-retailer,canonical infant car seat already exists; Babylist retailer fields were empty and have been backfilled,https://babylist.pxf.io/c/6560395/1160375/13580?prodsku=1701777&u=https%3A%2F%2Fwww.babylist.com%2Fgp%2Fbaby-trend-secure-lift-35-infant-car-seat%2F44801%2F1701777&intsrc=CATF_8981
cmqx4j4mx000o3a8ufhvt0st8,"Britax - Willow SC Infant Car Seat, Rear Facing Car Seat",Britax,Willow SC,skip-no-model,"model was empty, too long, or accessory-like",https://www.macrobaby.com/products/britax-willow-sc-infant-car-seat-rear-facing-car-seat?_j=taylormadebabyco.com
cmqx4jcd700333a8uryuciio5,"Britax - Willow S Infant Car Seat with Alpine Anti-Rebound Base, Glacier Onyx",Britax,Willow S,skip-existing,canonical infant car seat already exists,https://www.macrobaby.com/products/britax-willow-s-infant-car-seat-with-alpine-anti-rebound-base-glacier-onyx?_j=taylormadebabyco.com
cmqx4j7ba001i3a8ub00c7ep2,"Britax - Willow S Infant Car Seat with Alpine Anti-Rebound Base, Graphite Onyx",Britax,Willow S,skip-existing,canonical infant car seat already exists,https://www.macrobaby.com/products/britax-willow-s-infant-car-seat-with-alpine-anti-rebound-base-graphite-onyx?_j=taylormadebabyco.com
cmqx4jggd004c3a8ukk9q4kkt,"Britax - Willow S Infant Car Seat with Alpine Anti-Rebound Base, Jade Onyx",Britax,Willow S,skip-existing,canonical infant car seat already exists,https://www.macrobaby.com/products/britax-willow-s-infant-car-seat-with-alpine-anti-rebound-base-jade-onyx?_j=taylormadebabyco.com
cmqx4jh8j004l3a8ulsnb6vqb,"Britax - Willow S Infant Car Seat with Alpine Anti-Rebound Base, Ruby Onyx",Britax,Willow S,skip-existing,canonical infant car seat already exists,https://www.macrobaby.com/products/britax-willow-s-infant-car-seat-with-alpine-anti-rebound-base-ruby-onyx?_j=taylormadebabyco.com
cmqx4j4wu000r3a8uabayt4yq,Bugaboo - Turtle Air Shield by Nuna Car Seat,Bugaboo,Turtle Air Shield by Nuna,skip-existing,canonical infant car seat already exists,https://www.macrobaby.com/products/bugaboo-turtle-air-shield-by-nuna-car-seat?_j=taylormadebabyco.com
cmqphnax7027ldqwrjc6yk6vi,Bugaboo Turtle Air Shield by Nuna Car Seat + Recline Base | 100% Polyester,Bugaboo,Turtle Air Shield by Nuna,update-existing-retailer,canonical infant car seat already exists; Babylist retailer fields were empty and have been backfilled,https://babylist.pxf.io/c/6560395/1160375/13580?prodsku=2116047&u=https%3A%2F%2Fwww.babylist.com%2Fgp%2Fbugaboo-turtle-air-shield-by-nuna-car-seat-recline-base%2F56787%2F2116047&intsrc=CATF_8981
cmqphrte103mfdqwr5bscfz7l,Chicco KeyFit 30 ClearTex Infant Car Seat in Pewter,Chicco,KeyFit 30 ClearTex,update-existing-retailer,canonical infant car seat already exists; Babylist retailer fields were empty and have been backfilled,https://babylist.pxf.io/c/6560395/1160375/13580?prodsku=1101932&u=https%3A%2F%2Fwww.babylist.com%2Fgp%2Fchicco-keyfit-30-cleartex-infant-car-seat%2F24729%2F1101932&intsrc=CATF_8981
cmqphru6003modqwrxz4nyijn,Chicco KeyFit Max ClearTex Infant Car Seat in Legend,Chicco,KeyFit Max ClearTex,update-existing-retailer,canonical infant car seat already exists; Babylist retailer fields were empty and have been backfilled,https://babylist.pxf.io/c/6560395/1160375/13580?prodsku=2383558&u=https%3A%2F%2Fwww.babylist.com%2Fgp%2Fchicco-keyfit-max-cleartex-infant-car-seat%2F71751%2F2383558&intsrc=CATF_8981
cmqphrufb03mrdqwrabkl1za2,Chicco KeyFit Max ClearTex Infant Car Seat in Lupine,Chicco,KeyFit Max ClearTex,skip-existing,canonical infant car seat already exists,https://babylist.pxf.io/c/6560395/1160375/13580?prodsku=2383559&u=https%3A%2F%2Fwww.babylist.com%2Fgp%2Fchicco-keyfit-max-cleartex-infant-car-seat%2F71751%2F2383559&intsrc=CATF_8981
cmqphrv8c03n0dqwr55o5mhg3,Chicco KeyFit Max Zip ClearLux Infant Car Seat in Midori,Chicco,KeyFit Max Zip ClearLux,update-existing-retailer,canonical infant car seat already exists; Babylist retailer fields were empty and have been backfilled,https://babylist.pxf.io/c/6560395/1160375/13580?prodsku=2383554&u=https%3A%2F%2Fwww.babylist.com%2Fgp%2Fchicco-keyfit-max-zip-clearlux-infant-car-seat%2F71749%2F2383554&intsrc=CATF_8981
cmqphruyj03mxdqwrr4k2rd7m,Chicco KeyFit Max Zip ClearLux Infant Car Seat in Verona,Chicco,KeyFit Max Zip ClearLux,skip-existing,canonical infant car seat already exists,https://babylist.pxf.io/c/6560395/1160375/13580?prodsku=2383553&u=https%3A%2F%2Fwww.babylist.com%2Fgp%2Fchicco-keyfit-max-zip-clearlux-infant-car-seat%2F71749%2F2383553&intsrc=CATF_8981
cmqphrvhn03n3dqwr8e0nflx6,Chicco KeyFit Max Zip ClearTex Infant Car Seat in Apex,Chicco,KeyFit Max Zip ClearTex,update-existing-retailer,canonical infant car seat already exists; Babylist retailer fields were empty and have been backfilled,https://babylist.pxf.io/c/6560395/1160375/13580?prodsku=2383555&u=https%3A%2F%2Fwww.babylist.com%2Fgp%2Fchicco-keyfit-max-zip-cleartex-infant-car-seat%2F71750%2F2383555&intsrc=CATF_8981
cmqphrvqv03n6dqwrtsuct6bd,Chicco KeyFit Max Zip ClearTex Infant Car Seat in Sierra,Chicco,KeyFit Max Zip ClearTex,skip-existing,canonical infant car seat already exists,https://babylist.pxf.io/c/6560395/1160375/13580?prodsku=2491101&u=https%3A%2F%2Fwww.babylist.com%2Fgp%2Fchicco-keyfit-max-zip-cleartex-infant-car-seat%2F71750%2F2491101&intsrc=CATF_8981
cmqx4jb9d002r3a8urqnm1tke,"Chicco Keyfit Max Zip Cleartex Infant Car Seat, Sierra",Chicco,KeyFit Max Zip ClearTex,skip-existing,canonical infant car seat already exists,https://www.macrobaby.com/products/chicco-keyfit-max-zip-cleartex-infant-car-seat-sierra?_j=taylormadebabyco.com
cmqphs84b03r3dqwrxpry9hde,Clek Liing Infant Car Seat in Edge Ziip (Flame Retardant Free),Clek,Liing,skip-existing,canonical infant car seat already exists,https://babylist.pxf.io/c/6560395/1160375/13580?prodsku=2571254&u=https%3A%2F%2Fwww.babylist.com%2Fgp%2Fclek-liing-infant-car-seat%2F14716%2F2571254&intsrc=CATF_8981
cmqphs5ra03qcdqwrq097niua,Clek Liing Infant Car Seat in Highlands Ziip (Flame Retardant Free),Clek,Liing,skip-existing,canonical infant car seat already exists,https://babylist.pxf.io/c/6560395/1160375/13580?prodsku=2571258&u=https%3A%2F%2Fwww.babylist.com%2Fgp%2Fclek-liing-infant-car-seat%2F14716%2F2571258&intsrc=CATF_8981
cmqphs58w03q6dqwroakr4vtp,Clek Liing Infant Car Seat in Railroad Ziip (Flame Retardant Free),Clek,Liing,skip-existing,canonical infant car seat already exists,https://babylist.pxf.io/c/6560395/1160375/13580?prodsku=2028173&u=https%3A%2F%2Fwww.babylist.com%2Fgp%2Fclek-liing-infant-car-seat%2F14716%2F2028173&intsrc=CATF_8981
cmqphs5i103q9dqwrd4xxxc4t,Clek Liing Infant Car Seat in Vintage Ziip (Flame Retardant Free),Clek,Liing,skip-existing,canonical infant car seat already exists,https://babylist.pxf.io/c/6560395/1160375/13580?prodsku=2571256&u=https%3A%2F%2Fwww.babylist.com%2Fgp%2Fclek-liing-infant-car-seat%2F14716%2F2571256&intsrc=CATF_8981
cmqphu58n04codqwr0pyj787a,Cybex Aton G2 Infant Car Seat with Load Leg Base in Almond Beige,Cybex,Aton G2,update-existing-retailer,canonical infant car seat already exists; Babylist retailer fields were empty and have been backfilled,https://babylist.pxf.io/c/6560395/1160375/13580?prodsku=2797217&u=https%3A%2F%2Fwww.babylist.com%2Fgp%2Fcybex-aton-g2-infant-car-seat-with-load-leg-base%2F78438%2F2797217&intsrc=CATF_8981
cmqphu5ig04crdqwr14kfzrd9,Cybex Aton G2 Infant Car Seat with Load Leg Base in Moon Black,Cybex,Aton G2,skip-existing,canonical infant car seat already exists,https://babylist.pxf.io/c/6560395/1160375/13580?prodsku=2797218&u=https%3A%2F%2Fwww.babylist.com%2Fgp%2Fcybex-aton-g2-infant-car-seat-with-load-leg-base%2F78438%2F2797218&intsrc=CATF_8981
cmqphu5sf04cudqwrsg60hzjb,Cybex Aton G2 Swivel Infant Car Seat with Load Leg Base in Almond Beige,Cybex,Aton G2,skip-existing,canonical infant car seat already exists,https://babylist.pxf.io/c/6560395/1160375/13580?prodsku=2846963&u=https%3A%2F%2Fwww.babylist.com%2Fgp%2Fcybex-aton-g2-swivel-infant-car-seat-with-load-leg-base%2F79490%2F2846963&intsrc=CATF_8981
cmqphu61p04cxdqwrsndcaocm,Cybex Aton G2 Swivel Infant Car Seat with Load Leg Base in Moon Black,Cybex,Aton G2,skip-existing,canonical infant car seat already exists,https://babylist.pxf.io/c/6560395/1160375/13580?prodsku=2846964&u=https%3A%2F%2Fwww.babylist.com%2Fgp%2Fcybex-aton-g2-swivel-infant-car-seat-with-load-leg-base%2F79490%2F2846964&intsrc=CATF_8981
cmqphu6di04d0dqwrk69sjbxf,Cybex Aton G2 Swivel Infant Car Seat with Load Leg Base in Stone Grey,Cybex,Aton G2,skip-existing,canonical infant car seat already exists,https://babylist.pxf.io/c/6560395/1160375/13580?prodsku=2846966&u=https%3A%2F%2Fwww.babylist.com%2Fgp%2Fcybex-aton-g2-swivel-infant-car-seat-with-load-leg-base%2F79490%2F2846966&intsrc=CATF_8981
cmqphu6n804d3dqwr4d5rujcv,Cybex Aton G2 Swivel Infant Car Seat with Load Leg Base in Stormy Blue,Cybex,Aton G2,skip-existing,canonical infant car seat already exists,https://babylist.pxf.io/c/6560395/1160375/13580?prodsku=2846967&u=https%3A%2F%2Fwww.babylist.com%2Fgp%2Fcybex-aton-g2-swivel-infant-car-seat-with-load-leg-base%2F79490%2F2846967&intsrc=CATF_8981
cmqphud1k04f3dqwr130y3t8z,Cybex Cloud G Pro Comfort Extend Infant Car Seat in Almond Beige,Cybex,Cloud G Pro Comfort Extend,update-existing-retailer,canonical infant car seat already exists; Babylist retailer fields were empty and have been backfilled,https://babylist.pxf.io/c/6560395/1160375/13580?prodsku=2732817&u=https%3A%2F%2Fwww.babylist.com%2Fgp%2Fcybex-cloud-g-pro-comfort-extend-infant-car-seat%2F77670%2F2732817&intsrc=CATF_8981
cmqphuc9e04eudqwr4h6ksovo,Cybex Cloud G Pro Comfort Extend Infant Car Seat in Moon Black,Cybex,Cloud G Pro Comfort Extend,skip-existing,canonical infant car seat already exists,https://babylist.pxf.io/c/6560395/1160375/13580?prodsku=2719289&u=https%3A%2F%2Fwww.babylist.com%2Fgp%2Fcybex-cloud-g-pro-comfort-extend-infant-car-seat%2F77670%2F2719289&intsrc=CATF_8981
cmqphuciq04exdqwrw1dzvtbc,Cybex Cloud G Pro Comfort Extend Infant Car Seat in Ocean Blue,Cybex,Cloud G Pro Comfort Extend,skip-existing,canonical infant car seat already exists,https://babylist.pxf.io/c/6560395/1160375/13580?prodsku=2719290&u=https%3A%2F%2Fwww.babylist.com%2Fgp%2Fcybex-cloud-g-pro-comfort-extend-infant-car-seat%2F77670%2F2719290&intsrc=CATF_8981
cmqphucs404f0dqwrehk9c8pv,Cybex Cloud G Pro Comfort Extend Infant Car Seat in Stone Grey,Cybex,Cloud G Pro Comfort Extend,skip-existing,canonical infant car seat already exists,https://babylist.pxf.io/c/6560395/1160375/13580?prodsku=2719291&u=https%3A%2F%2Fwww.babylist.com%2Fgp%2Fcybex-cloud-g-pro-comfort-extend-infant-car-seat%2F77670%2F2719291&intsrc=CATF_8981
cmqphuday04f6dqwrjb6tqzug,Cybex Cloud G Pro Comfort Extend Infant Car Seat in Stormy Blue,Cybex,Cloud G Pro Comfort Extend,skip-existing,canonical infant car seat already exists,https://babylist.pxf.io/c/6560395/1160375/13580?prodsku=2730659&u=https%3A%2F%2Fwww.babylist.com%2Fgp%2Fcybex-cloud-g-pro-comfort-extend-infant-car-seat%2F77670%2F2730659&intsrc=CATF_8981
cmqphuevp04fodqwrf63rsjvw,Cybex Cloud T Comfort Extend Infant Car Seat with SensorSafe in City Grey,Cybex,Cloud T Comfort Extend,update-existing-retailer,canonical infant car seat already exists; Babylist retailer fields were empty and have been backfilled,https://babylist.pxf.io/c/6560395/1160375/13580?prodsku=3316452&u=https%3A%2F%2Fwww.babylist.com%2Fgp%2Fcybex-cloud-t-comfort-extend-infant-car-seat-with-sensorsafe%2F58039%2F3316452&intsrc=CATF_8981
cmqphuecy04fidqwrmjuw77yd,Cybex Cloud T Comfort Extend Infant Car Seat with SensorSafe in Cozy Beige,Cybex,Cloud T Comfort Extend,skip-existing,canonical infant car seat already exists,https://babylist.pxf.io/c/6560395/1160375/13580?prodsku=2178292&u=https%3A%2F%2Fwww.babylist.com%2Fgp%2Fcybex-cloud-t-comfort-extend-infant-car-seat-with-sensorsafe%2F58039%2F2178292&intsrc=CATF_8981
cmqphudti04fcdqwr9qxfteke,Cybex Cloud T Comfort Extend Infant Car Seat with SensorSafe in Leaf Green,Cybex,Cloud T Comfort Extend,skip-existing,canonical infant car seat already exists,https://babylist.pxf.io/c/6560395/1160375/13580?prodsku=2178290&u=https%3A%2F%2Fwww.babylist.com%2Fgp%2Fcybex-cloud-t-comfort-extend-infant-car-seat-with-sensorsafe%2F58039%2F2178290&intsrc=CATF_8981
cmqphue3q04ffdqwrpc6fqx99,Cybex Cloud T Comfort Extend Infant Car Seat with SensorSafe in Mirage Grey,Cybex,Cloud T Comfort Extend,skip-existing,canonical infant car seat already exists,https://babylist.pxf.io/c/6560395/1160375/13580?prodsku=2178291&u=https%3A%2F%2Fwww.babylist.com%2Fgp%2Fcybex-cloud-t-comfort-extend-infant-car-seat-with-sensorsafe%2F58039%2F2178291&intsrc=CATF_8981
cmqphuf5704frdqwrvkgaov80,Cybex Cloud T Comfort Extend Infant Car Seat with SensorSafe in Off White,Cybex,Cloud T Comfort Extend,skip-existing,canonical infant car seat already exists,https://babylist.pxf.io/c/6560395/1160375/13580?prodsku=3316453&u=https%3A%2F%2Fwww.babylist.com%2Fgp%2Fcybex-cloud-t-comfort-extend-infant-car-seat-with-sensorsafe%2F58039%2F3316453&intsrc=CATF_8981
cmqphudkb04f9dqwr315pkih0,Cybex Cloud T Comfort Extend Infant Car Seat with SensorSafe in Platinum White,Cybex,Cloud T Comfort Extend,skip-existing,canonical infant car seat already exists,https://babylist.pxf.io/c/6560395/1160375/13580?prodsku=2178289&u=https%3A%2F%2Fwww.babylist.com%2Fgp%2Fcybex-cloud-t-comfort-extend-infant-car-seat-with-sensorsafe%2F58039%2F2178289&intsrc=CATF_8981
cmqphuema04fldqwr0ojn2316,Cybex Cloud T Comfort Extend Infant Car Seat with SensorSafe in Sepia Black,Cybex,Cloud T Comfort Extend,skip-existing,canonical infant car seat already exists,https://babylist.pxf.io/c/6560395/1160375/13580?prodsku=2178293&u=https%3A%2F%2Fwww.babylist.com%2Fgp%2Fcybex-cloud-t-comfort-extend-infant-car-seat-with-sensorsafe%2F58039%2F2178293&intsrc=CATF_8981
cmqx4j2zg00063a8u5618wh3c,Cybex - Cloud T Infant Car Seatsensorsafe - Sepia Black,Cybex,Cloud T,skip-existing,canonical infant car seat already exists,https://www.macrobaby.com/products/cybex-cloud-t-infant-car-seatsensorsafe-sepia-black?_j=taylormadebabyco.com
cmqx4j2q400033a8urpd1tqyt,Cybex - Cloud T With Sensorsafe - Jeremy Scott Wings,Cybex,Cloud T,skip-existing,canonical infant car seat already exists,https://www.macrobaby.com/products/cybex-cloud-t-with-sensorsafe-jeremy-scott-wings?_j=taylormadebabyco.com
cmqphxvw505iudqwrr4hil0tz,Doona Infant Car Seat & Stroller,Doona,Doona,update-existing-retailer,canonical infant car seat already exists; Babylist retailer fields were empty and have been backfilled,https://babylist.pxf.io/c/6560395/1160375/13580?prodsku=411207&u=https%3A%2F%2Fwww.babylist.com%2Fgp%2Fdoona-infant-car-seat-stroller-midnight-edition%2F19926%2F411207&intsrc=CATF_8981
cmqphxu2m05i9dqwrj0xwyjhu,Doona Infant Car Seat & Stroller in Blush Pink,Doona,Doona,skip-existing,canonical infant car seat already exists,https://babylist.pxf.io/c/6560395/1160375/13580?prodsku=31861&u=https%3A%2F%2Fwww.babylist.com%2Fgp%2Fdoona-infant-car-seat-stroller%2F14613%2F31861&intsrc=CATF_8981
cmqphxvmx05irdqwrx7ln6zjr,Doona Infant Car Seat & Stroller in Deep Blue,Doona,Doona,skip-existing,canonical infant car seat already exists,https://babylist.pxf.io/c/6560395/1160375/13580?prodsku=2528371&u=https%3A%2F%2Fwww.babylist.com%2Fgp%2Fdoona-infant-car-seat-stroller%2F14613%2F2528371&intsrc=CATF_8981
cmqphxuln05ifdqwr2ehfspzp,Doona Infant Car Seat & Stroller in Desert Green,Doona,Doona,skip-existing,canonical infant car seat already exists,https://babylist.pxf.io/c/6560395/1160375/13580?prodsku=1004727&u=https%3A%2F%2Fwww.babylist.com%2Fgp%2Fdoona-infant-car-seat-stroller%2F14613%2F1004727&intsrc=CATF_8981
cmqphxubz05icdqwrtdmdxkax,Doona Infant Car Seat & Stroller in Nitro Black,Doona,Doona,skip-existing,canonical infant car seat already exists,https://babylist.pxf.io/c/6560395/1160375/13580?prodsku=31863&u=https%3A%2F%2Fwww.babylist.com%2Fgp%2Fdoona-infant-car-seat-stroller%2F14613%2F31863&intsrc=CATF_8981
cmqphxuvh05iidqwru89xg34g,Doona Infant Car Seat & Stroller in Ocean Blue,Doona,Doona,skip-existing,canonical infant car seat already exists,https://babylist.pxf.io/c/6560395/1160375/13580?prodsku=2041478&u=https%3A%2F%2Fwww.babylist.com%2Fgp%2Fdoona-infant-car-seat-stroller%2F14613%2F2041478&intsrc=CATF_8981
cmqphxv4p05ildqwr6chft68v,Doona Infant Car Seat & Stroller in Sahara Sand,Doona,Doona,skip-existing,canonical infant car seat already exists,https://babylist.pxf.io/c/6560395/1160375/13580?prodsku=2041479&u=https%3A%2F%2Fwww.babylist.com%2Fgp%2Fdoona-infant-car-seat-stroller%2F14613%2F2041479&intsrc=CATF_8981
cmqphxvdu05iodqwritveyd80,Doona Infant Car Seat & Stroller in Slate Green,Doona,Doona,skip-existing,canonical infant car seat already exists,https://babylist.pxf.io/c/6560395/1160375/13580?prodsku=2528370&u=https%3A%2F%2Fwww.babylist.com%2Fgp%2Fdoona-infant-car-seat-stroller%2F14613%2F2528370&intsrc=CATF_8981
cmqx4l55v00n63a8u7m3rifhe,"Doona+ Infant Car Seat & Stroller, Sahara Sand",Doona,Doona+,skip-existing,canonical infant car seat already exists,https://www.macrobaby.com/products/doona-infant-car-seat-with-base-shara-sand?_j=taylormadebabyco.com
cmqx4j6ia00193a8ualq8s3mi,"Doona - Infant Car Seat With Base, Deep Blue",Doona,Doona,skip-existing,canonical infant car seat already exists,https://www.macrobaby.com/products/doona-infant-car-seat-with-base-deep-blue?_j=taylormadebabyco.com
cmqx4jdo1003i3a8uct9d4wpx,"Doona - Infant Car Seat With Base, Ocean Blue",Doona,Doona,skip-existing,canonical infant car seat already exists,https://www.macrobaby.com/products/doona-infant-car-seat-with-base-ocean-blue?_j=taylormadebabyco.com
cmqx4j3kg000c3a8ump8m6yan,"Doona - Infant Car Seat With Base, Slate Green",Doona,Doona,skip-existing,canonical infant car seat already exists,https://www.macrobaby.com/products/doona-infant-car-seat-with-base-slate-green?_j=taylormadebabyco.com
cmqx4j7ku001l3a8u5chp992a,"Doona - Infant Car Seat With Base & Stroller, Blush Pink",Doona,Doona,skip-existing,canonical infant car seat already exists,https://www.macrobaby.com/products/doona-infant-car-seat-stroller-blush-pink?_j=taylormadebabyco.com
cmqx4j5q000103a8u9m52vzqo,"Doona - Infant Car Seat With Base & Stroller, Desert Green",Doona,Doona,skip-existing,canonical infant car seat already exists,https://www.macrobaby.com/products/doona-infant-car-seat-with-base-desert-green?_j=taylormadebabyco.com
cmqx4j8n0001x3a8ubc57nqtk,"Doona - Infant Car Seat With Base & Stroller, Midnight",Doona,Doona,skip-existing,canonical infant car seat already exists,https://www.macrobaby.com/products/doona-stroller-car-seat-with-base-midnight?_j=taylormadebabyco.com
cmqx4j7u2001o3a8uge1tgdgy,"Doona - Infant Car Seat With Base & Stroller, Nitro Black",Doona,Doona,skip-existing,canonical infant car seat already exists,https://www.macrobaby.com/products/doona-infant-car-seat-stroller-nitro-black?_j=taylormadebabyco.com
cmqpi083w069cdqwroyv9vyyf,Evenflo Gold Shyft DualRide Infant Car Seat Stroller Combo w Carryall Storage & Extended Canopy in Champagne/Green/Gentle Fabric,Evenflo,Gold Shyft DualRide,skip-no-model,"model was empty, too long, or accessory-like",https://babylist.pxf.io/c/6560395/1160375/13580?prodsku=2383550&u=https%3A%2F%2Fwww.babylist.com%2Fgp%2Fevenflo-gold-shyft-dualride-infant-car-seat-stroller-combo-w-carryall-storage-extended-canopy%2F72979%2F2383550&intsrc=CATF_8981
cmqpi08m6069idqwr3ga4sc4v,Evenflo Gold Shyft DualRide Infant Car Seat Stroller Combo w Carryall Storage & Extended Canopy in Moonstone,Evenflo,Gold Shyft DualRide,skip-no-model,"model was empty, too long, or accessory-like",https://babylist.pxf.io/c/6560395/1160375/13580?prodsku=2417731&u=https%3A%2F%2Fwww.babylist.com%2Fgp%2Fevenflo-gold-shyft-dualride-infant-car-seat-stroller-combo-w-carryall-storage-extended-canopy%2F72979%2F2417731&intsrc=CATF_8981
cmqpi08cy069fdqwrvu9bddiu,Evenflo Gold Shyft DualRide Infant Car Seat Stroller Combo w Carryall Storage & Extended Canopy in Onyx,Evenflo,Gold Shyft DualRide,skip-no-model,"model was empty, too long, or accessory-like",https://babylist.pxf.io/c/6560395/1160375/13580?prodsku=2417730&u=https%3A%2F%2Fwww.babylist.com%2Fgp%2Fevenflo-gold-shyft-dualride-infant-car-seat-stroller-combo-w-carryall-storage-extended-canopy%2F72979%2F2417730&intsrc=CATF_8981
cmqpi0axq06a0dqwr17ygvk67,Evenflo LiteMax NXT Infant Car Seat with SensorySoothe in Jasper,Evenflo,LiteMax NXT,update-existing-retailer,canonical infant car seat already exists; Babylist retailer fields were empty and have been backfilled,https://babylist.pxf.io/c/6560395/1160375/13580?prodsku=2423865&u=https%3A%2F%2Fwww.babylist.com%2Fgp%2Fevenflo-litemax-nxt-infant-car-seat-with-sensorysoothe%2F73031%2F2423865&intsrc=CATF_8981
cmqpi09y4069xdqwrmg4wmbty,Evenflo LiteMax NXT Infant Car Seat with SensorySoothe in Quartz,Evenflo,LiteMax NXT,skip-existing,canonical infant car seat already exists,https://babylist.pxf.io/c/6560395/1160375/13580?prodsku=2423864&u=https%3A%2F%2Fwww.babylist.com%2Fgp%2Fevenflo-litemax-nxt-infant-car-seat-with-sensorysoothe%2F73031%2F2423864&intsrc=CATF_8981
cmqpi0dtj06axdqwrqt8muevm,Evenflo Revolve180 LiteMax NXT Rotational Infant Car Seat with SensorySoothe in Quartz,Evenflo,Revolve180 LiteMax NXT Rotational,update-existing-retailer,canonical infant car seat already exists; Babylist retailer fields were empty and have been backfilled,https://babylist.pxf.io/c/6560395/1160375/13580?prodsku=2417736&u=https%3A%2F%2Fwww.babylist.com%2Fgp%2Fevenflo-revolve180-litemax-nxt-rotational-infant-car-seat-with-sensorysoothe%2F72981%2F2417736&intsrc=CATF_8981
cmqpi0fm306bidqwrhri4j9vw,Evenflo Shyft DualRide Infant Car Seat Stroller Combo with Carryall Storage in Boone,Evenflo,Shyft DualRide,skip-no-model,"model was empty, too long, or accessory-like",https://babylist.pxf.io/c/6560395/1160375/13580?prodsku=2417732&u=https%3A%2F%2Fwww.babylist.com%2Fgp%2Fevenflo-shyft-dualride-infant-car-seat-stroller-combo-with-carryall-storage%2F72980%2F2417732&intsrc=CATF_8981
cmqpi2cv506x6dqwrkklqbt7e,Graco GoMax Baseless Infant Car Seat ft. Insta-Install Rigid LATCH in Ace,Graco,GoMax,update-existing-retailer,canonical infant car seat already exists; Babylist retailer fields were empty and have been backfilled,https://babylist.pxf.io/c/6560395/1160375/13580?prodsku=2341063&u=https%3A%2F%2Fwww.babylist.com%2Fgp%2Fgraco-gomax-baseless-infant-car-seat-ft-insta-install-rigid-latch%2F70367%2F2341063&intsrc=CATF_8981
cmqpi2dda06xcdqwrz3c4zcdq,Graco GoMax Infant Car Seat ft. Insta-Install Rigid LATCH in Ace,Graco,GoMax,skip-existing,canonical infant car seat already exists,https://babylist.pxf.io/c/6560395/1160375/13580?prodsku=2341064&u=https%3A%2F%2Fwww.babylist.com%2Fgp%2Fgraco-gomax-infant-car-seat-ft-insta-install-rigid-latch%2F70368%2F2341064&intsrc=CATF_8981
cmqpi2vmi0736dqwrz0ilj07p,Graco SnugRide Lite LX Infant Car Seat & Extra Base in Studio/Black,Graco,SnugRide Lite LX,skip-no-model,"model was empty, too long, or accessory-like",https://babylist.pxf.io/c/6560395/1160375/13580?prodsku=1931766&u=https%3A%2F%2Fwww.babylist.com%2Fgp%2Fgraco-snugride-lite-lx-infant-car-seat-extra-base%2F50621%2F1931766&intsrc=CATF_8981
cmqpi2vdd0733dqwr36qv8b7q,Graco SnugRide Lite LX Infant Car Seat in Studio,Graco,SnugRide Lite LX,update-existing-retailer,canonical infant car seat already exists; Babylist retailer fields were empty and have been backfilled,https://babylist.pxf.io/c/6560395/1160375/13580?prodsku=351788&u=https%3A%2F%2Fwww.babylist.com%2Fgp%2Fgraco-snugride-lite-lx-infant-car-seat%2F17838%2F351788&intsrc=CATF_8981
cmqpi2w4z073cdqwr73dmtrf9,Graco SnugRide SnugFit DLX Infant Car Seat in Maison,Graco,SnugRide SnugFit DLX,update-existing-retailer,canonical infant car seat already exists; Babylist retailer fields were empty and have been backfilled,https://babylist.pxf.io/c/6560395/1160375/13580?prodsku=1111843&u=https%3A%2F%2Fwww.babylist.com%2Fgp%2Fgraco-snugride-snugfit-dlx-infant-car-seat%2F20467%2F1111843&intsrc=CATF_8981
cmqpi2vvr0739dqwrgp38bm4j,Graco SnugRide SnugFit DLX Infant Car Seat in Spencer,Graco,SnugRide SnugFit DLX,skip-existing,canonical infant car seat already exists,https://babylist.pxf.io/c/6560395/1160375/13580?prodsku=529537&u=https%3A%2F%2Fwww.babylist.com%2Fgp%2Fgraco-snugride-snugfit-dlx-infant-car-seat%2F20467%2F529537&intsrc=CATF_8981
cmqpi2wei073fdqwrxbouhbfz,Graco SnugRide SnugFit Infant Car Seat in Gotham,Graco,SnugRide SnugFit,update-existing-retailer,canonical infant car seat already exists; Babylist retailer fields were empty and have been backfilled,https://babylist.pxf.io/c/6560395/1160375/13580?prodsku=529534&u=https%3A%2F%2Fwww.babylist.com%2Fgp%2Fgraco-snugride-snugfit-infant-car-seat%2F20466%2F529534&intsrc=CATF_8981
cmqpi2wng073idqwr3w0jvk2x,Graco SnugRide SnugFit LX Infant Car Seat in Pierce,Graco,SnugRide SnugFit LX,update-existing-retailer,canonical infant car seat already exists; Babylist retailer fields were empty and have been backfilled,https://babylist.pxf.io/c/6560395/1160375/13580?prodsku=529540&u=https%3A%2F%2Fwww.babylist.com%2Fgp%2Fgraco-snugride-snugfit-lx-infant-car-seat%2F20469%2F529540&intsrc=CATF_8981
cmqpi9683092odqwrs06w7epg,Joie Mint Latch And Base AR in Dove,Joie,Mint Latch And Base AR,skip-no-model,"model was empty, too long, or accessory-like",https://babylist.pxf.io/c/6560395/1160375/13580?prodsku=2715228&u=https%3A%2F%2Fwww.babylist.com%2Fgp%2Fjoie-mint-latch-and-base-ar-1769205934%2F77448%2F2715228&intsrc=CATF_8981
cmqpi96qs092udqwrwzhoesxt,Joie Mint Latch And Base AR in Forest,Joie,Mint Latch And Base AR,skip-no-model,"model was empty, too long, or accessory-like",https://babylist.pxf.io/c/6560395/1160375/13580?prodsku=2715230&u=https%3A%2F%2Fwww.babylist.com%2Fgp%2Fjoie-mint-latch-and-base-ar-1769205934%2F77448%2F2715230&intsrc=CATF_8981
cmqpi96hi092rdqwr54ca0pzl,Joie Mint Latch And Base AR in Mocha,Joie,Mint Latch And Base AR,skip-no-model,"model was empty, too long, or accessory-like",https://babylist.pxf.io/c/6560395/1160375/13580?prodsku=2715227&u=https%3A%2F%2Fwww.babylist.com%2Fgp%2Fjoie-mint-latch-and-base-ar-1769205934%2F77448%2F2715227&intsrc=CATF_8981
cmqpi95yk092ldqwr93bu8e99,Joie Mint Latch And Base AR in Shale Dark,Joie,Mint Latch And Base AR,skip-no-model,"model was empty, too long, or accessory-like",https://babylist.pxf.io/c/6560395/1160375/13580?prodsku=2715225&u=https%3A%2F%2Fwww.babylist.com%2Fgp%2Fjoie-mint-latch-and-base-ar-1769205934%2F77448%2F2715225&intsrc=CATF_8981
cmqpi95p9092idqwrvy59h2fw,Joie Mint Latch And Base AR in Thunder,Joie,Mint Latch And Base AR,skip-no-model,"model was empty, too long, or accessory-like",https://babylist.pxf.io/c/6560395/1160375/13580?prodsku=2715226&u=https%3A%2F%2Fwww.babylist.com%2Fgp%2Fjoie-mint-latch-and-base-ar-1769205934%2F77448%2F2715226&intsrc=CATF_8981
cmqpi8o3a08x6dqwrwndh0p4h,Joie Mint Latch Baseless Infant Car Seat in Dove,Joie,Mint Latch,update-existing-retailer,canonical infant car seat already exists; Babylist retailer fields were empty and have been backfilled,https://babylist.pxf.io/c/6560395/1160375/13580?prodsku=2419731&u=https%3A%2F%2Fwww.babylist.com%2Fgp%2Fjoie-baby-mint-latch-baseless-infant-car-seat%2F54936%2F2419731&intsrc=CATF_8981
cmqpi8nkm08x0dqwricnsbml6,Joie Mint Latch Baseless Infant Car Seat in Mocha,Joie,Mint Latch,skip-existing,canonical infant car seat already exists,https://babylist.pxf.io/c/6560395/1160375/13580?prodsku=2058425&u=https%3A%2F%2Fwww.babylist.com%2Fgp%2Fjoie-baby-mint-latch-baseless-infant-car-seat%2F54936%2F2058425&intsrc=CATF_8981
cmqpi8nu308x3dqwr7ik9ywrf,Joie Mint Latch Baseless Infant Car Seat in Shale Dark,Joie,Mint Latch,skip-existing,canonical infant car seat already exists,https://babylist.pxf.io/c/6560395/1160375/13580?prodsku=2419730&u=https%3A%2F%2Fwww.babylist.com%2Fgp%2Fjoie-baby-mint-latch-baseless-infant-car-seat%2F54936%2F2419730&intsrc=CATF_8981
cmqpi8nb708wxdqwrp6bl5swe,Joie Mint Latch Baseless Infant Car Seat in Thunder,Joie,Mint Latch,skip-existing,canonical infant car seat already exists,https://babylist.pxf.io/c/6560395/1160375/13580?prodsku=2041122&u=https%3A%2F%2Fwww.babylist.com%2Fgp%2Fjoie-baby-mint-latch-baseless-infant-car-seat%2F54936%2F2041122&intsrc=CATF_8981
cmqpi9707092xdqwr41qantpn,Joie Mint Latch Infant Car Seat in Forest,Joie,Mint Latch,skip-existing,canonical infant car seat already exists,https://babylist.pxf.io/c/6560395/1160375/13580?prodsku=2715254&u=https%3A%2F%2Fwww.babylist.com%2Fgp%2Fjoie-mint-latch-infant-car-seat%2F77454%2F2715254&intsrc=CATF_8981
cmqpi9d02094udqwru7l70gbj,Joie Rue Infant Car Seat with Base in Blush,Joie,Rue,skip-existing,canonical infant car seat already exists,https://babylist.pxf.io/c/6560395/1160375/13580?prodsku=2041119&u=https%3A%2F%2Fwww.babylist.com%2Fgp%2Fjoie-rue-infant-car-seat-with-base%2F54935%2F2041119&intsrc=CATF_8981
cmqpi9duw0953dqwrpabypro7,Joie Rue Infant Car Seat with Base in Dove,Joie,Rue,skip-existing,canonical infant car seat already exists,https://babylist.pxf.io/c/6560395/1160375/13580?prodsku=2419733&u=https%3A%2F%2Fwww.babylist.com%2Fgp%2Fjoie-rue-infant-car-seat-with-base%2F54935%2F2419733&intsrc=CATF_8981
cmqpi9e460956dqwrs3xckjyj,Joie Rue Infant Car Seat with Base in Forest,Joie,Rue,skip-existing,canonical infant car seat already exists,https://babylist.pxf.io/c/6560395/1160375/13580?prodsku=2715234&u=https%3A%2F%2Fwww.babylist.com%2Fgp%2Fjoie-rue-infant-car-seat-with-base%2F54935%2F2715234&intsrc=CATF_8981
cmqpi9dbn094xdqwrku037j5j,Joie Rue Infant Car Seat with Base in Mocha,Joie,Rue,skip-existing,canonical infant car seat already exists,https://babylist.pxf.io/c/6560395/1160375/13580?prodsku=2058423&u=https%3A%2F%2Fwww.babylist.com%2Fgp%2Fjoie-rue-infant-car-seat-with-base%2F54935%2F2058423&intsrc=CATF_8981
cmqpi9dl40950dqwrkzzjnufh,Joie Rue Infant Car Seat with Base in Shale Dark,Joie,Rue,skip-existing,canonical infant car seat already exists,https://babylist.pxf.io/c/6560395/1160375/13580?prodsku=2419732&u=https%3A%2F%2Fwww.babylist.com%2Fgp%2Fjoie-rue-infant-car-seat-with-base%2F54935%2F2419732&intsrc=CATF_8981
cmqpi9cqq094rdqwrtqf9uuua,Joie Rue Infant Car Seat with Base in Thunder,Joie,Rue,skip-existing,canonical infant car seat already exists,https://babylist.pxf.io/c/6560395/1160375/13580?prodsku=2041118&u=https%3A%2F%2Fwww.babylist.com%2Fgp%2Fjoie-rue-infant-car-seat-with-base%2F54935%2F2041118&intsrc=CATF_8981
cmqx4jaq9002l3a8ued1yztdz,"Maxi-Cosi Ambra Infant Car Seat, Caspian Caviar",Maxi-Cosi,Ambra,skip-existing,canonical infant car seat already exists,https://www.macrobaby.com/products/maxi-cosi-ambra-infant-car-seat-caspian-caviar?_j=taylormadebabyco.com
cmqx4jagg002i3a8ut2z5qpow,"Maxi-Cosi Ambra Infant Car Seat, Escargot",Maxi-Cosi,Ambra,skip-existing,canonical infant car seat already exists,https://www.macrobaby.com/products/maxi-cosi-ambra-infant-car-seat-escargot?_j=taylormadebabyco.com
cmqx4jazo002o3a8u2vtwua9t,"Maxi-Cosi Ambra Infant Car Seat, Truffle",Maxi-Cosi,Ambra,skip-existing,canonical infant car seat already exists,https://www.macrobaby.com/products/maxi-cosi-ambra-infant-car-seat-truffle?_j=taylormadebabyco.com
cmqx4j5g2000x3a8u6x08zpig,"Maxi-Cosi - Mico Luxe+ Infant Car Seat, Essential Green",Maxi-Cosi,Mico Luxe,skip-existing,canonical infant car seat already exists,https://www.macrobaby.com/products/maxi-cosi-mico-luxe-infant-car-seat-essential-green?_j=taylormadebabyco.com
cmqx4jhri004r3a8ucxpb7rnf,"Maxi-Cosi - Mico Luxe+ Infant Car Seat, Urban Wonder",Maxi-Cosi,Mico Luxe,skip-existing,canonical infant car seat already exists,https://www.macrobaby.com/products/maxi-cosi-mico-luxe-infant-car-seat-urban-wonderr?_j=taylormadebabyco.com
cmqpiowcx0dzidqwrf241jz4y,Maxi-Cosi Mico Pro+ Infant Car Seat in Sea Shadow,Maxi-Cosi,Mico Pro,skip-existing,canonical infant car seat already exists,https://babylist.pxf.io/c/6560395/1160375/13580?prodsku=2687825&u=https%3A%2F%2Fwww.babylist.com%2Fgp%2Fmaxi-cosi-mico-pro-infant-car-seat-8bdf76f7-1b69-47e7-89ac-325912aa274d%2F77692%2F2687825&intsrc=CATF_8981
cmqx4j6rr001c3a8uf3a0hl4y,"Maxi-Cosi - Mico Pro+ Infant Car Seat, Oyster Shell",Maxi-Cosi,Mico Pro,skip-existing,canonical infant car seat already exists,https://www.macrobaby.com/products/maxi-cosi-mico-pro-infant-car-seat-oyster-shell?_j=taylormadebabyco.com
cmqx4j83o001r3a8updl2xi71,"Maxi-Cosi - Mico Pro Infant Car Seat, Sea Drift",Maxi-Cosi,Mico Pro,skip-existing,canonical infant car seat already exists,https://www.macrobaby.com/products/maxi-cosi-mico-pro-infant-car-seat-sea-drift?_j=taylormadebabyco.com
cmqx4jcma00363a8uc8qe00pa,"Maxi-Cosi - Mico Pro Infant Car Seat, Seascape",Maxi-Cosi,Mico Pro,skip-existing,canonical infant car seat already exists,https://www.macrobaby.com/products/maxi-cosi-mico-pro-infant-car-seat-seascape?_j=taylormadebabyco.com
cmqx4j8d8001u3a8ub397hld1,"Maxi-Cosi - Mico Pro + Infant Car Seat, Sea Shadow",Maxi-Cosi,Mico Pro,skip-existing,canonical infant car seat already exists,https://www.macrobaby.com/products/maxi-cosi-mico-pro-infant-car-seat-sea-shadow?_j=taylormadebabyco.com
cmqx4ja70002f3a8ujz87aold,"Maxi-Cosi - Mico Pro Infant Car Seat, Sea Shadow",Maxi-Cosi,Mico Pro,skip-existing,canonical infant car seat already exists,https://www.macrobaby.com/products/maxi-cosi-mico-pro-infant-car-seat-sea-shadow-1?_j=taylormadebabyco.com
cmqx4jcvg00393a8u9s5230ek,"Maxi-Cosi - Peri 180 Rotating Infant Car Seat, Desert Wonder",Maxi-Cosi,Peri 180,skip-existing,canonical infant car seat already exists,https://www.macrobaby.com/products/maxi-cosi-peri-180-rotating-infant-car-seat-desert-wonder?_j=taylormadebabyco.com
cmqpioz820e0fdqwrvu35xe0h,Maxi-Cosi Peri 180 Rotating Infant Car Seat in Desert Wonder | 100% Recycled,Maxi-Cosi,Peri 180,update-existing-retailer,canonical infant car seat already exists; Babylist retailer fields were empty and have been backfilled,https://babylist.pxf.io/c/6560395/1160375/13580?prodsku=1929883&u=https%3A%2F%2Fwww.babylist.com%2Fgp%2Fmaxi-cosi-peri-180-rotating-infant-car-seat%2F50590%2F1929883&intsrc=CATF_8981
cmqpiozhi0e0idqwr1m6v03hc,Maxi-Cosi Peri 180 Rotating Infant Car Seat in Onyx Wonder | 100% Recycled,Maxi-Cosi,Peri 180,skip-existing,canonical infant car seat already exists,https://babylist.pxf.io/c/6560395/1160375/13580?prodsku=1929884&u=https%3A%2F%2Fwww.babylist.com%2Fgp%2Fmaxi-cosi-peri-180-rotating-infant-car-seat%2F50590%2F1929884&intsrc=CATF_8981
cmqx4j4dl000l3a8u26phazga,"Maxi-Cosi - Peri 180° Rotating Infant Car Seat Kindred Collection, Natural Heritage",Maxi-Cosi,Peri 180,skip-existing,canonical infant car seat already exists,https://www.macrobaby.com/products/maxi-cosi-peri-180-rotating-infant-car-seat-kindred-collection-natural-heritage?_j=taylormadebabyco.com
cmqx4jg6x00493a8uyiq7ge0y,"Maxi-Cosi - Peri 180° Rotating Infant Car Seat Kindred Collection, Onyx Heritage",Maxi-Cosi,Peri 180,skip-existing,canonical infant car seat already exists,https://www.macrobaby.com/products/maxi-cosi-peri-180-rotating-infant-car-seat-kindred-collection-onyx-heritage?_j=taylormadebabyco.com
cmqx4j43z000i3a8uw0soazwh,"Maxi-Cosi - Peri 180 Rotating Infant Car Seat, Onyx Wonder",Maxi-Cosi,Peri 180,skip-existing,canonical infant car seat already exists,https://www.macrobaby.com/products/maxi-cosi-peri-180-rotating-infant-car-seat-onyx-wonder?_j=taylormadebabyco.com
cmqpip4810e20dqwrvbqog2iv,Maxi-Cosi The Kindred Collection Peri 180 Rotating Infant Car Seat in Natural Heritage,Maxi-Cosi,Peri 180,skip-existing,canonical infant car seat already exists,https://babylist.pxf.io/c/6560395/1160375/13580?prodsku=2077028&u=https%3A%2F%2Fwww.babylist.com%2Fgp%2Fmaxi-cosi-the-kindred-collection-peri-180-rotating-infant-car-seat-1731350534%2F56028%2F2077028&intsrc=CATF_8981
cmqpip4hd0e23dqwr1k4hexfb,Maxi-Cosi The Kindred Collection Peri 180 Rotating Infant Car Seat in Onyx Heritage,Maxi-Cosi,Peri 180,skip-existing,canonical infant car seat already exists,https://babylist.pxf.io/c/6560395/1160375/13580?prodsku=2077029&u=https%3A%2F%2Fwww.babylist.com%2Fgp%2Fmaxi-cosi-the-kindred-collection-peri-180-rotating-infant-car-seat-1731350534%2F56028%2F2077029&intsrc=CATF_8981
cmqx4j68n00163a8uzv7pmif3,"Nuna - Pipa Aire Infant Car Seat, Biscotti",Nuna,PIPA Aire,skip-existing,canonical infant car seat already exists,https://www.macrobaby.com/products/nuna-pipa-aire-infant-car-seat-biscotti?_j=taylormadebabyco.com
cmqx4jbso002x3a8uk5kow5sb,"Nuna PIPA Aire Infant Car Seat + Pipa Series Base, Caviar",Nuna,PIPA Aire,skip-existing,canonical infant car seat already exists,https://www.macrobaby.com/products/nuna-pipa-aire-infant-car-seat-pipa-series-base-caviar?_j=taylormadebabyco.com
cmqpiv2540fx3dqwr1dve2p1u,Nuna PIPA aire rx in Biscotti,Nuna,PIPA aire rx,update-existing-retailer,canonical infant car seat already exists; Babylist retailer fields were empty and have been backfilled,https://babylist.pxf.io/c/6560395/1160375/13580?prodsku=2116079&u=https%3A%2F%2Fwww.babylist.com%2Fgp%2Fnuna-pipa-aire-rx%2F46282%2F2116079&intsrc=CATF_8981
cmqpiv2z60fxcdqwrejp6qxwk,Nuna PIPA aire rx in Caviar/Chocolate,Nuna,PIPA aire rx,skip-existing,canonical infant car seat already exists,https://babylist.pxf.io/c/6560395/1160375/13580?prodsku=2903587&u=https%3A%2F%2Fwww.babylist.com%2Fgp%2Fnuna-pipa-aire-rx%2F46282%2F2903587&intsrc=CATF_8981
cmqpiv2pg0fx9dqwrjschwx7l,Nuna PIPA aire rx in Cedar,Nuna,PIPA aire rx,skip-existing,canonical infant car seat already exists,https://babylist.pxf.io/c/6560395/1160375/13580?prodsku=2116080&u=https%3A%2F%2Fwww.babylist.com%2Fgp%2Fnuna-pipa-aire-rx%2F46282%2F2116080&intsrc=CATF_8981
cmqx4je6w003o3a8uo7r8rube,"Nuna - PIPA Aire RX Infant Car Seat + PIPA RELX Base with Load Leg, Cedar",Nuna,PIPA Aire rx,skip-existing,canonical infant car seat already exists,https://www.macrobaby.com/products/nuna-pipa-aire-rx-infant-car-seat-cedar?_j=taylormadebabyco.com
cmqx4jd4q003c3a8uy12p7j5u,"Nuna - Pipa Aire Rx Infant Car Seat & Relx Base, Biscotti",Nuna,PIPA Aire rx,skip-existing,canonical infant car seat already exists,https://www.macrobaby.com/products/nuna-pipa-aire-rx-infant-car-seat-relx-base-biscotti?_j=taylormadebabyco.com
cmqx4jdxj003l3a8uo28gypg6,"Nuna - Pipa Aire Rx Infant Car Seat With Base, Caviar",Nuna,PIPA Aire rx,skip-existing,canonical infant car seat already exists,https://www.macrobaby.com/products/nuna-pipa-aire-rx-infant-car-seat-with-base-caviar?_j=taylormadebabyco.com
cmqx4jc2e00303a8uttyo0qw5,Nuna - Pipa Aire Rx Infant Car Seat With Base Granite,Nuna,PIPA Aire rx,skip-existing,canonical infant car seat already exists,https://www.macrobaby.com/products/nuna-pipa-aire-rx-infant-car-seat-with-base-granite?_j=taylormadebabyco.com
cmqpiv2ev0fx6dqwrrgv7i9m7,Nuna PIPA aire rx in Granite,Nuna,PIPA aire rx,skip-existing,canonical infant car seat already exists,https://babylist.pxf.io/c/6560395/1160375/13580?prodsku=1871696&u=https%3A%2F%2Fwww.babylist.com%2Fgp%2Fnuna-pipa-aire-rx%2F46282%2F1871696&intsrc=CATF_8981
cmqpiv4ya0fxxdqwrauozqntt,Nuna PIPA rx in Caviar/Cognac,Nuna,PIPA rx,update-existing-retailer,canonical infant car seat already exists; Babylist retailer fields were empty and have been backfilled,https://babylist.pxf.io/c/6560395/1160375/13580?prodsku=310275&u=https%3A%2F%2Fwww.babylist.com%2Fgp%2Fnuna-pipa-rx%2F16140%2F310275&intsrc=CATF_8981
cmqpiv5t70fy6dqwr4sek0u3h,Nuna PIPA rx in Cedar,Nuna,PIPA rx,skip-existing,canonical infant car seat already exists,https://babylist.pxf.io/c/6560395/1160375/13580?prodsku=2116081&u=https%3A%2F%2Fwww.babylist.com%2Fgp%2Fnuna-pipa-rx%2F16140%2F2116081&intsrc=CATF_8981
cmqx4j29c00003a8u9tntdcgw,"Nuna - PIPA RX Infant Car Seat + RELX Base with Load Leg, Caviar",Nuna,PIPA RX,skip-existing,canonical infant car seat already exists,https://www.macrobaby.com/products/nuna-pipa-rx-infant-car-seat-relx-base-with-load-leg-caviar?_j=taylormadebabyco.com
cmqx4jfnk00433a8uqs33qfxk,"Nuna - PIPA RX Infant Car Seat + RELX Base with Load Leg, Granite",Nuna,PIPA RX,skip-existing,canonical infant car seat already exists,https://www.macrobaby.com/products/nuna-pipa-rx-infant-car-seat-relx-base-with-load-leg-granite?_j=taylormadebabyco.com
cmqx4j9xg002c3a8u1dfpzzsc,"Nuna Pipa Rx Infant Car Seat with Base, Caviar/Chocolate",Nuna,PIPA RX,skip-existing,canonical infant car seat already exists,https://www.macrobaby.com/products/nuna-pipa-rx-infant-car-seat-with-base-caviar-chocolate?_j=taylormadebabyco.com
cmqpiv57u0fy0dqwrayzpz5r9,Nuna PIPA rx in Granite,Nuna,PIPA rx,skip-existing,canonical infant car seat already exists,https://babylist.pxf.io/c/6560395/1160375/13580?prodsku=310276&u=https%3A%2F%2Fwww.babylist.com%2Fgp%2Fnuna-pipa-rx%2F16140%2F310276&intsrc=CATF_8981
cmqpiv62p0fy9dqwrh6pd72dw,Nuna PIPA rx in Macaron,Nuna,PIPA rx,skip-existing,canonical infant car seat already exists,https://babylist.pxf.io/c/6560395/1160375/13580?prodsku=2332452&u=https%3A%2F%2Fwww.babylist.com%2Fgp%2Fnuna-pipa-rx%2F16140%2F2332452&intsrc=CATF_8981
cmqpiv5jt0fy3dqwrc9ts9rex,Nuna PIPA rx in Pine,Nuna,PIPA rx,skip-existing,canonical infant car seat already exists,https://babylist.pxf.io/c/6560395/1160375/13580?prodsku=1198579&u=https%3A%2F%2Fwww.babylist.com%2Fgp%2Fnuna-pipa-rx%2F16140%2F1198579&intsrc=CATF_8981
cmqx4jgz4004i3a8u48ap028d,"Orbit Baby - G5+ Rotating Infant Car Seat, Mélange Flax",Orbit Baby,G5,skip-existing,canonical infant car seat already exists,https://www.macrobaby.com/products/orbit-baby-g5-rotating-infant-car-seat-melange-flax?_j=taylormadebabyco.com
cmqpiwzj10giodqwrpuhvfvhv,Peg Perego PEG Primo Viaggio Lounge in Mon Amour,Peg Perego,Primo Viaggio Lounge,update-existing-retailer,canonical infant car seat already exists; Babylist retailer fields were empty and have been backfilled,https://babylist.pxf.io/c/6560395/1160375/13580?prodsku=2272328&u=https%3A%2F%2Fwww.babylist.com%2Fgp%2Fpeg-perego-peg-primo-viaggio-lounge-reclining-rear-facing-infant-car-seat%2F68707%2F2272328&intsrc=CATF_8981
cmqpiwzt10girdqwrsdh06fjq,Peg Perego PEG Primo Viaggio Lounge in True Black,Peg Perego,Primo Viaggio Lounge,skip-existing,canonical infant car seat already exists,https://babylist.pxf.io/c/6560395/1160375/13580?prodsku=2272330&u=https%3A%2F%2Fwww.babylist.com%2Fgp%2Fpeg-perego-peg-primo-viaggio-lounge-reclining-rear-facing-infant-car-seat%2F68707%2F2272330&intsrc=CATF_8981
cmqpix0bn0gixdqwrn1im3b6x,Peg Perego PEG Primo Viaggio Nido in Mon Amour,Peg Perego,Primo Viaggio Nido,update-existing-retailer,canonical infant car seat already exists; Babylist retailer fields were empty and have been backfilled,https://babylist.pxf.io/c/6560395/1160375/13580?prodsku=2272334&u=https%3A%2F%2Fwww.babylist.com%2Fgp%2Fpeg-perego-peg-primo-viaggio-nido-rear-facing-infant-car-seat%2F68708%2F2272334&intsrc=CATF_8981
cmqpix02b0giudqwr5wm5roek,Peg Perego PEG Primo Viaggio Nido in True Black,Peg Perego,Primo Viaggio Nido,skip-existing,canonical infant car seat already exists,https://babylist.pxf.io/c/6560395/1160375/13580?prodsku=2272333&u=https%3A%2F%2Fwww.babylist.com%2Fgp%2Fpeg-perego-peg-primo-viaggio-nido-rear-facing-infant-car-seat%2F68708%2F2272333&intsrc=CATF_8981
cmqpiya600gxidqwrun11lt5y,Romer Juni Infant Car Seat with Versa Base in Pearl | Recycled,Romer,Juni,update-existing-retailer,canonical infant car seat already exists; Babylist retailer fields were empty and have been backfilled,https://babylist.pxf.io/c/6560395/1160375/13580?prodsku=2262750&u=https%3A%2F%2Fwww.babylist.com%2Fgp%2Fromer-juni-infant-car-seat-with-versa-base%2F68665%2F2262750&intsrc=CATF_8981
cmqpiyafd0gxldqwrhzmh3lpy,Romer Juni Infant Car Seat with Versa Base in Peppercorn | Recycled,Romer,Juni,skip-existing,canonical infant car seat already exists,https://babylist.pxf.io/c/6560395/1160375/13580?prodsku=2262751&u=https%3A%2F%2Fwww.babylist.com%2Fgp%2Fromer-juni-infant-car-seat-with-versa-base%2F68665%2F2262751&intsrc=CATF_8981
cmqpiyaoh0gxodqwres6v76hg,Romer Juni Infant Car Seat with Versa Base in Truffle | Recycled,Romer,Juni,skip-existing,canonical infant car seat already exists,https://babylist.pxf.io/c/6560395/1160375/13580?prodsku=2262752&u=https%3A%2F%2Fwww.babylist.com%2Fgp%2Fromer-juni-infant-car-seat-with-versa-base%2F68665%2F2262752&intsrc=CATF_8981
cmqpiyj500h0cdqwrxa4raweg,Safety 1st onBoard FLX Infant Car Seat in Lake Blue 2,Safety 1st,onBoard FLX,update-existing-retailer,canonical infant car seat already exists; Babylist retailer fields were empty and have been backfilled,https://babylist.pxf.io/c/6560395/1160375/13580?prodsku=2794314&u=https%3A%2F%2Fwww.babylist.com%2Fgp%2Fsafety-1st-onboard-flx-infant-car-seat%2F78433%2F2794314&intsrc=CATF_8981
cmqpiyivm0h09dqwrgraiwogk,Safety 1st onBoard FLX Infant Car Seat in Monument,Safety 1st,onBoard FLX,skip-existing,canonical infant car seat already exists,https://babylist.pxf.io/c/6560395/1160375/13580?prodsku=2794313&u=https%3A%2F%2Fwww.babylist.com%2Fgp%2Fsafety-1st-onboard-flx-infant-car-seat%2F78433%2F2794313&intsrc=CATF_8981
cmqx4j3u8000f3a8ujrx7yx2c,"Uppababy - Aria Infant Car Seat, Anthony (Light Grey)",UPPAbaby,Aria,skip-existing,canonical infant car seat already exists,https://www.macrobaby.com/products/uppababy-aria-infant-car-seat-anthony-light-grey?_j=taylormadebabyco.com
cmqx4j567000u3a8u8kfw6iaw,"Uppababy - Aria Infant Car Seat, Jake (Charcoal)",UPPAbaby,Aria,skip-existing,canonical infant car seat already exists,https://www.macrobaby.com/products/uppababy-aria-infant-car-seat-jake-charcoal?_j=taylormadebabyco.com
cmqpj8eam0k4odqwrkon8bql3,UPPAbaby Aria V2 in Ada,UPPAbaby,Aria V2,update-existing-retailer,canonical infant car seat already exists; Babylist retailer fields were empty and have been backfilled,https://babylist.pxf.io/c/6560395/1160375/13580?prodsku=2848459&u=https%3A%2F%2Fwww.babylist.com%2Fgp%2Fuppababy-aria-v2%2F75212%2F2848459&intsrc=CATF_8981
cmqpj8drw0k4idqwrbpihfmjs,UPPAbaby Aria V2 in Callum,UPPAbaby,Aria V2,skip-existing,canonical infant car seat already exists,https://babylist.pxf.io/c/6560395/1160375/13580?prodsku=2575169&u=https%3A%2F%2Fwww.babylist.com%2Fgp%2Fuppababy-aria-v2%2F75212%2F2575169&intsrc=CATF_8981
cmqpj8e190k4ldqwrfr1f8wfx,UPPAbaby Aria V2 in Evelyn,UPPAbaby,Aria V2,skip-existing,canonical infant car seat already exists,https://babylist.pxf.io/c/6560395/1160375/13580?prodsku=2575170&u=https%3A%2F%2Fwww.babylist.com%2Fgp%2Fuppababy-aria-v2%2F75212%2F2575170&intsrc=CATF_8981
cmqx4j8w900203a8udpqaqiom,"Uppababy Aria V2 Infant Car Seat Ada, Sandstone Melange | Chestnut Leather",UPPAbaby,Aria V2,skip-existing,canonical infant car seat already exists,https://www.macrobaby.com/products/uppababy-aria-v2-infant-car-seat-ada-sandstone-melange-chestnut-leather?_j=taylormadebabyco.com
cmqpj8d930k4cdqwr3tjafyap,UPPAbaby Aria V2 in Greyson,UPPAbaby,Aria V2,skip-existing,canonical infant car seat already exists,https://babylist.pxf.io/c/6560395/1160375/13580?prodsku=2575166&u=https%3A%2F%2Fwww.babylist.com%2Fgp%2Fuppababy-aria-v2%2F75212%2F2575166&intsrc=CATF_8981
cmqpj8czs0k49dqwrzyghn50z,UPPAbaby Aria V2 in Jake,UPPAbaby,Aria V2,skip-existing,canonical infant car seat already exists,https://babylist.pxf.io/c/6560395/1160375/13580?prodsku=2575165&u=https%3A%2F%2Fwww.babylist.com%2Fgp%2Fuppababy-aria-v2%2F75212%2F2575165&intsrc=CATF_8981
cmqpj8die0k4fdqwr82lvy6l3,UPPAbaby Aria V2 in Savannah,UPPAbaby,Aria V2,skip-existing,canonical infant car seat already exists,https://babylist.pxf.io/c/6560395/1160375/13580?prodsku=2575167&u=https%3A%2F%2Fwww.babylist.com%2Fgp%2Fuppababy-aria-v2%2F75212%2F2575167&intsrc=CATF_8981
cmqx4jde8003f3a8u51b5qac9,"Uppababy - Aria V2 Lightweight Infant Car Seat, Callum/Dillan (Stone Blue)",UPPAbaby,Aria V2,skip-existing,canonical infant car seat already exists,https://www.macrobaby.com/products/uppababy-aria-v2-lightweight-infant-car-seat-callum-dillan-stone-blue?_j=taylormadebabyco.com
cmqx4j71f001f3a8u4siy66dv,"Uppababy - Aria V2 Lightweight Infant Car Seat, Declan (Oat Melange)",UPPAbaby,Aria V2,skip-existing,canonical infant car seat already exists,https://www.macrobaby.com/products/uppababy-aria-v2-lightweight-infant-car-seat-declan-oat-melange?_j=taylormadebabyco.com
cmqx4jbiz002u3a8ukza29hfy,"Uppababy - Aria V2 Lightweight Infant Car Seat, Evelyn (Meadow Green)",UPPAbaby,Aria V2,skip-existing,canonical infant car seat already exists,https://www.macrobaby.com/products/uppababy-aria-v2-lightweight-infant-car-seat-evelyn-meadow-green?_j=taylormadebabyco.com
cmqx4j95h00233a8ugw8r5pua,"Uppababy - Aria V2 Lightweight Infant Car Seat, Greyson (Charcoal Melange)",UPPAbaby,Aria V2,skip-existing,canonical infant car seat already exists,https://www.macrobaby.com/products/uppababy-aria-v2-lightweight-infant-car-seat-greyson-charcoal-melange?_j=taylormadebabyco.com
cmqx4j9es00263a8uq6lglgz8,"Uppababy - Aria V2 Lightweight Infant Car Seat, Jake (Charcoal)",UPPAbaby,Aria V2,skip-existing,canonical infant car seat already exists,https://www.macrobaby.com/products/uppababy-aria-v2-lightweight-infant-car-seat-jake-charcoal?_j=taylormadebabyco.com
cmqx4jfd300403a8uhvucpdof,"Uppababy Aria V2 Lightweight Infant Car Seat, James (Black)",UPPAbaby,Aria V2,skip-existing,canonical infant car seat already exists,https://www.macrobaby.com/products/uppababy-aria-v2-lightweight-infant-car-seat-james-black?_j=taylormadebabyco.com
cmqx4jegp003r3a8un25b5htz,"Uppababy - Aria V2 Lightweight Infant Car Seat, Savannah (Pearl Gray Melange)",UPPAbaby,Aria V2,skip-existing,canonical infant car seat already exists,https://www.macrobaby.com/products/uppababy-aria-v2-lightweight-infant-car-seat-savannah-pearl-gray-melange?_j=taylormadebabyco.com
cmqpib6lr09pfdqwrowxacef0,UPPAbaby Mesa V3 in Ada,UPPAbaby,Mesa V3,update-existing-retailer,canonical infant car seat already exists; Babylist retailer fields were empty and have been backfilled,https://babylist.pxf.io/c/6560395/1160375/13580?prodsku=2848462&u=https%3A%2F%2Fwww.babylist.com%2Fgp%2Fuppababy-mesa-v3%2F74913%2F2848462&intsrc=CATF_8981
cmqpib6c509pcdqwrpevndk5y,UPPAbaby Mesa V3 in Evelyn,UPPAbaby,Mesa V3,skip-existing,canonical infant car seat already exists,https://babylist.pxf.io/c/6560395/1160375/13580?prodsku=2652217&u=https%3A%2F%2Fwww.babylist.com%2Fgp%2Fuppababy-mesa-v3%2F74913%2F2652217&intsrc=CATF_8981
cmqx4jfxa00463a8ubcqlny3d,UPPAbaby - Mesa V3 Infant Car Seat - Ada,UPPAbaby,Mesa V3,skip-existing,canonical infant car seat already exists,https://www.macrobaby.com/products/uppababy-mesa-v3-infant-car-seat-ada?_j=taylormadebabyco.com
cmqx4j9o400293a8u1p7lt23w,"Uppababy Mesa V3 Infant Car Seat Ada, Sandstone Melange | Chestnut Leather",UPPAbaby,Mesa V3,skip-existing,canonical infant car seat already exists,https://www.macrobaby.com/products/uppababy-mesa-v3-infant-car-seat-ada-sandstone-melange-chestnut-leather?_j=taylormadebabyco.com
cmqx4jeq9003u3a8ud0ae4ufa,"Uppababy - Mesa V3 Infant Car Seat, Callum/Dillan (Stone Blue)",UPPAbaby,Mesa V3,skip-existing,canonical infant car seat already exists,https://www.macrobaby.com/products/uppababy-mesa-v3-infant-car-seat-callum-dillan-stone-blue?_j=taylormadebabyco.com
cmqx4jgpq004f3a8uqx5jmzt7,"Uppababy - Mesa V3 Infant Car Seat, Declan (Oat Mélange)",UPPAbaby,Mesa V3,skip-existing,canonical infant car seat already exists,https://www.macrobaby.com/products/uppababy-mesa-v3-infant-car-seat-declan-oat-melange?_j=taylormadebabyco.com
cmqx4jhi0004o3a8u0t6ul2l3,"Uppababy - Mesa V3 Infant Car Seat, Evelyn (Meadow Green)",UPPAbaby,Mesa V3,skip-existing,canonical infant car seat already exists,https://www.macrobaby.com/products/uppababy-mesa-v3-infant-car-seat-evelyn-meadow-green?_j=taylormadebabyco.com
cmqx4j5zc00133a8ui7n3jbx1,"Uppababy - Mesa V3 Infant Car Seat, Greyson (Charcoal Mélange)",UPPAbaby,Mesa V3,skip-existing,canonical infant car seat already exists,https://www.macrobaby.com/products/uppababy-mesa-v3-infant-car-seat-greyson-charcoal-melange?_j=taylormadebabyco.com
cmqx4jf22003x3a8udc03jk2i,"Uppababy Mesa V3 Infant Car Seat, James (Black)",UPPAbaby,Mesa V3,skip-existing,canonical infant car seat already exists,https://www.macrobaby.com/products/uppababy-mesa-v3-infant-car-seat-james-black?_j=taylormadebabyco.com
cmqx4j3b900093a8uskdz1e3s,"Uppababy - Mesa V3 Infant Car Seat, Savannah (Pearl Gray Jacquard)",UPPAbaby,Mesa V3,skip-existing,canonical infant car seat already exists,https://www.macrobaby.com/products/uppababy-mesa-v3-infant-car-seat-savannah-pearl-gray-jacquard?_j=taylormadebabyco.com
cmqpib5td09p6dqwrgyhgn4ik,UPPAbaby Mesa V3 in Greyson,UPPAbaby,Mesa V3,skip-existing,canonical infant car seat already exists,https://babylist.pxf.io/c/6560395/1160375/13580?prodsku=2528374&u=https%3A%2F%2Fwww.babylist.com%2Fgp%2Fuppababy-mesa-v3%2F74913%2F2528374&intsrc=CATF_8981
cmqpib62m09p9dqwrilcfi1zl,UPPAbaby Mesa V3 in Savannah,UPPAbaby,Mesa V3,skip-existing,canonical infant car seat already exists,https://babylist.pxf.io/c/6560395/1160375/13580?prodsku=2528376&u=https%3A%2F%2Fwww.babylist.com%2Fgp%2Fuppababy-mesa-v3%2F74913%2F2528376&intsrc=CATF_8981
