brand,model,gbgPrice,originalPrice,pctOff,inStock,gbgTitle,url
Silver Cross,Wave,149.36,1399.99,89,true,"Silver Cross Wave Stroller, Eclipse, Unknown Year",https://goodbuygear.pxf.io/c/6560395/3226197/40600?prodsku=42266255130727&u=https%3A%2F%2Fgoodbuygear.com%2Fproducts%2Fdraft-silver-cross-wave-stroller-eclipse-unknown-year&intsrc=APIG_26298
Silver Cross,Wave,232.74,1399.99,83,true,"Silver Cross Wave Stroller, Sable, Unknown Year",https://goodbuygear.pxf.io/c/6560395/3226197/40600?prodsku=42345622765671&u=https%3A%2F%2Fgoodbuygear.com%2Fproducts%2Fsilver-cross-wave-stroller-sable-unknown-year-1&intsrc=APIG_26298
Cybex,Coya,157.62,599.95,74,true,"Cybex Coya Stroller, Cozy Beige, Matte Black, unknown",https://goodbuygear.pxf.io/c/6560395/3226197/40600?prodsku=43734534717543&u=https%3A%2F%2Fgoodbuygear.com%2Fproducts%2Fcybex-coya-stroller-cozy-beige-matte-black-unknown&intsrc=APIG_26298
Cybex,Coya,299.95,999.95,70,true,"Cybex Coya Stroller, 2023, Matte Black, We The Best x DJ Khaled",https://goodbuygear.pxf.io/c/6560395/3226197/40600?prodsku=43839404605543&u=https%3A%2F%2Fgoodbuygear.com%2Fproducts%2Fcybex-coya-stroller-2023-matte-black-we-the-best-x-dj-khaled&intsrc=APIG_26298
Cybex,Coya,299.95,999.95,70,true,"Cybex Coya Stroller, 2023, Matte Black, Rockstar (Red)",https://goodbuygear.pxf.io/c/6560395/3226197/40600?prodsku=43839405654119&u=https%3A%2F%2Fgoodbuygear.com%2Fproducts%2Fcybex-coya-stroller-2023-matte-black-rockstar-red&intsrc=APIG_26298
Orbit Baby,G5,395.99,1165,66,true,"Orbit Baby G5 Stroller, 2024, Black, Rose Gold",https://goodbuygear.pxf.io/c/6560395/3226197/40600?prodsku=43941423415399&u=https%3A%2F%2Fgoodbuygear.com%2Fproducts%2Forbit-baby-g5-stroller-2024-black-rose-gold&intsrc=APIG_26298
Cybex,Coya,216.99,599.95,64,true,"Cybex Coya Stroller, 2024, Peach Pink, Rose Gold",https://goodbuygear.pxf.io/c/6560395/3226197/40600?prodsku=43836456304743&u=https%3A%2F%2Fgoodbuygear.com%2Fproducts%2Fcybex-coya-stroller-2024-peach-pink-rose-gold-1&intsrc=APIG_26298
Cybex,Coya,226.99,599.95,62,true,"Cybex Coya Stroller, 2024, Mirage Grey, Rose Gold",https://goodbuygear.pxf.io/c/6560395/3226197/40600?prodsku=43838887788647&u=https%3A%2F%2Fgoodbuygear.com%2Fproducts%2Fcybex-coya-stroller-2024-mirage-grey-rose-gold-4&intsrc=APIG_26298
Cybex,Coya,226.99,599.95,62,true,"Cybex Coya Stroller, 2023, Off White, Rose Gold",https://goodbuygear.pxf.io/c/6560395/3226197/40600?prodsku=43417185812583&u=https%3A%2F%2Fgoodbuygear.com%2Fproducts%2Fcybex-coya-stroller-2023-off-white-rose-gold-6&intsrc=APIG_26298
Cybex,Balios S Lux,274.35,699.95,61,true,"Cybex Balios S Lux Stroller, 2024, Lava Grey, Silver Frame",https://goodbuygear.pxf.io/c/6560395/3226197/40600?prodsku=43743278137447&u=https%3A%2F%2Fgoodbuygear.com%2Fproducts%2Fcybex-balios-s-lux-stroller-2024-lava-grey-silver-frame&intsrc=APIG_26298
Mompush,Wiz,66.99,169.99,61,true,"Mompush Wiz Stroller, 2025, Black",https://goodbuygear.pxf.io/c/6560395/3226197/40600?prodsku=43960675270759&u=https%3A%2F%2Fgoodbuygear.com%2Fproducts%2Fmompush-wiz-stroller-2025-black-11&intsrc=APIG_26298
Mompush,Wiz,66.99,169.99,61,true,"Mompush Wiz Stroller, 2025, Khaki",https://goodbuygear.pxf.io/c/6560395/3226197/40600?prodsku=43941569593447&u=https%3A%2F%2Fgoodbuygear.com%2Fproducts%2Fmompush-wiz-stroller-2025-khaki-11&intsrc=APIG_26298
Cybex,MIOS,359.99,899.95,60,true,"Cybex MIOS Stroller, 2024, Mirage Grey, Rose Gold",https://goodbuygear.pxf.io/c/6560395/3226197/40600?prodsku=43831615651943&u=https%3A%2F%2Fgoodbuygear.com%2Fproducts%2Fcybex-mios-stroller-2024-mirage-grey-rose-gold-4&intsrc=APIG_26298
Mompush,Meteor 2,77.27,189.99,59,true,"Mompush Meteor 2 Stroller, 2025, Black, Black Frame",https://goodbuygear.pxf.io/c/6560395/3226197/40600?prodsku=43812107911271&u=https%3A%2F%2Fgoodbuygear.com%2Fproducts%2Fmompush-meteor-2-stroller-2025-black-black-frame-2&intsrc=APIG_26298
Cybex,Coya,254.99,599.95,57,true,"Cybex Coya Stroller, 2024, Rose Gold, Sepia Black",https://goodbuygear.pxf.io/c/6560395/3226197/40600?prodsku=43942057869415&u=https%3A%2F%2Fgoodbuygear.com%2Fproducts%2Fcybex-coya-stroller-2024-rose-gold-sepia-black-15&intsrc=APIG_26298
Baby Jogger,City Mini Air,230.13,519.99,56,true,"Baby Jogger City Mini Air Lightweight Stroller, 2024, Rich Black",https://goodbuygear.pxf.io/c/6560395/3226197/40600?prodsku=42271739412583&u=https%3A%2F%2Fgoodbuygear.com%2Fproducts%2Fbaby-jogger-city-mini-air-lightweight-stroller-2024-rich-black-20&intsrc=APIG_26298
Mompush,Lithe V2,80.99,179.99,55,true,"Mompush Lithe V2 Stroller, Forest, unknown",https://goodbuygear.pxf.io/c/6560395/3226197/40600?prodsku=43842998173799&u=https%3A%2F%2Fgoodbuygear.com%2Fproducts%2Fmompush-lithe-v2-stroller-forest-unknown&intsrc=APIG_26298
Mompush,Wiz,76.99,169.99,55,true,"Mompush Wiz Stroller, 2024, Grey",https://goodbuygear.pxf.io/c/6560395/3226197/40600?prodsku=43869178232935&u=https%3A%2F%2Fgoodbuygear.com%2Fproducts%2Fmompush-wiz-stroller-2024-grey-1&intsrc=APIG_26298
Mompush,Lithe V2,80.99,179.99,55,true,"Mompush Lithe V2 Stroller, 2026, Black",https://goodbuygear.pxf.io/c/6560395/3226197/40600?prodsku=44105631400039&u=https%3A%2F%2Fgoodbuygear.com%2Fproducts%2Fmompush-lithe-v2-stroller-2026-black-19&intsrc=APIG_26298
Mompush,Wiz,76.99,169.99,55,true,"Mompush Wiz Stroller, 2025, Sage",https://goodbuygear.pxf.io/c/6560395/3226197/40600?prodsku=43946627268711&u=https%3A%2F%2Fgoodbuygear.com%2Fproducts%2Fmompush-wiz-stroller-2025-sage-9&intsrc=APIG_26298
Silver Cross,Wave,629.99,1399.99,55,true,"Silver Cross Wave Stroller, Lunar, Unknown Year",https://goodbuygear.pxf.io/c/6560395/3226197/40600?prodsku=44112659316839&u=https%3A%2F%2Fgoodbuygear.com%2Fproducts%2Fsilver-cross-wave-stroller-lunar-unknown-year-1&intsrc=APIG_26298
Cybex,MIOS,252.99,549.95,54,true,"Cybex MIOS Stroller, 2019, Deep Black, Matte Black",https://goodbuygear.pxf.io/c/6560395/3226197/40600?prodsku=41840695574631&u=https%3A%2F%2Fgoodbuygear.com%2Fproducts%2Fcybex-mios-stroller-2019-deep-black-matte-black&intsrc=APIG_26298
Graco,Modes Pramette,114.71,249.99,54,true,"Graco Modes Pramette Stroller, 2025, Lilac Mod",https://goodbuygear.pxf.io/c/6560395/3226197/40600?prodsku=43839403786343&u=https%3A%2F%2Fgoodbuygear.com%2Fproducts%2Fgraco-modes-pramette-stroller-2025-lilac-mod&intsrc=APIG_26298
Romer,Tura,388.38,849.99,54,true,"Romer Tura Stroller, 2024, Peppercorn",https://goodbuygear.pxf.io/c/6560395/3226197/40600?prodsku=41908223541351&u=https%3A%2F%2Fgoodbuygear.com%2Fproducts%2Fromer-tura-stroller-2024-peppercorn-1&intsrc=APIG_26298
Romer,Tura,388.38,849.99,54,true,"Romer Tura Stroller, 2024, Peppercorn",https://goodbuygear.pxf.io/c/6560395/3226197/40600?prodsku=41869783007335&u=https%3A%2F%2Fgoodbuygear.com%2Fproducts%2Fromer-tura-stroller-2024-peppercorn&intsrc=APIG_26298
Romer,Tura,388.38,849.99,54,true,"Romer Tura Stroller, 2024, Pearl",https://goodbuygear.pxf.io/c/6560395/3226197/40600?prodsku=41699024732263&u=https%3A%2F%2Fgoodbuygear.com%2Fproducts%2Fromer-tura-stroller-2024-pearl&intsrc=APIG_26298
Silver Cross,Reef 2,569.99,1199.99,53,true,"Silver Cross Reef 2 Stroller, 2025, Frappe",https://goodbuygear.pxf.io/c/6560395/3226197/40600?prodsku=44104746369127&u=https%3A%2F%2Fgoodbuygear.com%2Fproducts%2Fsilver-cross-reef-2-stroller-2025-frappe-3&intsrc=APIG_26298
Cybex,Coya,285,599.95,52,true,"Cybex Coya Stroller, 2024, Matte Black, Mirage Grey",https://goodbuygear.pxf.io/c/6560395/3226197/40600?prodsku=43861518286951&u=https%3A%2F%2Fgoodbuygear.com%2Fproducts%2Fcybex-coya-stroller-2024-matte-black-mirage-grey-1&intsrc=APIG_26298
Cybex,Coya,285,599.95,52,true,"Cybex Coya Stroller, 2024, Matte Black, Peach Pink",https://goodbuygear.pxf.io/c/6560395/3226197/40600?prodsku=43839608356967&u=https%3A%2F%2Fgoodbuygear.com%2Fproducts%2Fcybex-coya-stroller-2024-matte-black-peach-pink&intsrc=APIG_26298
Cybex,Coya,285,599.95,52,true,"Cybex Coya Stroller, 2023, Mirage Grey, Rose Gold",https://goodbuygear.pxf.io/c/6560395/3226197/40600?prodsku=42185508716647&u=https%3A%2F%2Fgoodbuygear.com%2Fproducts%2Fcybex-coya-stroller-2023-mirage-grey-rose-gold&intsrc=APIG_26298
Cybex,Coya,285,599.95,52,true,"Cybex Coya Stroller, 2023, Chrome, Sepia Black",https://goodbuygear.pxf.io/c/6560395/3226197/40600?prodsku=41826066366567&u=https%3A%2F%2Fgoodbuygear.com%2Fproducts%2Fcybex-coya-stroller-2023-chrome-sepia-black-2&intsrc=APIG_26298
Cybex,Coya,285,599.95,52,true,"Cybex Coya Stroller, 2024, Mirage Grey, Rose Gold",https://goodbuygear.pxf.io/c/6560395/3226197/40600?prodsku=41942429696103&u=https%3A%2F%2Fgoodbuygear.com%2Fproducts%2Fcybex-coya-stroller-2024-mirage-grey-rose-gold-1&intsrc=APIG_26298
Cybex,Coya,285,599.95,52,true,"Cybex Coya Stroller, 2023, Rose Gold, Mirage Grey",https://goodbuygear.pxf.io/c/6560395/3226197/40600?prodsku=42125266944103&u=https%3A%2F%2Fgoodbuygear.com%2Fproducts%2Fcybex-coya-stroller-2023-rose-gold-mirage-grey&intsrc=APIG_26298
Cybex,Coya,285,599.95,52,true,"Cybex Coya Stroller, 2023, Matte Black, Off White",https://goodbuygear.pxf.io/c/6560395/3226197/40600?prodsku=41678768570471&u=https%3A%2F%2Fgoodbuygear.com%2Fproducts%2Fcybex-coya-stroller-2023-matte-black-off-white-3&intsrc=APIG_26298
Cybex,Coya,285,599.95,52,true,"Cybex Coya Stroller, 2023, Off White, Rose Gold",https://goodbuygear.pxf.io/c/6560395/3226197/40600?prodsku=42283207065703&u=https%3A%2F%2Fgoodbuygear.com%2Fproducts%2Fcybex-coya-stroller-2023-off-white-rose-gold-4&intsrc=APIG_26298
Cybex,Coya,285,599.95,52,true,"Cybex Coya Stroller, 2023, Off White, Rose Gold",https://goodbuygear.pxf.io/c/6560395/3226197/40600?prodsku=43781456003175&u=https%3A%2F%2Fgoodbuygear.com%2Fproducts%2Fcybex-coya-stroller-2023-off-white-rose-gold-7&intsrc=APIG_26298
Cybex,Coya,285,599.95,52,true,"Cybex Coya Stroller, 2024, Mirage Grey, Rose Gold",https://goodbuygear.pxf.io/c/6560395/3226197/40600?prodsku=43791972958311&u=https%3A%2F%2Fgoodbuygear.com%2Fproducts%2Fcybex-coya-stroller-2024-mirage-grey-rose-gold-3&intsrc=APIG_26298
Cybex,Coya,285,599.95,52,true,"Cybex Coya Stroller, 2023, Matte Black, Mirage Grey",https://goodbuygear.pxf.io/c/6560395/3226197/40600?prodsku=41840596156519&u=https%3A%2F%2Fgoodbuygear.com%2Fproducts%2Fcybex-coya-stroller-2023-matte-black-mirage-grey-2&intsrc=APIG_26298
Cybex,Coya,285,599.95,52,true,"Cybex Coya Stroller, 2024, Mirage Grey, Rose Gold",https://goodbuygear.pxf.io/c/6560395/3226197/40600?prodsku=41869771898983&u=https%3A%2F%2Fgoodbuygear.com%2Fproducts%2Fcybex-coya-stroller-2024-mirage-grey-rose-gold&intsrc=APIG_26298
Cybex,Coya,285,599.95,52,true,"Cybex Coya Stroller, 2024, Chrome, Mirage Grey",https://goodbuygear.pxf.io/c/6560395/3226197/40600?prodsku=43838782472295&u=https%3A%2F%2Fgoodbuygear.com%2Fproducts%2Fcybex-coya-stroller-2024-chrome-mirage-grey&intsrc=APIG_26298
Cybex,Coya,285,599.95,52,true,"Cybex Coya Stroller, 2024, Chrome, Sepia Black",https://goodbuygear.pxf.io/c/6560395/3226197/40600?prodsku=43839899107431&u=https%3A%2F%2Fgoodbuygear.com%2Fproducts%2Fcybex-coya-stroller-2024-chrome-sepia-black-8&intsrc=APIG_26298
Graco,Modes Nest,208.99,429.99,51,true,"Graco Modes Nest Stroller, Nico, 2025",https://goodbuygear.pxf.io/c/6560395/3226197/40600?prodsku=42161910480999&u=https%3A%2F%2Fgoodbuygear.com%2Fproducts%2Fgraco-modes-nest-stroller-nico-2025&intsrc=APIG_26298
Silver Cross,Wave,690.99,1399.99,51,true,"Silver Cross Wave Stroller, 2023, Lunar",https://goodbuygear.pxf.io/c/6560395/3226197/40600?prodsku=41802507386983&u=https%3A%2F%2Fgoodbuygear.com%2Fproducts%2Fsilver-cross-wave-stroller-2023-lunar-5&intsrc=APIG_26298
Cybex,Coya,299.99,599.95,50,true,"Cybex Coya Stroller, Mirage Grey/Dark Grey, Rose Gold, unknown",https://goodbuygear.pxf.io/c/6560395/3226197/40600?prodsku=43941919883367&u=https%3A%2F%2Fgoodbuygear.com%2Fproducts%2Fdraft-cybex-coya-stroller-mirage-grey-dark-grey-rose-gold-unknown&intsrc=APIG_26298
Silver Cross,Reef 2,599.99,1199.99,50,true,"Silver Cross Reef 2 Stroller, 2024, Stone",https://goodbuygear.pxf.io/c/6560395/3226197/40600?prodsku=44111809904743&u=https%3A%2F%2Fgoodbuygear.com%2Fproducts%2Fsilver-cross-reef-2-stroller-2024-stone-1&intsrc=APIG_26298
Silver Cross,Reef 2,599.99,1199.99,50,true,"Silver Cross Reef 2 Stroller, 2023, Stone",https://goodbuygear.pxf.io/c/6560395/3226197/40600?prodsku=44111875604583&u=https%3A%2F%2Fgoodbuygear.com%2Fproducts%2Fsilver-cross-reef-2-stroller-2023-stone-2&intsrc=APIG_26298
Silver Cross,Reef 2,599.99,1199.99,50,true,"Silver Cross Reef 2 Stroller, 2024, Stone",https://goodbuygear.pxf.io/c/6560395/3226197/40600?prodsku=44114220613735&u=https%3A%2F%2Fgoodbuygear.com%2Fproducts%2Fsilver-cross-reef-2-stroller-2024-stone-2&intsrc=APIG_26298
Silver Cross,Reef 2,599.99,1199.99,50,true,"Silver Cross Reef 2 Stroller, 2025, Frappe",https://goodbuygear.pxf.io/c/6560395/3226197/40600?prodsku=44103240089703&u=https%3A%2F%2Fgoodbuygear.com%2Fproducts%2Fsilver-cross-reef-2-stroller-2025-frappe-2&intsrc=APIG_26298
Silver Cross,Reef 2,599.99,1199.99,50,true,"Silver Cross Reef 2 Stroller, 2025, Frappe",https://goodbuygear.pxf.io/c/6560395/3226197/40600?prodsku=44112250568807&u=https%3A%2F%2Fgoodbuygear.com%2Fproducts%2Fsilver-cross-reef-2-stroller-2025-frappe-4&intsrc=APIG_26298
Silver Cross,Reef 2,599.99,1199.99,50,true,"Silver Cross Reef 2 Stroller, 2024, Nocturne",https://goodbuygear.pxf.io/c/6560395/3226197/40600?prodsku=44112380035175&u=https%3A%2F%2Fgoodbuygear.com%2Fproducts%2Fsilver-cross-reef-2-stroller-2024-nocturne-3&intsrc=APIG_26298
Mompush,Meteor 2,95.99,189.99,49,true,"Mompush Meteor 2 Stroller, 2025, Black, Black Frame",https://goodbuygear.pxf.io/c/6560395/3226197/40600?prodsku=43786390896743&u=https%3A%2F%2Fgoodbuygear.com%2Fproducts%2Fmompush-meteor-2-stroller-2025-black-black-frame-1&intsrc=APIG_26298
Mompush,Lithe V2,90.99,179.99,49,true,"Mompush Lithe V2 Stroller, 2026, Black",https://goodbuygear.pxf.io/c/6560395/3226197/40600?prodsku=43865264783463&u=https%3A%2F%2Fgoodbuygear.com%2Fproducts%2Fmompush-lithe-v2-stroller-2026-black-13&intsrc=APIG_26298
Mompush,Lithe V2,90.99,179.99,49,true,"Mompush Lithe V2 Stroller, 2024, Grey",https://goodbuygear.pxf.io/c/6560395/3226197/40600?prodsku=44105592733799&u=https%3A%2F%2Fgoodbuygear.com%2Fproducts%2Fmompush-lithe-v2-stroller-2024-grey-4&intsrc=APIG_26298
Mompush,Meteor 2,95.99,189.99,49,true,"Mompush Meteor 2 Stroller, 2025, Black, Black Frame",https://goodbuygear.pxf.io/c/6560395/3226197/40600?prodsku=43962135216231&u=https%3A%2F%2Fgoodbuygear.com%2Fproducts%2Fmompush-meteor-2-stroller-2025-black-black-frame-3&intsrc=APIG_26298
Mompush,Wiz,88.99,169.99,48,true,"Mompush Wiz Stroller, 2025, Grey",https://goodbuygear.pxf.io/c/6560395/3226197/40600?prodsku=43861587296359&u=https%3A%2F%2Fgoodbuygear.com%2Fproducts%2Fmompush-wiz-stroller-2025-grey-4&intsrc=APIG_26298
Mompush,Wiz,88.99,169.99,48,true,"Mompush Wiz Stroller, 2025, Khaki",https://goodbuygear.pxf.io/c/6560395/3226197/40600?prodsku=43865146196071&u=https%3A%2F%2Fgoodbuygear.com%2Fproducts%2Fmompush-wiz-stroller-2025-khaki-7&intsrc=APIG_26298
Mompush,Wiz,88.99,169.99,48,true,"Mompush Wiz Stroller, 2025, Sage",https://goodbuygear.pxf.io/c/6560395/3226197/40600?prodsku=43865256886375&u=https%3A%2F%2Fgoodbuygear.com%2Fproducts%2Fmompush-wiz-stroller-2025-sage-7&intsrc=APIG_26298
Mompush,Wiz,88.99,169.99,48,true,"Mompush Wiz Stroller, 2025, Grey",https://goodbuygear.pxf.io/c/6560395/3226197/40600?prodsku=43785053864039&u=https%3A%2F%2Fgoodbuygear.com%2Fproducts%2Fmompush-wiz-stroller-2025-grey-2&intsrc=APIG_26298
Mompush,Wiz,88.99,169.99,48,true,"Mompush Wiz Stroller, 2025, Black",https://goodbuygear.pxf.io/c/6560395/3226197/40600?prodsku=43857959682151&u=https%3A%2F%2Fgoodbuygear.com%2Fproducts%2Fmompush-wiz-stroller-2025-black-7&intsrc=APIG_26298
Mompush,Wiz,88.99,169.99,48,true,"Mompush Wiz Stroller, 2025, Black",https://goodbuygear.pxf.io/c/6560395/3226197/40600?prodsku=44103313358951&u=https%3A%2F%2Fgoodbuygear.com%2Fproducts%2Fmompush-wiz-stroller-2025-black-13&intsrc=APIG_26298
Mompush,Wiz,88.99,169.99,48,true,"Mompush Wiz Stroller, 2025, Sage",https://goodbuygear.pxf.io/c/6560395/3226197/40600?prodsku=43847648444519&u=https%3A%2F%2Fgoodbuygear.com%2Fproducts%2Fmompush-wiz-stroller-2025-sage-6&intsrc=APIG_26298
Mompush,Wiz,88.99,169.99,48,true,"Mompush Wiz Stroller, 2025, Black",https://goodbuygear.pxf.io/c/6560395/3226197/40600?prodsku=43845176131687&u=https%3A%2F%2Fgoodbuygear.com%2Fproducts%2Fmompush-wiz-stroller-2025-black-5&intsrc=APIG_26298
Mompush,Wiz,88.99,169.99,48,true,"Mompush Wiz Stroller, 2025, Khaki",https://goodbuygear.pxf.io/c/6560395/3226197/40600?prodsku=43960439832679&u=https%3A%2F%2Fgoodbuygear.com%2Fproducts%2Fmompush-wiz-stroller-2025-khaki-13&intsrc=APIG_26298
Mompush,Wiz,88.99,169.99,48,true,"Mompush Wiz Stroller, 2025, Black",https://goodbuygear.pxf.io/c/6560395/3226197/40600?prodsku=43848014397543&u=https%3A%2F%2Fgoodbuygear.com%2Fproducts%2Fmompush-wiz-stroller-2025-black-6&intsrc=APIG_26298
Mompush,Wiz,88.99,169.99,48,true,"Mompush Wiz Stroller, 2025, Khaki",https://goodbuygear.pxf.io/c/6560395/3226197/40600?prodsku=43938262483047&u=https%3A%2F%2Fgoodbuygear.com%2Fproducts%2Fmompush-wiz-stroller-2025-khaki-10&intsrc=APIG_26298
Mompush,Wiz,88.99,169.99,48,true,"Mompush Wiz Stroller, 2025, Sage",https://goodbuygear.pxf.io/c/6560395/3226197/40600?prodsku=43843113812071&u=https%3A%2F%2Fgoodbuygear.com%2Fproducts%2Fmompush-wiz-stroller-2025-sage-5&intsrc=APIG_26298
Mompush,Wiz,88.99,169.99,48,true,"Mompush Wiz Stroller, 2025, Khaki",https://goodbuygear.pxf.io/c/6560395/3226197/40600?prodsku=43865292800103&u=https%3A%2F%2Fgoodbuygear.com%2Fproducts%2Fmompush-wiz-stroller-2025-khaki-8&intsrc=APIG_26298
Mompush,Wiz,88.99,169.99,48,true,"Mompush Wiz Stroller, 2025, Khaki",https://goodbuygear.pxf.io/c/6560395/3226197/40600?prodsku=43865876889703&u=https%3A%2F%2Fgoodbuygear.com%2Fproducts%2Fmompush-wiz-stroller-2025-khaki-9&intsrc=APIG_26298
Mompush,Wiz,88.99,169.99,48,true,"Mompush Wiz Stroller, 2025, Sage",https://goodbuygear.pxf.io/c/6560395/3226197/40600?prodsku=43945061777511&u=https%3A%2F%2Fgoodbuygear.com%2Fproducts%2Fmompush-wiz-stroller-2025-sage-8&intsrc=APIG_26298
Mompush,Wiz,88.99,169.99,48,true,"Mompush Wiz Stroller, 2025, Black",https://goodbuygear.pxf.io/c/6560395/3226197/40600?prodsku=43944589459559&u=https%3A%2F%2Fgoodbuygear.com%2Fproducts%2Fmompush-wiz-stroller-2025-black-10&intsrc=APIG_26298
Mompush,Wiz,88.99,169.99,48,true,"Mompush Wiz Stroller, Forest, unknown",https://goodbuygear.pxf.io/c/6560395/3226197/40600?prodsku=43948805750887&u=https%3A%2F%2Fgoodbuygear.com%2Fproducts%2Fmompush-wiz-stroller-forest-unknown-1&intsrc=APIG_26298
Mompush,Wiz,88.99,169.99,48,true,"Mompush Wiz Stroller, 2025, Sage",https://goodbuygear.pxf.io/c/6560395/3226197/40600?prodsku=44104745812071&u=https%3A%2F%2Fgoodbuygear.com%2Fproducts%2Fmompush-wiz-stroller-2025-sage-10&intsrc=APIG_26298
Mompush,Wiz,88.99,169.99,48,true,"Mompush Wiz Stroller, 2025, Grey",https://goodbuygear.pxf.io/c/6560395/3226197/40600?prodsku=43960873189479&u=https%3A%2F%2Fgoodbuygear.com%2Fproducts%2Fmompush-wiz-stroller-2025-grey-6&intsrc=APIG_26298
Cybex,Priam,634.45,1199.9,47,true,"Cybex PRIAM Stroller, Manhattan Grey, Rose Gold, unknown",https://goodbuygear.pxf.io/c/6560395/3226197/40600?prodsku=42180081647719&u=https%3A%2F%2Fgoodbuygear.com%2Fproducts%2Fcybex-priam-stroller-manhattan-grey-rose-gold-unknown&intsrc=APIG_26298
Cybex,e-Gazelle S,636.29,1199.95,47,true,"Cybex e-Gazelle S Stroller, 2024, Almond Beige, Black",https://goodbuygear.pxf.io/c/6560395/3226197/40600?prodsku=41571595583591&u=https%3A%2F%2Fgoodbuygear.com%2Fproducts%2Fcybex-e-gazelle-s-stroller-2024-almond-beige-black-7&intsrc=APIG_26298
Cybex,Priam,634.45,1199.9,47,true,"Cybex PRIAM Stroller, 2022, Chrome With Black Details, Nautical Blue",https://goodbuygear.pxf.io/c/6560395/3226197/40600?prodsku=41825415790695&u=https%3A%2F%2Fgoodbuygear.com%2Fproducts%2Fcybex-priam-stroller-2022-chrome-with-black-details-nautical-blue&intsrc=APIG_26298
Nuna,MIXX next,477.5,900,47,true,"Nuna MIXX Next Stroller, 2022, Caviar",https://goodbuygear.pxf.io/c/6560395/3226197/40600?prodsku=43845157617767&u=https%3A%2F%2Fgoodbuygear.com%2Fproducts%2Fnuna-mixx-next-stroller-2022-caviar-19&intsrc=APIG_26298
Silver Cross,Wave 3,907.99,1699.99,47,true,"Silver Cross Wave 3 Stroller, 2025, Caramel",https://goodbuygear.pxf.io/c/6560395/3226197/40600?prodsku=44112393535591&u=https%3A%2F%2Fgoodbuygear.com%2Fproducts%2Fsilver-cross-wave-3-stroller-2025-caramel-2&intsrc=APIG_26298
Cybex,Balios S Lux,381.75,699.95,45,true,"Cybex Balios S Lux Stroller, 2024, Black, Black Frame",https://goodbuygear.pxf.io/c/6560395/3226197/40600?prodsku=43845537300583&u=https%3A%2F%2Fgoodbuygear.com%2Fproducts%2Fcybex-balios-s-lux-stroller-2024-black-black-frame&intsrc=APIG_26298
Cybex,Balios S Lux,381.75,699.95,45,true,"Cybex Balios S Lux Stroller, 2020, Soho Grey, Silver Frame",https://goodbuygear.pxf.io/c/6560395/3226197/40600?prodsku=41830614401127&u=https%3A%2F%2Fgoodbuygear.com%2Fproducts%2Fcybex-balios-s-lux-stroller-2020-silver-frame-soho-grey&intsrc=APIG_26298
Graco,Modes Nest,235.54,429.99,45,true,"Graco Modes Nest Stroller, 2025, Sullivan",https://goodbuygear.pxf.io/c/6560395/3226197/40600?prodsku=43747047112807&u=https%3A%2F%2Fgoodbuygear.com%2Fproducts%2Fgraco-modes-nest-stroller-2025-sullivan&intsrc=APIG_26298
Graco,Modes Nest,235.54,429.99,45,true,"Graco Modes Nest Stroller, 2025, Sullivan",https://goodbuygear.pxf.io/c/6560395/3226197/40600?prodsku=43801395265639&u=https%3A%2F%2Fgoodbuygear.com%2Fproducts%2Fgraco-modes-nest-stroller-2025-sullivan-1&intsrc=APIG_26298
Graco,Modes Nest,235.59,429.99,45,true,"Graco Modes Nest Stroller, 2022, Raven",https://goodbuygear.pxf.io/c/6560395/3226197/40600?prodsku=43938066071655&u=https%3A%2F%2Fgoodbuygear.com%2Fproducts%2Fgraco-modes-nest-stroller-2022-raven&intsrc=APIG_26298
Zoe,The Journey,437.7,799,45,true,"Zoe The Journey Stroller, Black, 2024",https://goodbuygear.pxf.io/c/6560395/3226197/40600?prodsku=42345915744359&u=https%3A%2F%2Fgoodbuygear.com%2Fproducts%2Fzoe-the-journey-stroller-black-2024&intsrc=APIG_26298
Silver Cross,Wave 3,955.99,1699.99,44,true,"Silver Cross Wave 3 Stroller, 2024, Licorice",https://goodbuygear.pxf.io/c/6560395/3226197/40600?prodsku=44104939208807&u=https%3A%2F%2Fgoodbuygear.com%2Fproducts%2Fsilver-cross-wave-3-stroller-2024-licorice-21&intsrc=APIG_26298
WonderFold,W2 Elite Pro,337.99,599,44,true,"Wonderfold W2 Elite Pro Stroller Wagon, 2025, Charcoal Gray",https://goodbuygear.pxf.io/c/6560395/3226197/40600?prodsku=44115608928359&u=https%3A%2F%2Fgoodbuygear.com%2Fproducts%2Fwonderfold-w2-elite-pro-stroller-wagon-2025-charcoal-gray-1&intsrc=APIG_26298
Cybex,e-Gazelle S,690.99,1199.95,42,true,"Cybex e-Gazelle S Stroller, 2024, Almond Beige, Black",https://goodbuygear.pxf.io/c/6560395/3226197/40600?prodsku=43843438805095&u=https%3A%2F%2Fgoodbuygear.com%2Fproducts%2Fcybex-e-gazelle-s-stroller-2024-almond-beige-black-16&intsrc=APIG_26298
Mompush,Wiz,99.99,169.99,41,true,"Mompush Wiz Stroller, 2025, Grey",https://goodbuygear.pxf.io/c/6560395/3226197/40600?prodsku=43865432752231&u=https%3A%2F%2Fgoodbuygear.com%2Fproducts%2Fmompush-wiz-stroller-2025-grey-5&intsrc=APIG_26298
Mompush,Wiz,99.99,169.99,41,true,"Mompush Wiz Stroller, 2026, Sage",https://goodbuygear.pxf.io/c/6560395/3226197/40600?prodsku=43801210519655&u=https%3A%2F%2Fgoodbuygear.com%2Fproducts%2Fmompush-wiz-stroller-2026-sage-1&intsrc=APIG_26298
Mompush,Wiz,99.99,169.99,41,true,"Mompush Wiz Stroller, 2024, Black",https://goodbuygear.pxf.io/c/6560395/3226197/40600?prodsku=43938596782183&u=https%3A%2F%2Fgoodbuygear.com%2Fproducts%2Fmompush-wiz-stroller-2024-black-2&intsrc=APIG_26298
Mompush,Wiz,99.99,169.99,41,true,"Mompush Wiz Stroller, 2025, Black",https://goodbuygear.pxf.io/c/6560395/3226197/40600?prodsku=44103293534311&u=https%3A%2F%2Fgoodbuygear.com%2Fproducts%2Fmompush-wiz-stroller-2025-black-12&intsrc=APIG_26298
Mompush,Wiz,99.99,169.99,41,true,"Mompush Wiz Stroller, 2025, Khaki",https://goodbuygear.pxf.io/c/6560395/3226197/40600?prodsku=43944516616295&u=https%3A%2F%2Fgoodbuygear.com%2Fproducts%2Fmompush-wiz-stroller-2025-khaki-12&intsrc=APIG_26298
WonderFold,W2 Elite Pro,355.58,599,41,true,"Wonderfold W2 Elite Pro Stroller Wagon, 2025, Charcoal Gray",https://goodbuygear.pxf.io/c/6560395/3226197/40600?prodsku=44116402602087&u=https%3A%2F%2Fgoodbuygear.com%2Fproducts%2Fwonderfold-w2-elite-pro-stroller-wagon-2025-charcoal-gray-2&intsrc=APIG_26298
WonderFold,W2 Elite Pro,355.58,599,41,true,"Wonderfold W2 Elite Pro Stroller Wagon, 2024, Charcoal Gray",https://goodbuygear.pxf.io/c/6560395/3226197/40600?prodsku=43756997279847&u=https%3A%2F%2Fgoodbuygear.com%2Fproducts%2Fwonderfold-w2-elite-pro-stroller-wagon-2024-charcoal-gray-1&intsrc=APIG_26298
WonderFold,W2 Elite Pro,355.58,599,41,true,"Wonderfold W2 Elite Pro Stroller Wagon, 2025, Jet Black",https://goodbuygear.pxf.io/c/6560395/3226197/40600?prodsku=43756686573671&u=https%3A%2F%2Fgoodbuygear.com%2Fproducts%2Fwonderfold-w2-elite-pro-stroller-wagon-2025-jet-black&intsrc=APIG_26298
Joolz,Aer+,299.99,499,40,true,"Joolz Aer+ Stroller, 2024, Sandy Taupe",https://goodbuygear.pxf.io/c/6560395/3226197/40600?prodsku=44109608714343&u=https%3A%2F%2Fgoodbuygear.com%2Fproducts%2Fjoolz-aer-stroller-2024-sandy-taupe-54&intsrc=APIG_26298
Silver Cross,Reef 2,719.99,1199.99,40,true,"Silver Cross Reef 2 Stroller, 2025, Frappe",https://goodbuygear.pxf.io/c/6560395/3226197/40600?prodsku=44112400416871&u=https%3A%2F%2Fgoodbuygear.com%2Fproducts%2Fsilver-cross-reef-2-stroller-2025-frappe-5&intsrc=APIG_26298
WonderFold,W4 Luxe Pro,539.99,899,40,true,"Wonderfold W4 Luxe Pro Stroller Wagon, 2025, Charcoal Gray",https://goodbuygear.pxf.io/c/6560395/3226197/40600?prodsku=43847445872743&u=https%3A%2F%2Fgoodbuygear.com%2Fproducts%2Fwonderfold-w4-luxe-pro-stroller-wagon-2025-charcoal-gray-2&intsrc=APIG_26298
Evenflo,Pivot Xpand Modular,266.99,439.99,39,true,"Evenflo Pivot Xpand Modular Stroller, 2024, Sabino Gray",https://goodbuygear.pxf.io/c/6560395/3226197/40600?prodsku=43766550888551&u=https%3A%2F%2Fgoodbuygear.com%2Fproducts%2Fevenflo-pivot-xpand-modular-stroller-2024-sabino-gray-1&intsrc=APIG_26298
Joie,Chive,302.99,499.99,39,true,"Joie Chive Single-to-Double Stroller, 2025, Dove",https://goodbuygear.pxf.io/c/6560395/3226197/40600?prodsku=43569290018919&u=https%3A%2F%2Fgoodbuygear.com%2Fproducts%2Fjoie-chive-single-to-double-stroller-2025-dove-1&intsrc=APIG_26298
Joie,Chive,302.99,499.99,39,true,"Joie Chive Single-to-Double Stroller, 2025, Shale",https://goodbuygear.pxf.io/c/6560395/3226197/40600?prodsku=43786292363367&u=https%3A%2F%2Fgoodbuygear.com%2Fproducts%2Fjoie-chive-single-to-double-stroller-2025-shale-3&intsrc=APIG_26298
Mompush,Meteor 2,115.89,189.99,39,true,"Mompush Meteor 2 Stroller, 2026, Black, Black Frame",https://goodbuygear.pxf.io/c/6560395/3226197/40600?prodsku=43858502058087&u=https%3A%2F%2Fgoodbuygear.com%2Fproducts%2Fmompush-meteor-2-stroller-2026-black-black-frame-1&intsrc=APIG_26298
Mompush,Meteor 2,115.89,189.99,39,true,"Mompush Meteor 2 Stroller, Black, 2025, Black Frame",https://goodbuygear.pxf.io/c/6560395/3226197/40600?prodsku=43738900660327&u=https%3A%2F%2Fgoodbuygear.com%2Fproducts%2Fmompush-meteor-2-stroller-black-2025-black-frame&intsrc=APIG_26298
Bugaboo,Butterfly 2,374.99,599,37,true,"Bugaboo Butterfly 2 Stroller, 2025, Black, Midnight Black, Midnight Black",https://goodbuygear.pxf.io/c/6560395/3226197/40600?prodsku=44112391176295&u=https%3A%2F%2Fgoodbuygear.com%2Fproducts%2Fbugaboo-butterfly-2-stroller-2025-black-midnight-black-midnight-black-10&intsrc=APIG_26298
Chicco,Bravo Quick-Fold,189.99,299,36,true,"Chicco Bravo Quick-Fold Stroller, 2025, Black",https://goodbuygear.pxf.io/c/6560395/3226197/40600?prodsku=44120387649639&u=https%3A%2F%2Fgoodbuygear.com%2Fproducts%2Fchicco-bravo-quick-fold-stroller-2025-black-2&intsrc=APIG_26298
Nuna,MIXX next,579.99,900,36,true,"Nuna MIXX Next Stroller, 2025, Sterling",https://goodbuygear.pxf.io/c/6560395/3226197/40600?prodsku=43790182645863&u=https%3A%2F%2Fgoodbuygear.com%2Fproducts%2Fnuna-mixx-next-stroller-2025-sterling-2&intsrc=APIG_26298
Nuna,MIXX next,579.99,900,36,true,"Nuna MIXX Next Stroller, Caviar, 2023",https://goodbuygear.pxf.io/c/6560395/3226197/40600?prodsku=43764059045991&u=https%3A%2F%2Fgoodbuygear.com%2Fproducts%2Fnuna-mixx-next-stroller-caviar-2029&intsrc=APIG_26298
UPPAbaby,Vista V3,635.99,999.99,36,true,"UPPAbaby Vista V3 Stroller, 2024, Callum (Stone Blue/Silver Frame)",https://goodbuygear.pxf.io/c/6560395/3226197/40600?prodsku=43839815614567&u=https%3A%2F%2Fgoodbuygear.com%2Fproducts%2Fuppababy-vista-v3-stroller-2024-callum-stone-blue-silver-frame-1&intsrc=APIG_26298
UPPAbaby,Vista V3,635.99,999.99,36,true,"UPPAbaby Vista V3 Stroller, 2024, Kenzi (Mystic Aqua)",https://goodbuygear.pxf.io/c/6560395/3226197/40600?prodsku=43836631384167&u=https%3A%2F%2Fgoodbuygear.com%2Fproducts%2Fuppababy-vista-v3-stroller-2024-kenzi-mystic-aqua-10&intsrc=APIG_26298
UPPAbaby,Vista V3,635.99,999.99,36,true,"UPPAbaby Vista V3 Stroller, 2024, Greyson (Charcoal Melange)",https://goodbuygear.pxf.io/c/6560395/3226197/40600?prodsku=43843425271911&u=https%3A%2F%2Fgoodbuygear.com%2Fproducts%2Fuppababy-vista-v3-stroller-2024-greyson-charcoal-melange-13&intsrc=APIG_26298
UPPAbaby,Vista V3,635.99,999.99,36,true,"UPPAbaby Vista V3 Stroller, Declan (Oat Mélange), 2025",https://goodbuygear.pxf.io/c/6560395/3226197/40600?prodsku=44109967556711&u=https%3A%2F%2Fgoodbuygear.com%2Fproducts%2Fuppababy-vista-v3-stroller-declan-oat-melange-2026&intsrc=APIG_26298
UPPAbaby,Vista V3,635.99,999.99,36,true,"UPPAbaby Vista V3 Stroller, 2024, Jake (Charcoal)",https://goodbuygear.pxf.io/c/6560395/3226197/40600?prodsku=43845107351655&u=https%3A%2F%2Fgoodbuygear.com%2Fproducts%2Fuppababy-vista-v3-stroller-2024-jake-charcoal-32&intsrc=APIG_26298
Britax,Grove Modular,247.28,379.99,35,true,"Britax Grove Modular Stroller, 2023, Pindot Onyx",https://goodbuygear.pxf.io/c/6560395/3226197/40600?prodsku=42937981141095&u=https%3A%2F%2Fgoodbuygear.com%2Fproducts%2Fbritax-grove-modular-stroller-2023-pindot-onyx-4&intsrc=APIG_26298
Bugaboo,Butterfly,356.99,549,35,true,"Bugaboo Butterfly Stroller, 2024, Black, Midnight Black, Midnight Black",https://goodbuygear.pxf.io/c/6560395/3226197/40600?prodsku=43938181349479&u=https%3A%2F%2Fgoodbuygear.com%2Fproducts%2Fbugaboo-butterfly-stroller-2024-black-midnight-black-midnight-black-143&intsrc=APIG_26298
Nuna,MIXX next,649.99,999.99,35,true,"Nuna MIXX Next Stroller, 2024, Edgehill",https://goodbuygear.pxf.io/c/6560395/3226197/40600?prodsku=43949316046951&u=https%3A%2F%2Fgoodbuygear.com%2Fproducts%2Fnuna-mixx-next-stroller-2024-edgehill&intsrc=APIG_26298
Cybex,e-Gazelle S,791.69,1199.95,34,true,"Cybex e-Gazelle S Stroller, 2024, Ocean Blue, Silver",https://goodbuygear.pxf.io/c/6560395/3226197/40600?prodsku=42180708401255&u=https%3A%2F%2Fgoodbuygear.com%2Fproducts%2Fcybex-e-gazelle-s-stroller-2024-ocean-blue-silver-1&intsrc=APIG_26298
Cybex,e-Gazelle S,791.69,1199.95,34,true,"Cybex e-Gazelle S Stroller, 2024, Moon Black, Silver",https://goodbuygear.pxf.io/c/6560395/3226197/40600?prodsku=42265507070055&u=https%3A%2F%2Fgoodbuygear.com%2Fproducts%2Fcybex-e-gazelle-s-stroller-2024-moon-black-silver-6&intsrc=APIG_26298
Cybex,e-Gazelle S,791.69,1199.95,34,true,"Cybex e-Gazelle S Stroller, 2024, Almond Beige, Black",https://goodbuygear.pxf.io/c/6560395/3226197/40600?prodsku=42181925601383&u=https%3A%2F%2Fgoodbuygear.com%2Fproducts%2Fcybex-e-gazelle-s-stroller-2024-almond-beige-black-13&intsrc=APIG_26298
Cybex,e-Gazelle S,791.69,1199.95,34,true,"Cybex e-Gazelle S Stroller, 2024, Ocean Blue, Silver",https://goodbuygear.pxf.io/c/6560395/3226197/40600?prodsku=44109587480679&u=https%3A%2F%2Fgoodbuygear.com%2Fproducts%2Fcybex-e-gazelle-s-stroller-2024-ocean-blue-silver-2&intsrc=APIG_26298
Mompush,Lithe Double,157.99,239.99,34,true,"Mompush Lithe Double Stroller, 2026, Black",https://goodbuygear.pxf.io/c/6560395/3226197/40600?prodsku=43945089728615&u=https%3A%2F%2Fgoodbuygear.com%2Fproducts%2Fmompush-lithe-double-stroller-2026-black-4&intsrc=APIG_26298
Mompush,Lithe Double,157.99,239.99,34,true,"Mompush Lithe Double Stroller, 2026, Khaki",https://goodbuygear.pxf.io/c/6560395/3226197/40600?prodsku=43830990471271&u=https%3A%2F%2Fgoodbuygear.com%2Fproducts%2Fmompush-lithe-double-stroller-2026-khaki-1&intsrc=APIG_26298
Mompush,Lithe Double,157.99,239.99,34,true,"Mompush Lithe Double Stroller, 2026, Black",https://goodbuygear.pxf.io/c/6560395/3226197/40600?prodsku=43786694688871&u=https%3A%2F%2Fgoodbuygear.com%2Fproducts%2Fmompush-lithe-double-stroller-2026-black&intsrc=APIG_26298
Mompush,Lithe Double,157.99,239.99,34,true,"Mompush Lithe Double Stroller, 2025, Grey",https://goodbuygear.pxf.io/c/6560395/3226197/40600?prodsku=43847992836199&u=https%3A%2F%2Fgoodbuygear.com%2Fproducts%2Fmompush-lithe-double-stroller-2025-grey&intsrc=APIG_26298
UPPAbaby,Vista V3,660.99,999.99,34,true,"UPPAbaby Vista V3 Stroller, 2024, Jake (Charcoal)",https://goodbuygear.pxf.io/c/6560395/3226197/40600?prodsku=43843077210215&u=https%3A%2F%2Fgoodbuygear.com%2Fproducts%2Fuppababy-vista-v3-stroller-2024-jake-charcoal-30&intsrc=APIG_26298
UPPAbaby,Vista V3,660.99,999.99,34,true,"UPPAbaby Vista V3 Stroller, 2024, Jake (Charcoal)",https://goodbuygear.pxf.io/c/6560395/3226197/40600?prodsku=43941467291751&u=https%3A%2F%2Fgoodbuygear.com%2Fproducts%2Fuppababy-vista-v3-stroller-2024-jake-charcoal-28&intsrc=APIG_26298
Baby Jogger,City Tour 2 Double,370.49,549.99,33,true,"Baby Jogger City Tour 2 Double Stroller, 2025, Jet/Pitch Black",https://goodbuygear.pxf.io/c/6560395/3226197/40600?prodsku=41957529026663&u=https%3A%2F%2Fgoodbuygear.com%2Fproducts%2Fbaby-jogger-city-tour-2-double-stroller-2025-jet-pitch-black-1&intsrc=APIG_26298
Graco,Modes Nest2Grow,259.99,389.99,33,true,"Graco Modes Nest2Grow Stroller, 2025, Maison",https://goodbuygear.pxf.io/c/6560395/3226197/40600?prodsku=41676540543079&u=https%3A%2F%2Fgoodbuygear.com%2Fproducts%2Fgraco-modes-nest2grow-stroller-2025-maison&intsrc=APIG_26298
Mompush,Wiz,113.99,169.99,33,true,"Mompush Wiz Stroller, Grey, 2024",https://goodbuygear.pxf.io/c/6560395/3226197/40600?prodsku=41703117652071&u=https%3A%2F%2Fgoodbuygear.com%2Fproducts%2Fmompush-wiz-stroller-grey-2052&intsrc=APIG_26298
Mompush,Wiz,115.89,169.99,32,true,"Mompush Wiz Stroller, 2024, Grey",https://goodbuygear.pxf.io/c/6560395/3226197/40600?prodsku=43842761031783&u=https%3A%2F%2Fgoodbuygear.com%2Fproducts%2Fmompush-wiz-stroller-2024-grey&intsrc=APIG_26298
Mompush,Wiz,115.89,169.99,32,true,"Mompush Wiz Stroller, 2022, Sage",https://goodbuygear.pxf.io/c/6560395/3226197/40600?prodsku=40002199421031&u=https%3A%2F%2Fgoodbuygear.com%2Fproducts%2Fmompush-wiz-stroller-sage-2025&intsrc=APIG_26298
Mompush,Wiz,115.89,169.99,32,true,"Mompush Wiz Stroller, Black, 2025",https://goodbuygear.pxf.io/c/6560395/3226197/40600?prodsku=42238564597863&u=https%3A%2F%2Fgoodbuygear.com%2Fproducts%2Fmompush-wiz-stroller-black-2079&intsrc=APIG_26298
Mompush,Wiz,115.89,169.99,32,true,"Mompush Wiz Stroller, Forest, 2025",https://goodbuygear.pxf.io/c/6560395/3226197/40600?prodsku=41808745005159&u=https%3A%2F%2Fgoodbuygear.com%2Fproducts%2Fmompush-wiz-stroller-2025-forest&intsrc=APIG_26298
Mompush,Wiz,115.89,169.99,32,true,"Mompush Wiz Stroller, 2025, Forest",https://goodbuygear.pxf.io/c/6560395/3226197/40600?prodsku=43794059493479&u=https%3A%2F%2Fgoodbuygear.com%2Fproducts%2Fmompush-wiz-stroller-2025-forest-2&intsrc=APIG_26298
Mompush,Wiz,115.89,169.99,32,true,"Mompush Wiz Stroller, 2025, Grey",https://goodbuygear.pxf.io/c/6560395/3226197/40600?prodsku=43842731638887&u=https%3A%2F%2Fgoodbuygear.com%2Fproducts%2Fmompush-wiz-stroller-2025-grey-3&intsrc=APIG_26298
Mompush,Wiz,115.89,169.99,32,true,"Mompush Wiz Stroller, 2025, Sage",https://goodbuygear.pxf.io/c/6560395/3226197/40600?prodsku=43782862831719&u=https%3A%2F%2Fgoodbuygear.com%2Fproducts%2Fmompush-wiz-stroller-2025-sage-2&intsrc=APIG_26298
Mompush,Wiz,115.89,169.99,32,true,"Mompush Wiz Stroller, 2025, Black",https://goodbuygear.pxf.io/c/6560395/3226197/40600?prodsku=43785101049959&u=https%3A%2F%2Fgoodbuygear.com%2Fproducts%2Fmompush-wiz-stroller-2025-black-2&intsrc=APIG_26298
Mompush,Wiz,115.89,169.99,32,true,"Mompush Wiz Stroller, 2025, Black",https://goodbuygear.pxf.io/c/6560395/3226197/40600?prodsku=43858471223399&u=https%3A%2F%2Fgoodbuygear.com%2Fproducts%2Fmompush-wiz-stroller-2025-black-8&intsrc=APIG_26298
Mompush,Wiz,115.89,169.99,32,true,"Mompush Wiz Stroller, 2024, Black",https://goodbuygear.pxf.io/c/6560395/3226197/40600?prodsku=43801713279079&u=https%3A%2F%2Fgoodbuygear.com%2Fproducts%2Fmompush-wiz-stroller-2024-black-1&intsrc=APIG_26298
Mompush,Wiz,115.89,169.99,32,true,"Mompush Wiz Stroller, 2025, Sage",https://goodbuygear.pxf.io/c/6560395/3226197/40600?prodsku=43756998197351&u=https%3A%2F%2Fgoodbuygear.com%2Fproducts%2Fmompush-wiz-stroller-2025-sage&intsrc=APIG_26298
Mompush,Wiz,115.89,169.99,32,true,"Mompush Wiz Stroller, 2024, Black",https://goodbuygear.pxf.io/c/6560395/3226197/40600?prodsku=42296347787367&u=https%3A%2F%2Fgoodbuygear.com%2Fproducts%2Fmompush-wiz-stroller-2024-black&intsrc=APIG_26298
Mompush,Wiz,115.89,169.99,32,true,"Mompush Wiz Stroller, 2026, Sage",https://goodbuygear.pxf.io/c/6560395/3226197/40600?prodsku=43845168332903&u=https%3A%2F%2Fgoodbuygear.com%2Fproducts%2Fmompush-wiz-stroller-2026-sage-3&intsrc=APIG_26298
Mompush,Wiz,115.89,169.99,32,true,"Mompush Wiz Stroller, 2025, Black",https://goodbuygear.pxf.io/c/6560395/3226197/40600?prodsku=43775984664679&u=https%3A%2F%2Fgoodbuygear.com%2Fproducts%2Fmompush-wiz-stroller-2025-black-1&intsrc=APIG_26298
Mompush,Wiz,115.89,169.99,32,true,"Mompush Wiz Stroller, Khaki, 2025",https://goodbuygear.pxf.io/c/6560395/3226197/40600?prodsku=41825092206695&u=https%3A%2F%2Fgoodbuygear.com%2Fproducts%2Fmompush-wiz-stroller-2025-khaki&intsrc=APIG_26298
Mompush,Wiz,115.89,169.99,32,true,"Mompush Wiz Stroller, 2026, Khaki",https://goodbuygear.pxf.io/c/6560395/3226197/40600?prodsku=44104761049191&u=https%3A%2F%2Fgoodbuygear.com%2Fproducts%2Fmompush-wiz-stroller-2026-khaki&intsrc=APIG_26298
Mompush,Wiz,115.89,169.99,32,true,"Mompush Wiz Stroller, 2025, Sage",https://goodbuygear.pxf.io/c/6560395/3226197/40600?prodsku=43790534705255&u=https%3A%2F%2Fgoodbuygear.com%2Fproducts%2Fmompush-wiz-stroller-2025-sage-3&intsrc=APIG_26298
Mompush,Wiz,115.89,169.99,32,true,"Mompush Wiz Stroller, 2024, Sage",https://goodbuygear.pxf.io/c/6560395/3226197/40600?prodsku=43949251330151&u=https%3A%2F%2Fgoodbuygear.com%2Fproducts%2Fmompush-wiz-stroller-2024-sage&intsrc=APIG_26298
Mompush,Wiz,115.89,169.99,32,true,"Mompush Wiz Stroller, 2025, Grey",https://goodbuygear.pxf.io/c/6560395/3226197/40600?prodsku=43781503746151&u=https%3A%2F%2Fgoodbuygear.com%2Fproducts%2Fmompush-wiz-stroller-2025-grey&intsrc=APIG_26298
Mompush,Wiz,115.89,169.99,32,true,"Mompush Wiz Stroller, 2025, Khaki",https://goodbuygear.pxf.io/c/6560395/3226197/40600?prodsku=43790334034023&u=https%3A%2F%2Fgoodbuygear.com%2Fproducts%2Fmompush-wiz-stroller-2025-khaki-4&intsrc=APIG_26298
UPPAbaby,Vista V3,691.59,999.99,31,true,"UPPAbaby Vista V3 Stroller, 2024, Jake (Charcoal)",https://goodbuygear.pxf.io/c/6560395/3226197/40600?prodsku=41781745975399&u=https%3A%2F%2Fgoodbuygear.com%2Fproducts%2Fuppababy-vista-v3-stroller-2024-jake-charcoal-13&intsrc=APIG_26298
UPPAbaby,Vista V3,691.59,999.99,31,true,"UPPAbaby Vista V3 Stroller, 2024, Jake (Charcoal)",https://goodbuygear.pxf.io/c/6560395/3226197/40600?prodsku=43839418171495&u=https%3A%2F%2Fgoodbuygear.com%2Fproducts%2Fuppababy-vista-v3-stroller-2024-jake-charcoal-27&intsrc=APIG_26298
UPPAbaby,Vista V3,691.59,999.99,31,true,"UPPAbaby Vista V3 Stroller, 2024, Kenzi (Mystic Aqua)",https://goodbuygear.pxf.io/c/6560395/3226197/40600?prodsku=41946047381607&u=https%3A%2F%2Fgoodbuygear.com%2Fproducts%2Fuppababy-vista-v3-stroller-2024-kenzi-mystic-aqua-7&intsrc=APIG_26298
UPPAbaby,Vista V3,691.59,999.99,31,true,"UPPAbaby Vista V3 Stroller, Jake (Charcoal), 2024",https://goodbuygear.pxf.io/c/6560395/3226197/40600?prodsku=41092802052199&u=https%3A%2F%2Fgoodbuygear.com%2Fproducts%2Fuppababy-vista-v3-stroller-jake-charcoal-2024&intsrc=APIG_26298
UPPAbaby,Vista V3,691.59,999.99,31,true,"UPPAbaby Vista V3 Stroller, 2024, Kenzi (Mystic Aqua)",https://goodbuygear.pxf.io/c/6560395/3226197/40600?prodsku=41620577845351&u=https%3A%2F%2Fgoodbuygear.com%2Fproducts%2Fuppababy-vista-v3-stroller-2024-kenzi-mystic-aqua-2&intsrc=APIG_26298
UPPAbaby,Vista V3,691.59,999.99,31,true,"UPPAbaby Vista V3 Stroller, 2024, Jake (Charcoal)",https://goodbuygear.pxf.io/c/6560395/3226197/40600?prodsku=41746352799847&u=https%3A%2F%2Fgoodbuygear.com%2Fproducts%2Fuppababy-vista-v3-stroller-2024-jake-charcoal-12&intsrc=APIG_26298
Nuna,TRVL,403.99,575,30,true,"Nuna Trvl Stroller, 2023, Droplet Dot",https://goodbuygear.pxf.io/c/6560395/3226197/40600?prodsku=43745445249127&u=https%3A%2F%2Fgoodbuygear.com%2Fproducts%2Fnuna-trvl-stroller-2023-droplet-dot-2&intsrc=APIG_26298
Joie,Caraway Whirl,230.99,319.99,28,true,"Joie Caraway Whirl Stroller, Shale, 2025",https://goodbuygear.pxf.io/c/6560395/3226197/40600?prodsku=42309594382439&u=https%3A%2F%2Fgoodbuygear.com%2Fproducts%2Fjoie-caraway-whirl-stroller-shale-2025&intsrc=APIG_26298
Silver Cross,Reef 2,869.99,1199.99,28,true,"Silver Cross Reef 2 Stroller, 2024, Frappe",https://goodbuygear.pxf.io/c/6560395/3226197/40600?prodsku=41906108530791&u=https%3A%2F%2Fgoodbuygear.com%2Fproducts%2Fsilver-cross-reef-2-stroller-2024-frappe&intsrc=APIG_26298
Silver Cross,Reef 2,869.99,1199.99,28,true,"Silver Cross Reef 2 Stroller, 2025, Espresso",https://goodbuygear.pxf.io/c/6560395/3226197/40600?prodsku=44111448768615&u=https%3A%2F%2Fgoodbuygear.com%2Fproducts%2Fsilver-cross-reef-2-stroller-2025-espresso&intsrc=APIG_26298
Silver Cross,Reef 2,869.99,1199.99,28,true,"Silver Cross Reef 2 Stroller, 2024, Nocturne",https://goodbuygear.pxf.io/c/6560395/3226197/40600?prodsku=41620575649895&u=https%3A%2F%2Fgoodbuygear.com%2Fproducts%2Fsilver-cross-reef-2-stroller-2024-nocturne-1&intsrc=APIG_26298
Silver Cross,Reef 2,869.99,1199.99,28,true,"Silver Cross Reef 2 Stroller, 2025, Stone",https://goodbuygear.pxf.io/c/6560395/3226197/40600?prodsku=44103204995175&u=https%3A%2F%2Fgoodbuygear.com%2Fproducts%2Fsilver-cross-reef-2-stroller-2025-stone-2&intsrc=APIG_26298
Silver Cross,Reef 2,869.99,1199.99,28,true,"Silver Cross Reef 2 Stroller, Frappe, unknown",https://goodbuygear.pxf.io/c/6560395/3226197/40600?prodsku=44111994716263&u=https%3A%2F%2Fgoodbuygear.com%2Fproducts%2Fsilver-cross-reef-2-stroller-frappe-unknown&intsrc=APIG_26298
Silver Cross,Reef 2,869.99,1199.99,28,true,"Silver Cross Reef 2 Stroller, 2025, Frappe",https://goodbuygear.pxf.io/c/6560395/3226197/40600?prodsku=44103043219559&u=https%3A%2F%2Fgoodbuygear.com%2Fproducts%2Fsilver-cross-reef-2-stroller-2025-frappe-1&intsrc=APIG_26298
Joie,Chive,364.99,499.99,27,true,"Joie Chive Single-to-Double Stroller, 2025, Dove",https://goodbuygear.pxf.io/c/6560395/3226197/40600?prodsku=43734975578215&u=https%3A%2F%2Fgoodbuygear.com%2Fproducts%2Fjoie-chive-single-to-double-stroller-2025-dove-2&intsrc=APIG_26298
Joie,Chive,364.99,499.99,27,true,"Joie Chive Single-to-Double Stroller, 2025, Thunder",https://goodbuygear.pxf.io/c/6560395/3226197/40600?prodsku=43738946306151&u=https%3A%2F%2Fgoodbuygear.com%2Fproducts%2Fjoie-chive-single-to-double-stroller-2025-thunder&intsrc=APIG_26298
Delta Children,Jeep Sport,185.99,249.99,26,true,"Delta Children Jeep Sport All-Terrain Stroller Wagon, Grey with Olive Green",https://goodbuygear.pxf.io/c/6560395/3226197/40600?prodsku=41092790255719&u=https%3A%2F%2Fgoodbuygear.com%2Fproducts%2Fdelta-children-jeep-sport-all-terrain-stroller-wagon-grey-with-olive-green-1&intsrc=APIG_26298
Evenflo,Shyft Intuiti+,364.99,489.99,26,true,"Evenflo Shyft Intuiti+ Stroller, Agate, 2025, Green & Gentle Fabric",https://goodbuygear.pxf.io/c/6560395/3226197/40600?prodsku=44114049106023&u=https%3A%2F%2Fgoodbuygear.com%2Fproducts%2Fevenflo-shyft-intuiti-stroller-agate-2025-green-gentle-fabric&intsrc=APIG_26298
Evenflo,Shyft Intuiti+,364.99,489.99,26,true,"Evenflo Shyft Intuiti+ Stroller, Champagne, 2025, Green & Gentle Fabric",https://goodbuygear.pxf.io/c/6560395/3226197/40600?prodsku=44120090345575&u=https%3A%2F%2Fgoodbuygear.com%2Fproducts%2Fevenflo-shyft-intuiti-stroller-champagne-2025-green-gentle-fabric&intsrc=APIG_26298
Baby Trend,Expedition 2-in-1,179.99,239.99,25,true,"Baby Trend Expedition 2-in-1 Stroller Wagon, 2023, Smokey Navy",https://goodbuygear.pxf.io/c/6560395/3226197/40600?prodsku=43866130284647&u=https%3A%2F%2Fgoodbuygear.com%2Fproducts%2Fbaby-trend-expedition-2-in-1-stroller-wagon-2023-smokey-navy-3&intsrc=APIG_26298
Baby Trend,Expedition 2-in-1,243.99,324.99,25,true,"Baby Trend Expedition 2-in-1 Stroller Wagon Plus, 2024, Liberty Midnight",https://goodbuygear.pxf.io/c/6560395/3226197/40600?prodsku=43937802289255&u=https%3A%2F%2Fgoodbuygear.com%2Fproducts%2Fbaby-trend-expedition-2-in-1-stroller-wagon-plus-2024-liberty-midnight&intsrc=APIG_26298
Baby Trend,Expedition 2-in-1,243.99,324.99,25,true,"Baby Trend Expedition 2-in-1 Stroller Wagon Plus, 2024, Liberty Midnight",https://goodbuygear.pxf.io/c/6560395/3226197/40600?prodsku=44116537868391&u=https%3A%2F%2Fgoodbuygear.com%2Fproducts%2Fbaby-trend-expedition-2-in-1-stroller-wagon-plus-2024-liberty-midnight-1&intsrc=APIG_26298
Bugaboo,Butterfly,411.99,549,25,true,"Bugaboo Butterfly Stroller, 2024, Black, Midnight Black, Midnight Black",https://goodbuygear.pxf.io/c/6560395/3226197/40600?prodsku=43938178367591&u=https%3A%2F%2Fgoodbuygear.com%2Fproducts%2Fbugaboo-butterfly-stroller-2024-black-midnight-black-midnight-black-142&intsrc=APIG_26298
Chicco,Corso Flex Convertible,487.99,649.98,25,true,"Chicco Corso Flex Convertible Stroller, 2023, Legend",https://goodbuygear.pxf.io/c/6560395/3226197/40600?prodsku=44112712597607&u=https%3A%2F%2Fgoodbuygear.com%2Fproducts%2Fchicco-corso-flex-convertible-stroller-2023-legend-3&intsrc=APIG_26298
Chicco,Bravo Quick-Fold,224,299,25,true,"Chicco Bravo Quick-Fold Stroller, Calla, 2025",https://goodbuygear.pxf.io/c/6560395/3226197/40600?prodsku=43938504409191&u=https%3A%2F%2Fgoodbuygear.com%2Fproducts%2Fchicco-bravo-quick-fold-stroller-calla-2025&intsrc=APIG_26298
Evenflo,Pivot Xpand Modular,329.99,439.99,25,true,"Evenflo Pivot Xpand Modular Stroller, 2025, Ayrshire Black",https://goodbuygear.pxf.io/c/6560395/3226197/40600?prodsku=44120634327143&u=https%3A%2F%2Fgoodbuygear.com%2Fproducts%2Fevenflo-pivot-xpand-modular-stroller-2025-ayrshire-black-3&intsrc=APIG_26298
Graco,Modes Nest,322.99,429.99,25,true,"Graco Modes Nest Stroller, 2026, Sullivan",https://goodbuygear.pxf.io/c/6560395/3226197/40600?prodsku=44124610035815&u=https%3A%2F%2Fgoodbuygear.com%2Fproducts%2Fgraco-modes-nest-stroller-2026-sullivan-1&intsrc=APIG_26298
Graco,Modes Nest,322.99,429.99,25,true,"Graco Modes Nest Stroller, 2024, Bayfield",https://goodbuygear.pxf.io/c/6560395/3226197/40600?prodsku=43861517959271&u=https%3A%2F%2Fgoodbuygear.com%2Fproducts%2Fgraco-modes-nest-stroller-2024-bayfield-1&intsrc=APIG_26298
Graco,Modes Nest,322.99,429.99,25,true,"Graco Modes Nest Stroller, 2026, Sullivan",https://goodbuygear.pxf.io/c/6560395/3226197/40600?prodsku=43865219367015&u=https%3A%2F%2Fgoodbuygear.com%2Fproducts%2Fgraco-modes-nest-stroller-2026-sullivan&intsrc=APIG_26298
Inglesina,Quid³,299.99,399,25,true,"Inglesina Quid 3 Stroller, 2025, Cosmic Black",https://goodbuygear.pxf.io/c/6560395/3226197/40600?prodsku=42150764052583&u=https%3A%2F%2Fgoodbuygear.com%2Fproducts%2Finglesina-quid-3-stroller-2025-cosmic-black&intsrc=APIG_26298
Maxi-Cosi,Oxford Cabin Travel,299.99,399.99,25,true,"Maxi-Cosi Oxford Cabin Lightweight Travel Stroller, 2025, Truffle",https://goodbuygear.pxf.io/c/6560395/3226197/40600?prodsku=43865287688295&u=https%3A%2F%2Fgoodbuygear.com%2Fproducts%2Fmaxi-cosi-oxford-cabin-lightweight-travel-stroller-2025-truffle&intsrc=APIG_26298
Maxi-Cosi,Oxford Cabin Travel,299.99,399.99,25,true,"Maxi-Cosi Oxford Cabin Lightweight Travel Stroller, 2025, Truffle",https://goodbuygear.pxf.io/c/6560395/3226197/40600?prodsku=43938077868135&u=https%3A%2F%2Fgoodbuygear.com%2Fproducts%2Fmaxi-cosi-oxford-cabin-lightweight-travel-stroller-2025-truffle-1&intsrc=APIG_26298
Mompush,Lithe V2,134.99,179.99,25,true,"Mompush Lithe V2 Stroller, 2025, Black",https://goodbuygear.pxf.io/c/6560395/3226197/40600?prodsku=43946675503207&u=https%3A%2F%2Fgoodbuygear.com%2Fproducts%2Fmompush-lithe-v2-stroller-2025-black-2&intsrc=APIG_26298
Mompush,Velo Travel,224.99,299.99,25,true,"Mompush Velo Lightweight Travel Stroller, 2025, Pink",https://goodbuygear.pxf.io/c/6560395/3226197/40600?prodsku=43847843545191&u=https%3A%2F%2Fgoodbuygear.com%2Fproducts%2Fmompush-velo-lightweight-travel-stroller-2025-pink&intsrc=APIG_26298
Mompush,Velo Travel,224.99,299.99,25,true,"Mompush Velo Lightweight Travel Stroller, 2024, Gray",https://goodbuygear.pxf.io/c/6560395/3226197/40600?prodsku=43948470403175&u=https%3A%2F%2Fgoodbuygear.com%2Fproducts%2Fmompush-velo-lightweight-travel-stroller-2024-gray&intsrc=APIG_26298
Mompush,Lithe Double,157.99,209.99,25,true,"Mompush Lithe Double Stroller, 2025, Black",https://goodbuygear.pxf.io/c/6560395/3226197/40600?prodsku=43790430109799&u=https%3A%2F%2Fgoodbuygear.com%2Fproducts%2Fmompush-lithe-double-stroller-2025-black-1&intsrc=APIG_26298
Mompush,Velo Travel,224.99,299.99,25,true,"Mompush Velo Lightweight Travel Stroller, 2025, Khaki",https://goodbuygear.pxf.io/c/6560395/3226197/40600?prodsku=44109650559079&u=https%3A%2F%2Fgoodbuygear.com%2Fproducts%2Fmompush-velo-lightweight-travel-stroller-2025-khaki-2&intsrc=APIG_26298
Silver Cross,Wave 3,1274.99,1699.99,25,true,"Silver Cross Wave 3 Stroller, 2024, Licorice",https://goodbuygear.pxf.io/c/6560395/3226197/40600?prodsku=44105104228455&u=https%3A%2F%2Fgoodbuygear.com%2Fproducts%2Fsilver-cross-wave-3-stroller-2024-licorice-22&intsrc=APIG_26298
Baby Jogger,Summit X3 Double,638.99,839.99,24,true,"Baby Jogger Summit X3 Double Stroller, 2023, Midnight Black",https://goodbuygear.pxf.io/c/6560395/3226197/40600?prodsku=41801847996519&u=https%3A%2F%2Fgoodbuygear.com%2Fproducts%2Fbaby-jogger-summit-x3-double-stroller-2023-midnight-black-13&intsrc=APIG_26298
Evenflo,Pivot Xpand Modular,332.99,439.99,24,true,"Evenflo Pivot Xpand Modular Stroller, 2025, Sabino Gray",https://goodbuygear.pxf.io/c/6560395/3226197/40600?prodsku=43420901146727&u=https%3A%2F%2Fgoodbuygear.com%2Fproducts%2Fevenflo-pivot-xpand-modular-stroller-2025-sabino-gray&intsrc=APIG_26298
Evenflo,Pivot Xpand Modular,332.99,439.99,24,true,"Evenflo Pivot Xpand Modular Stroller, 2025, Canyon Beige",https://goodbuygear.pxf.io/c/6560395/3226197/40600?prodsku=43945071378535&u=https%3A%2F%2Fgoodbuygear.com%2Fproducts%2Fevenflo-pivot-xpand-modular-stroller-2025-canyon-beige-1&intsrc=APIG_26298
Joie,Poppy Whirl,339.99,449.99,24,true,"Joie Poppy Whirl Stroller, Shale, 2025",https://goodbuygear.pxf.io/c/6560395/3226197/40600?prodsku=43786545954919&u=https%3A%2F%2Fgoodbuygear.com%2Fproducts%2Fjoie-poppy-whirl-stroller-shale-2025&intsrc=APIG_26298
Mompush,Lithe V2,136.99,179.99,24,true,"Mompush Lithe V2 Stroller, 2026, Black",https://goodbuygear.pxf.io/c/6560395/3226197/40600?prodsku=43857711169639&u=https%3A%2F%2Fgoodbuygear.com%2Fproducts%2Fmompush-lithe-v2-stroller-2026-black-11&intsrc=APIG_26298
Mompush,Meteor 2,144.99,189.99,24,true,"Mompush Meteor 2 Stroller, 2022, Black Frame, Navy Blue",https://goodbuygear.pxf.io/c/6560395/3226197/40600?prodsku=43775547736167&u=https%3A%2F%2Fgoodbuygear.com%2Fproducts%2Fmompush-meteor-2-stroller-2022-black-frame-navy-blue&intsrc=APIG_26298
Mompush,Lithe V2,136.99,179.99,24,true,"Mompush Lithe V2 Stroller, 2025, Forest",https://goodbuygear.pxf.io/c/6560395/3226197/40600?prodsku=43799236313191&u=https%3A%2F%2Fgoodbuygear.com%2Fproducts%2Fmompush-lithe-v2-stroller-2025-forest-2&intsrc=APIG_26298
Mompush,Lithe V2,136.99,179.99,24,true,"Mompush Lithe V2 Stroller, 2026, Forest",https://goodbuygear.pxf.io/c/6560395/3226197/40600?prodsku=43944434860135&u=https%3A%2F%2Fgoodbuygear.com%2Fproducts%2Fmompush-lithe-v2-stroller-2026-forest-5&intsrc=APIG_26298
Mompush,Meteor 2,144.99,189.99,24,true,"Mompush Meteor 2 Stroller, 2026, Black, Black Frame",https://goodbuygear.pxf.io/c/6560395/3226197/40600?prodsku=43847506493543&u=https%3A%2F%2Fgoodbuygear.com%2Fproducts%2Fmompush-meteor-2-stroller-2026-black-black-frame&intsrc=APIG_26298
Mompush,Meteor 2,144.99,189.99,24,true,"Mompush Meteor 2 Stroller, 2025, Black, Black Frame",https://goodbuygear.pxf.io/c/6560395/3226197/40600?prodsku=43784818720871&u=https%3A%2F%2Fgoodbuygear.com%2Fproducts%2Fmompush-meteor-2-stroller-2025-black-black-frame&intsrc=APIG_26298
Mompush,Lithe V2,136.99,179.99,24,true,"Mompush Lithe V2 Stroller, 2025, Forest",https://goodbuygear.pxf.io/c/6560395/3226197/40600?prodsku=43786286465127&u=https%3A%2F%2Fgoodbuygear.com%2Fproducts%2Fmompush-lithe-v2-stroller-2025-forest-1&intsrc=APIG_26298
Mompush,Meteor 2,144.99,189.99,24,true,"Mompush Meteor 2 Stroller, Black, Black Frame, 2026",https://goodbuygear.pxf.io/c/6560395/3226197/40600?prodsku=43786324410471&u=https%3A%2F%2Fgoodbuygear.com%2Fproducts%2Fmompush-meteor-2-stroller-black-black-frame-2026&intsrc=APIG_26298
Mompush,Meteor 2,144.99,189.99,24,true,"Mompush Meteor 2 Stroller, Forest, Black Frame, 2025",https://goodbuygear.pxf.io/c/6560395/3226197/40600?prodsku=43842760638567&u=https%3A%2F%2Fgoodbuygear.com%2Fproducts%2Fmompush-meteor-2-stroller-forest-black-frame-2025&intsrc=APIG_26298
Mompush,Meteor 2,144.99,189.99,24,true,"Mompush Meteor 2 Stroller, 2025, Black Frame, Grey",https://goodbuygear.pxf.io/c/6560395/3226197/40600?prodsku=43784858468455&u=https%3A%2F%2Fgoodbuygear.com%2Fproducts%2Fmompush-meteor-2-stroller-2025-black-frame-grey&intsrc=APIG_26298
Mompush,Meteor 2,144.99,189.99,24,true,"Mompush Meteor 2 Stroller, Black, Black Frame, 2026",https://goodbuygear.pxf.io/c/6560395/3226197/40600?prodsku=43790606368871&u=https%3A%2F%2Fgoodbuygear.com%2Fproducts%2Fmompush-meteor-2-stroller-black-black-frame-2027&intsrc=APIG_26298
Mompush,Lithe V2,136.99,179.99,24,true,"Mompush Lithe V2 Stroller, 2026, Khaki",https://goodbuygear.pxf.io/c/6560395/3226197/40600?prodsku=43944463335527&u=https%3A%2F%2Fgoodbuygear.com%2Fproducts%2Fmompush-lithe-v2-stroller-2026-khaki-5&intsrc=APIG_26298
Mompush,Meteor 2,144.99,189.99,24,true,"Mompush Meteor 2 Stroller, 2026, Black, Black Frame",https://goodbuygear.pxf.io/c/6560395/3226197/40600?prodsku=43960738676839&u=https%3A%2F%2Fgoodbuygear.com%2Fproducts%2Fmompush-meteor-2-stroller-2026-black-black-frame-2&intsrc=APIG_26298
Mompush,Lithe V2,136.99,179.99,24,true,"Mompush Lithe V2 Stroller, 2026, Black",https://goodbuygear.pxf.io/c/6560395/3226197/40600?prodsku=43944422080615&u=https%3A%2F%2Fgoodbuygear.com%2Fproducts%2Fmompush-lithe-v2-stroller-2026-black-15&intsrc=APIG_26298
Mompush,Lithe V2,136.99,179.99,24,true,"Mompush Lithe V2 Stroller, 2026, Khaki",https://goodbuygear.pxf.io/c/6560395/3226197/40600?prodsku=43946665279591&u=https%3A%2F%2Fgoodbuygear.com%2Fproducts%2Fmompush-lithe-v2-stroller-2026-khaki-7&intsrc=APIG_26298
Mompush,Lithe V2,136.99,179.99,24,true,"Mompush Lithe V2 Stroller, 2024, Grey",https://goodbuygear.pxf.io/c/6560395/3226197/40600?prodsku=43946891116647&u=https%3A%2F%2Fgoodbuygear.com%2Fproducts%2Fmompush-lithe-v2-stroller-2024-grey-3&intsrc=APIG_26298
Mompush,Lithe V2,136.99,179.99,24,true,"Mompush Lithe V2 Stroller, 2026, Black",https://goodbuygear.pxf.io/c/6560395/3226197/40600?prodsku=43948323307623&u=https%3A%2F%2Fgoodbuygear.com%2Fproducts%2Fmompush-lithe-v2-stroller-2026-black-16&intsrc=APIG_26298
Mompush,Lithe V2,136.99,179.99,24,true,"Mompush Lithe V2 Stroller, 2026, Black",https://goodbuygear.pxf.io/c/6560395/3226197/40600?prodsku=43965867851879&u=https%3A%2F%2Fgoodbuygear.com%2Fproducts%2Fmompush-lithe-v2-stroller-2026-black-17&intsrc=APIG_26298
Mompush,Lithe V2,136.99,179.99,24,true,"Mompush Lithe V2 Stroller, 2026, Black",https://goodbuygear.pxf.io/c/6560395/3226197/40600?prodsku=44101171773543&u=https%3A%2F%2Fgoodbuygear.com%2Fproducts%2Fmompush-lithe-v2-stroller-2026-black-18&intsrc=APIG_26298
Mompush,Lithe V2,136.99,179.99,24,true,"Mompush Lithe V2 Stroller, 2026, Khaki",https://goodbuygear.pxf.io/c/6560395/3226197/40600?prodsku=44100671176807&u=https%3A%2F%2Fgoodbuygear.com%2Fproducts%2Fmompush-lithe-v2-stroller-2026-khaki-10&intsrc=APIG_26298
Bugaboo,Kangaroo,861.99,1099,22,true,"Bugaboo Kangaroo Single To Double Stroller, 2025, Black, Midnight Black, Misty White",https://goodbuygear.pxf.io/c/6560395/3226197/40600?prodsku=42255613788263&u=https%3A%2F%2Fgoodbuygear.com%2Fproducts%2Fbugaboo-kangaroo-single-to-double-stroller-2025-black-midnight-black-misty-white&intsrc=APIG_26298
Bugaboo,Kangaroo,861.99,1099,22,true,"Bugaboo Kangaroo Single To Double Stroller, 2025, Black, Desert Taupe, Desert Taupe",https://goodbuygear.pxf.io/c/6560395/3226197/40600?prodsku=43775295389799&u=https%3A%2F%2Fgoodbuygear.com%2Fproducts%2Fbugaboo-kangaroo-single-to-double-stroller-2025-black-desert-taupe-desert-taupe-2&intsrc=APIG_26298
Bugaboo,Kangaroo,861.99,1099,22,true,"Bugaboo Kangaroo Single To Double Stroller, 2024, Black, Midnight Black, Misty White",https://goodbuygear.pxf.io/c/6560395/3226197/40600?prodsku=42032834838631&u=https%3A%2F%2Fgoodbuygear.com%2Fproducts%2Fbugaboo-kangaroo-single-to-double-stroller-2024-black-midnight-black-misty-white-9&intsrc=APIG_26298
Bugaboo,Kangaroo,861.99,1099,22,true,"Bugaboo Kangaroo Single To Double Stroller, 2024, Black, Dark Cherry, Dark Cherry",https://goodbuygear.pxf.io/c/6560395/3226197/40600?prodsku=43774996480103&u=https%3A%2F%2Fgoodbuygear.com%2Fproducts%2Fbugaboo-kangaroo-single-to-double-stroller-2024-black-dark-cherry-dark-cherry-5&intsrc=APIG_26298
Bugaboo,Kangaroo,861.99,1099,22,true,"Bugaboo Kangaroo Single To Double Stroller, 2024, Black, Dark Cherry, Dark Cherry",https://goodbuygear.pxf.io/c/6560395/3226197/40600?prodsku=42081387413607&u=https%3A%2F%2Fgoodbuygear.com%2Fproducts%2Fbugaboo-kangaroo-single-to-double-stroller-2024-black-dark-cherry-dark-cherry-3&intsrc=APIG_26298
Bugaboo,Kangaroo,861.99,1099,22,true,"Bugaboo Kangaroo Single To Double Stroller, 2024, Black, Midnight Black, Midnight Black",https://goodbuygear.pxf.io/c/6560395/3226197/40600?prodsku=41272961892455&u=https%3A%2F%2Fgoodbuygear.com%2Fproducts%2Fbugaboo-kangaroo-single-to-double-stroller-2024-black-midnight-black-midnight-black-2&intsrc=APIG_26298
Bugaboo,Kangaroo,861.99,1099,22,true,"Bugaboo Kangaroo Single To Double Stroller, Black, Desert Taupe, Desert Taupe, 2025",https://goodbuygear.pxf.io/c/6560395/3226197/40600?prodsku=42076729999463&u=https%3A%2F%2Fgoodbuygear.com%2Fproducts%2Fbugaboo-kangaroo-single-to-double-stroller-black-desert-taupe-desert-taupe-2026&intsrc=APIG_26298
Bugaboo,Kangaroo,861.99,1099,22,true,"Bugaboo Kangaroo Single To Double Stroller, 2024, Black, Moon Grey, Moon Grey",https://goodbuygear.pxf.io/c/6560395/3226197/40600?prodsku=43742816501863&u=https%3A%2F%2Fgoodbuygear.com%2Fproducts%2Fbugaboo-kangaroo-single-to-double-stroller-2024-black-moon-grey-moon-grey&intsrc=APIG_26298
Bugaboo,Kangaroo,861.99,1099,22,true,"Bugaboo Kangaroo Single To Double Stroller, 2024, Black, Desert Taupe, Desert Taupe",https://goodbuygear.pxf.io/c/6560395/3226197/40600?prodsku=42073974997095&u=https%3A%2F%2Fgoodbuygear.com%2Fproducts%2Fbugaboo-kangaroo-single-to-double-stroller-2024-black-desert-taupe-desert-taupe-9&intsrc=APIG_26298
Bugaboo,Kangaroo,861.99,1099,22,true,"Bugaboo Kangaroo Single To Double Stroller, 2024, Black, Midnight Black, Midnight Black",https://goodbuygear.pxf.io/c/6560395/3226197/40600?prodsku=43775578144871&u=https%3A%2F%2Fgoodbuygear.com%2Fproducts%2Fbugaboo-kangaroo-single-to-double-stroller-2024-black-midnight-black-midnight-black-17&intsrc=APIG_26298
Bugaboo,Kangaroo,861.99,1099,22,true,"Bugaboo Kangaroo Single To Double Stroller, 2025, Black, Forest Green, Forest Green",https://goodbuygear.pxf.io/c/6560395/3226197/40600?prodsku=43784557166695&u=https%3A%2F%2Fgoodbuygear.com%2Fproducts%2Fbugaboo-kangaroo-single-to-double-stroller-2025-black-forest-green-forest-green-6&intsrc=APIG_26298
Bugaboo,Kangaroo,861.99,1099,22,true,"Bugaboo Kangaroo Single To Double Stroller, Black, Midnight Black, Midnight Black, 2024",https://goodbuygear.pxf.io/c/6560395/3226197/40600?prodsku=40973789462631&u=https%3A%2F%2Fgoodbuygear.com%2Fproducts%2Fbugaboo-kangaroo-single-to-double-stroller-2024-midnight-black&intsrc=APIG_26298
Bugaboo,Kangaroo,861.99,1099,22,true,"Bugaboo Kangaroo Single To Double Stroller, 2024, Black, Dark Cherry, Dark Cherry",https://goodbuygear.pxf.io/c/6560395/3226197/40600?prodsku=42371464822887&u=https%3A%2F%2Fgoodbuygear.com%2Fproducts%2Fbugaboo-kangaroo-single-to-double-stroller-2024-black-dark-cherry-dark-cherry-4&intsrc=APIG_26298
Bugaboo,Kangaroo,861.99,1099,22,true,"Bugaboo Kangaroo Single To Double Stroller, 2024, Black, Midnight Black, Midnight Black",https://goodbuygear.pxf.io/c/6560395/3226197/40600?prodsku=43844828299367&u=https%3A%2F%2Fgoodbuygear.com%2Fproducts%2Fbugaboo-kangaroo-single-to-double-stroller-2024-black-midnight-black-midnight-black-18&intsrc=APIG_26298
Bugaboo,Kangaroo,861.99,1099,22,true,"Bugaboo Kangaroo Single To Double Stroller, 2024, Black, Midnight Black, Misty White",https://goodbuygear.pxf.io/c/6560395/3226197/40600?prodsku=43781445943399&u=https%3A%2F%2Fgoodbuygear.com%2Fproducts%2Fbugaboo-kangaroo-single-to-double-stroller-2024-black-midnight-black-misty-white-11&intsrc=APIG_26298
Bugaboo,Kangaroo,861.99,1099,22,true,"Bugaboo Kangaroo Single To Double Stroller, 2026, Black, Forest Green, Forest Green",https://goodbuygear.pxf.io/c/6560395/3226197/40600?prodsku=42409452306535&u=https%3A%2F%2Fgoodbuygear.com%2Fproducts%2Fbugaboo-kangaroo-single-to-double-stroller-2026-black-forest-green-forest-green-1&intsrc=APIG_26298
Bugaboo,Kangaroo,861.99,1099,22,true,"Bugaboo Kangaroo Single To Double Stroller, 2026, Black, Moon Grey, Moon Grey",https://goodbuygear.pxf.io/c/6560395/3226197/40600?prodsku=42399698845799&u=https%3A%2F%2Fgoodbuygear.com%2Fproducts%2Fbugaboo-kangaroo-single-to-double-stroller-2026-black-moon-grey-moon-grey&intsrc=APIG_26298
Delta Children,Jeep Sport,195.29,249.99,22,true,"Delta Children Jeep Sport All-Terrain Stroller Wagon, Grey with Olive Green",https://goodbuygear.pxf.io/c/6560395/3226197/40600?prodsku=41634747940967&u=https%3A%2F%2Fgoodbuygear.com%2Fproducts%2Fdelta-children-jeep-sport-all-terrain-stroller-wagon-grey-with-olive-green-2&intsrc=APIG_26298
Joie,Chive,387.59,499.99,22,true,"Joie Chive Single-to-Double Stroller, Dove, 2025",https://goodbuygear.pxf.io/c/6560395/3226197/40600?prodsku=42353181327463&u=https%3A%2F%2Fgoodbuygear.com%2Fproducts%2Fjoie-chive-single-to-double-stroller-2025-dove&intsrc=APIG_26298
Joie,Chive,387.59,499.99,22,true,"Joie Chive Single-to-Double Stroller, 2026, Dove",https://goodbuygear.pxf.io/c/6560395/3226197/40600?prodsku=43769464455271&u=https%3A%2F%2Fgoodbuygear.com%2Fproducts%2Fjoie-chive-single-to-double-stroller-2026-dove&intsrc=APIG_26298
Joie,Chive,387.59,499.99,22,true,"Joie Chive Single-to-Double Stroller, Thunder, 2025",https://goodbuygear.pxf.io/c/6560395/3226197/40600?prodsku=42266863861863&u=https%3A%2F%2Fgoodbuygear.com%2Fproducts%2Fjoie-chive-single-to-double-stroller-thunder-2025&intsrc=APIG_26298
Joie,Chive,387.59,499.99,22,true,"Joie Chive Single-to-Double Stroller, 2025, Shale",https://goodbuygear.pxf.io/c/6560395/3226197/40600?prodsku=42390893101159&u=https%3A%2F%2Fgoodbuygear.com%2Fproducts%2Fjoie-chive-single-to-double-stroller-2025-shale&intsrc=APIG_26298
Evenflo,Shyft Intuiti+,364.99,459.99,21,true,"Evenflo Shyft Intuiti+ Stroller, Original, Dubhan, 2026",https://goodbuygear.pxf.io/c/6560395/3226197/40600?prodsku=43768803033191&u=https%3A%2F%2Fgoodbuygear.com%2Fproducts%2Fevenflo-shyft-intuiti-stroller-original-dubhan-2026&intsrc=APIG_26298
Mompush,Meteor 2,149.99,189.99,21,true,"Mompush Meteor 2 Stroller, 2024, Black, Black Frame",https://goodbuygear.pxf.io/c/6560395/3226197/40600?prodsku=43948373672039&u=https%3A%2F%2Fgoodbuygear.com%2Fproducts%2Fmompush-meteor-2-stroller-2024-black-black-frame&intsrc=APIG_26298
Joolz,Hub2,679.99,849,20,true,"Joolz Hub2 Compact Stroller, 2024, Sandy Taupe",https://goodbuygear.pxf.io/c/6560395/3226197/40600?prodsku=43942028181607&u=https%3A%2F%2Fgoodbuygear.com%2Fproducts%2Fjoolz-hub2-compact-stroller-2024-sandy-taupe-7&intsrc=APIG_26298
Momcozy,ChangeGo Baby,561.74,699.99,20,true,"Momcozy ChangeGO Baby Stroller, Black, 2025",https://goodbuygear.pxf.io/c/6560395/3226197/40600?prodsku=41894782402663&u=https%3A%2F%2Fgoodbuygear.com%2Fproducts%2Fmomcozy-changego-baby-stroller-black-2025&intsrc=APIG_26298
Nuna,MIXX next,742.89,925,20,true,"Nuna MIXX Next Stroller, 2024, Droplet Dot",https://goodbuygear.pxf.io/c/6560395/3226197/40600?prodsku=41110369370215&u=https%3A%2F%2Fgoodbuygear.com%2Fproducts%2Fnuna-mixx-next-stroller-2024-droplet-dot-1&intsrc=APIG_26298
Orbit Baby,G5,96,120,20,true,"Orbit Baby G5 Stroller Pannier Set",https://goodbuygear.pxf.io/c/6560395/3226197/40600?prodsku=43866323779687&u=https%3A%2F%2Fgoodbuygear.com%2Fproducts%2Fg5-stroller-pannier-set&intsrc=APIG_26298
Thule,Urban Glide 3 Double,805.99,999.95,19,true,"Thule Urban Glide 3 Double Stroller, 2025, Black, Magnetic Harness",https://goodbuygear.pxf.io/c/6560395/3226197/40600?prodsku=43856544202855&u=https%3A%2F%2Fgoodbuygear.com%2Fproducts%2Fthule-urban-glide-3-double-stroller-2025-black-magnetic-harness-10&intsrc=APIG_26298
Bugaboo,Butterfly 2,499.99,599,17,true,"Bugaboo Butterfly 2 Stroller, 2025, Black, Heritage Black, Heritage Black",https://goodbuygear.pxf.io/c/6560395/3226197/40600?prodsku=42303571034215&u=https%3A%2F%2Fgoodbuygear.com%2Fproducts%2Fbugaboo-butterfly-2-stroller-2025-black-heritage-black&intsrc=APIG_26298
Bugaboo,Butterfly 2,499.99,599,17,true,"Bugaboo Butterfly 2 Stroller, 2023, Black, Desert Taupe, Desert Taupe",https://goodbuygear.pxf.io/c/6560395/3226197/40600?prodsku=43801187319911&u=https%3A%2F%2Fgoodbuygear.com%2Fproducts%2Fbugaboo-butterfly-2-stroller-2023-black-desert-taupe-desert-taupe&intsrc=APIG_26298
Bugaboo,Butterfly 2,499.99,599,17,true,"Bugaboo Butterfly 2 Stroller, 2026, Heritage Black, Heritage Black, Heritage Blak",https://goodbuygear.pxf.io/c/6560395/3226197/40600?prodsku=43830261874791&u=https%3A%2F%2Fgoodbuygear.com%2Fproducts%2Fbugaboo-butterfly-2-stroller-2026-heritage-black-heritage-black-heritage-blak&intsrc=APIG_26298
Bugaboo,Butterfly 2,499.99,599,17,true,"Bugaboo Butterfly 2 Stroller, Black, Heritage Black, Heritage Black",https://goodbuygear.pxf.io/c/6560395/3226197/40600?prodsku=41544027144295&u=https%3A%2F%2Fgoodbuygear.com%2Fproducts%2Fbugaboo-butterfly-2-stroller-black-heritage-black-heritage-black&intsrc=APIG_26298
Bugaboo,Butterfly 2,499.99,599,17,true,"Bugaboo Butterfly 2 Stroller, 2025, Black, Midnight Black, Midnight Black",https://goodbuygear.pxf.io/c/6560395/3226197/40600?prodsku=44112229236839&u=https%3A%2F%2Fgoodbuygear.com%2Fproducts%2Fbugaboo-butterfly-2-stroller-2025-black-midnight-black-midnight-black-9&intsrc=APIG_26298
Bugaboo,Butterfly 2,499.99,599,17,true,"Bugaboo Butterfly 2 Stroller, Desert Taupe, Desert Taupe, 2025, Black",https://goodbuygear.pxf.io/c/6560395/3226197/40600?prodsku=43775545639015&u=https%3A%2F%2Fgoodbuygear.com%2Fproducts%2Fbugaboo-butterfly-2-stroller-desert-taupe-desert-taupe-2025-black&intsrc=APIG_26298
Bugaboo,Butterfly 2,499.99,599,17,true,"Bugaboo Butterfly 2 Stroller, Black, Forest Green, Forest Green",https://goodbuygear.pxf.io/c/6560395/3226197/40600?prodsku=41600832798823&u=https%3A%2F%2Fgoodbuygear.com%2Fproducts%2Fbugaboo-butterfly-2-stroller-black-forest-green-forest-green&intsrc=APIG_26298
Bugaboo,Butterfly 2,499.99,599,17,true,"Bugaboo Butterfly 2 Stroller, 2025, Black, Dusty pink, Dusty pink",https://goodbuygear.pxf.io/c/6560395/3226197/40600?prodsku=42178062647399&u=https%3A%2F%2Fgoodbuygear.com%2Fproducts%2Fbugaboo-butterfly-2-stroller-2025-black-dusty-pink-dusty-pink&intsrc=APIG_26298
Bugaboo,Butterfly 2,499.99,599,17,true,"Bugaboo Butterfly 2 Stroller, Black, Desert Taupe, Desert Taupe",https://goodbuygear.pxf.io/c/6560395/3226197/40600?prodsku=41452263276647&u=https%3A%2F%2Fgoodbuygear.com%2Fproducts%2Fbugaboo-butterfly-2-stroller-black-desert-taupe-desert-taupe&intsrc=APIG_26298
Bugaboo,Butterfly 2,499.99,599,17,true,"Bugaboo Butterfly 2 Stroller, 2024, Black, Heritage Black, Heritage Black",https://goodbuygear.pxf.io/c/6560395/3226197/40600?prodsku=43963345371239&u=https%3A%2F%2Fgoodbuygear.com%2Fproducts%2Fbugaboo-butterfly-2-stroller-2024-black-heritage-black-heritage-black&intsrc=APIG_26298
Bugaboo,Butterfly 2,499.99,599,17,true,"Bugaboo Butterfly 2 Stroller, 2025, Black, Midnight Black, Midnight Black",https://goodbuygear.pxf.io/c/6560395/3226197/40600?prodsku=42081260077159&u=https%3A%2F%2Fgoodbuygear.com%2Fproducts%2Fbugaboo-butterfly-2-stroller-2025-black-midnight-black-midnight-black-1&intsrc=APIG_26298
Bugaboo,Butterfly 2,499.99,599,17,true,"Bugaboo Butterfly 2 Stroller, 2025, Black, Stormy Blue, Stormy Blue",https://goodbuygear.pxf.io/c/6560395/3226197/40600?prodsku=42080983941223&u=https%3A%2F%2Fgoodbuygear.com%2Fproducts%2Fbugaboo-butterfly-2-stroller-2025-black-stormy-blue-stormy-blue&intsrc=APIG_26298
Bugaboo,Butterfly 2,499.99,599,17,true,"Bugaboo Butterfly 2 Stroller, 2025, Black, Deep Indigo, Deep Indigo",https://goodbuygear.pxf.io/c/6560395/3226197/40600?prodsku=41661636935783&u=https%3A%2F%2Fgoodbuygear.com%2Fproducts%2Fbugaboo-butterfly-2-stroller-2025-black-deep-indigo-deep-indigo&intsrc=APIG_26298
Bugaboo,Butterfly 2,499.99,599,17,true,"Bugaboo Butterfly 2 Stroller, 2025, Black, Heritage Black, Heritage Black",https://goodbuygear.pxf.io/c/6560395/3226197/40600?prodsku=44124547055719&u=https%3A%2F%2Fgoodbuygear.com%2Fproducts%2Fbugaboo-butterfly-2-stroller-2025-black-heritage-black-heritage-black-52&intsrc=APIG_26298
Bugaboo,Butterfly 2,499.99,599,17,true,"Bugaboo Butterfly 2 Stroller, Black, Heritage Black, Heritage Black",https://goodbuygear.pxf.io/c/6560395/3226197/40600?prodsku=41603423731815&u=https%3A%2F%2Fgoodbuygear.com%2Fproducts%2Fbugaboo-butterfly-2-stroller-black-heritage-black-heritage-black-1&intsrc=APIG_26298
Graco,FastAction Jogger LX,182.23,219.99,17,true,"Graco FastAction Jogger LX Stroller, 2024, Redmond Fashion",https://goodbuygear.pxf.io/c/6560395/3226197/40600?prodsku=41937075044455&u=https%3A%2F%2Fgoodbuygear.com%2Fproducts%2Fgraco-fastaction-jogger-lx-stroller-2024-redmond-fashion-1&intsrc=APIG_26298
Evenflo,Shyft Intuiti+,364.99,429.99,15,true,"Evenflo Shyft Intuiti+ Stroller, Quartz, 2025, Green & Gentle Fabric",https://goodbuygear.pxf.io/c/6560395/3226197/40600?prodsku=42857307504743&u=https%3A%2F%2Fgoodbuygear.com%2Fproducts%2Fevenflo-shyft-intuiti-stroller-quartz-2025-green-gentle-fabric&intsrc=APIG_26298
Evenflo,Shyft Intuiti+,364.99,429.99,15,true,"Evenflo Shyft Intuiti+ Stroller, 2025, Green & Gentle Fabric, Quartz",https://goodbuygear.pxf.io/c/6560395/3226197/40600?prodsku=43763833667687&u=https%3A%2F%2Fgoodbuygear.com%2Fproducts%2Fevenflo-shyft-intuiti-stroller-2025-green-gentle-fabric-quartz&intsrc=APIG_26298
UPPAbaby,Cruz V3,761.24,899.99,15,true,"UPPAbaby CRUZ V3 Stroller, 2025, Declan (Oat Mélange)",https://goodbuygear.pxf.io/c/6560395/3226197/40600?prodsku=42180266360935&u=https%3A%2F%2Fgoodbuygear.com%2Fproducts%2Fuppababy-cruz-v3-stroller-2025-declan-oat-melange-1&intsrc=APIG_26298
UPPAbaby,Cruz V3,761.24,899.99,15,true,"UPPAbaby CRUZ V3 Stroller, 2025, Jake (Charcoal)",https://goodbuygear.pxf.io/c/6560395/3226197/40600?prodsku=42310027247719&u=https%3A%2F%2Fgoodbuygear.com%2Fproducts%2Fuppababy-cruz-v3-stroller-2025-jake-charcoal-2&intsrc=APIG_26298
UPPAbaby,Cruz V3,761.24,899.99,15,true,"UPPAbaby CRUZ V3 Stroller, 2025, Jake (Charcoal)",https://goodbuygear.pxf.io/c/6560395/3226197/40600?prodsku=41818515603559&u=https%3A%2F%2Fgoodbuygear.com%2Fproducts%2Fuppababy-cruz-v3-stroller-2025-jake-charcoal&intsrc=APIG_26298
UPPAbaby,Cruz V3,761.24,899.99,15,true,"UPPAbaby CRUZ V3 Stroller, 2025, Jake (Charcoal)",https://goodbuygear.pxf.io/c/6560395/3226197/40600?prodsku=43843076128871&u=https%3A%2F%2Fgoodbuygear.com%2Fproducts%2Fuppababy-cruz-v3-stroller-2025-jake-charcoal-4&intsrc=APIG_26298
Bumbleride,Indie,685.05,799,14,true,"Bumbleride Indie Stroller, 2025, Black",https://goodbuygear.pxf.io/c/6560395/3226197/40600?prodsku=42255646425191&u=https%3A%2F%2Fgoodbuygear.com%2Fproducts%2Fbumbleride-indie-stroller-2025-black-4&intsrc=APIG_26298
Nuna,DEMI next,860.99,1000,14,true,"Nuna Demi Next Stroller, 2025, Caviar",https://goodbuygear.pxf.io/c/6560395/3226197/40600?prodsku=44108919242855&u=https%3A%2F%2Fgoodbuygear.com%2Fproducts%2Fnuna-demi-next-stroller-2025-caviar&intsrc=APIG_26298
WonderFold,W2 Elite Pro,513.7,599,14,true,"Wonderfold W2 Elite Pro Stroller Wagon, 2024, Jet Black",https://goodbuygear.pxf.io/c/6560395/3226197/40600?prodsku=43757081067623&u=https%3A%2F%2Fgoodbuygear.com%2Fproducts%2Fwonderfold-w2-elite-pro-stroller-wagon-2024-jet-black&intsrc=APIG_26298
BOB,Revolution Flex 3.0 Duallie,871.99,999.99,13,true,"BOB Revolution Flex 3.0 Duallie Stroller, 2024, Graphite Black",https://goodbuygear.pxf.io/c/6560395/3226197/40600?prodsku=43831556997223&u=https%3A%2F%2Fgoodbuygear.com%2Fproducts%2Fbob-revolution-flex-3-0-duallie-stroller-2024-graphite-black-3&intsrc=APIG_26298
Mompush,Lithe V2,159.99,179.99,11,true,"Mompush Lithe V2 Stroller, 2024, Grey",https://goodbuygear.pxf.io/c/6560395/3226197/40600?prodsku=43847529824359&u=https%3A%2F%2Fgoodbuygear.com%2Fproducts%2Fmompush-lithe-v2-stroller-2024-grey-2&intsrc=APIG_26298
Mompush,Lithe V2,159.99,179.99,11,true,"Mompush Lithe V2 Stroller, 2026, Black",https://goodbuygear.pxf.io/c/6560395/3226197/40600?prodsku=43790424080487&u=https%3A%2F%2Fgoodbuygear.com%2Fproducts%2Fmompush-lithe-v2-stroller-2026-black&intsrc=APIG_26298
Mompush,Lithe V2,159.99,179.99,11,true,"Mompush Lithe V2 Stroller, 2025, Forest",https://goodbuygear.pxf.io/c/6560395/3226197/40600?prodsku=43735505862759&u=https%3A%2F%2Fgoodbuygear.com%2Fproducts%2Fmompush-lithe-v2-stroller-2025-forest&intsrc=APIG_26298
Mompush,Lithe V2,159.99,179.99,11,true,"Mompush Lithe V2 Stroller, 2026, Black",https://goodbuygear.pxf.io/c/6560395/3226197/40600?prodsku=43872662814823&u=https%3A%2F%2Fgoodbuygear.com%2Fproducts%2Fmompush-lithe-v2-stroller-2026-black-14&intsrc=APIG_26298
Mompush,Lithe V2,159.99,179.99,11,true,"Mompush Lithe V2 Stroller, 2026, Khaki",https://goodbuygear.pxf.io/c/6560395/3226197/40600?prodsku=43869610672231&u=https%3A%2F%2Fgoodbuygear.com%2Fproducts%2Fmompush-lithe-v2-stroller-2026-khaki-4&intsrc=APIG_26298
Mompush,Lithe V2,159.99,179.99,11,true,"Mompush Lithe V2 Stroller, 2026, Black",https://goodbuygear.pxf.io/c/6560395/3226197/40600?prodsku=43787072602215&u=https%3A%2F%2Fgoodbuygear.com%2Fproducts%2Fmompush-lithe-v2-stroller-2026-black-1&intsrc=APIG_26298
Mompush,Lithe V2,159.99,179.99,11,true,"Mompush Lithe V2 Stroller, 2024, Grey",https://goodbuygear.pxf.io/c/6560395/3226197/40600?prodsku=43781488836711&u=https%3A%2F%2Fgoodbuygear.com%2Fproducts%2Fmompush-lithe-v2-stroller-2024-grey&intsrc=APIG_26298
Mompush,Lithe V2,159.99,179.99,11,true,"Mompush Lithe V2 Stroller, 2025, Khaki",https://goodbuygear.pxf.io/c/6560395/3226197/40600?prodsku=43794074730599&u=https%3A%2F%2Fgoodbuygear.com%2Fproducts%2Fmompush-lithe-v2-stroller-2025-khaki-1&intsrc=APIG_26298
Mompush,Lithe V2,159.99,179.99,11,true,"Mompush Lithe V2 Stroller, 2025, Forest",https://goodbuygear.pxf.io/c/6560395/3226197/40600?prodsku=43845529075815&u=https%3A%2F%2Fgoodbuygear.com%2Fproducts%2Fmompush-lithe-v2-stroller-2025-forest-4&intsrc=APIG_26298
Mompush,Lithe V2,159.99,179.99,11,true,"Mompush Lithe V2 Stroller, 2026, Khaki",https://goodbuygear.pxf.io/c/6560395/3226197/40600?prodsku=43787160748135&u=https%3A%2F%2Fgoodbuygear.com%2Fproducts%2Fmompush-lithe-v2-stroller-2026-khaki&intsrc=APIG_26298
Mompush,Lithe V2,159.99,179.99,11,true,"Mompush Lithe V2 Stroller, 2026, Forest",https://goodbuygear.pxf.io/c/6560395/3226197/40600?prodsku=43781871861863&u=https%3A%2F%2Fgoodbuygear.com%2Fproducts%2Fmompush-lithe-v2-stroller-2026-forest&intsrc=APIG_26298
UPPAbaby,Cruz V3,801.23,899.99,11,true,"UPPAbaby CRUZ V3 Stroller, 2025, Greyson (Grey Mélange)",https://goodbuygear.pxf.io/c/6560395/3226197/40600?prodsku=41806817132647&u=https%3A%2F%2Fgoodbuygear.com%2Fproducts%2Fuppababy-cruz-v3-stroller-2025-greyson-grey-melange&intsrc=APIG_26298
Nuna,SWIV,900.99,1000,10,true,"Nuna SWIV Stroller, Droplet Dot, 2024",https://goodbuygear.pxf.io/c/6560395/3226197/40600?prodsku=42220931383399&u=https%3A%2F%2Fgoodbuygear.com%2Fproducts%2Fnuna-swiv-stroller-droplet-dot-2024&intsrc=APIG_26298
UPPAbaby,Minu V3,449.99,499.99,10,true,"UPPAbaby MINU V3 Stroller, 2025, Jake (Charcoal/Black)",https://goodbuygear.pxf.io/c/6560395/3226197/40600?prodsku=41957295554663&u=https%3A%2F%2Fgoodbuygear.com%2Fproducts%2Fuppababy-minu-v3-stroller-2025-jake-charcoal-black-8&intsrc=APIG_26298
UPPAbaby,Minu V3,449.99,499.99,10,true,"UPPAbaby MINU V3 Stroller, 2026, Greyson (Charcoal Melange)",https://goodbuygear.pxf.io/c/6560395/3226197/40600?prodsku=43869407674471&u=https%3A%2F%2Fgoodbuygear.com%2Fproducts%2Fuppababy-minu-v3-stroller-2026-greyson-charcoal-melange&intsrc=APIG_26298
UPPAbaby,Minu V3,449.99,499.99,10,true,"UPPAbaby MINU V3 Stroller, 2025, Jake (Charcoal/Black)",https://goodbuygear.pxf.io/c/6560395/3226197/40600?prodsku=41502519033959&u=https%3A%2F%2Fgoodbuygear.com%2Fproducts%2Fuppababy-minu-v3-stroller-2025-jake-charcoal-black-2&intsrc=APIG_26298
UPPAbaby,Minu V3,449.99,499.99,10,true,"UPPAbaby MINU V3 Stroller, 2025, Jake (Charcoal/Black)",https://goodbuygear.pxf.io/c/6560395/3226197/40600?prodsku=41585720492135&u=https%3A%2F%2Fgoodbuygear.com%2Fproducts%2Fuppababy-minu-v3-stroller-2025-jake-charcoal-black-3&intsrc=APIG_26298
UPPAbaby,Minu V3,449.99,499.99,10,true,"UPPAbaby MINU V3 Stroller, 2025, Savannah (Pearl Gray Jacquard)",https://goodbuygear.pxf.io/c/6560395/3226197/40600?prodsku=43844765810791&u=https%3A%2F%2Fgoodbuygear.com%2Fproducts%2Fuppababy-minu-v3-stroller-2025-savannah-pearl-gray-jacquard-9&intsrc=APIG_26298
UPPAbaby,Minu V3,449.99,499.99,10,true,"UPPAbaby MINU V3 Stroller, 2025, Greyson (Charcoal Melange)",https://goodbuygear.pxf.io/c/6560395/3226197/40600?prodsku=41710012825703&u=https%3A%2F%2Fgoodbuygear.com%2Fproducts%2Fuppababy-minu-v3-stroller-2025-greyson-charcoal-melange-1&intsrc=APIG_26298
Thule,Urban Glide 3 Double,907.24,999.95,9,true,"Thule Urban Glide 3 Double Stroller, Black, 2024, Click In Buckle",https://goodbuygear.pxf.io/c/6560395/3226197/40600?prodsku=40864489406567&u=https%3A%2F%2Fgoodbuygear.com%2Fproducts%2Fthule-urban-glide-3-double-stroller-black-2024-click-in-buckle&intsrc=APIG_26298
Thule,Urban Glide 3 Double,907.24,999.95,9,true,"Thule Urban Glide 3 Double Stroller, 2025, Black, Magnetic Harness",https://goodbuygear.pxf.io/c/6560395/3226197/40600?prodsku=43844882235495&u=https%3A%2F%2Fgoodbuygear.com%2Fproducts%2Fthule-urban-glide-3-double-stroller-2025-black-magnetic-harness-9&intsrc=APIG_26298
UPPAbaby,Minu Duo,688.27,749.99,8,true,"UPPAbaby Minu Duo Stroller, 2024, Greyson(Charcoal Mélange/Carbon Frame/Saddle Leather)",https://goodbuygear.pxf.io/c/6560395/3226197/40600?prodsku=41270181822567&u=https%3A%2F%2Fgoodbuygear.com%2Fproducts%2Fuppababy-minu-duo-stroller-2024-greysoncharcoal-melange-carbon-frame-saddle-leather&intsrc=APIG_26298
UPPAbaby,Minu Duo,688.27,749.99,8,true,"UPPAbaby Minu Duo Stroller, 2025, Greyson(Charcoal Mélange/Carbon Frame/Saddle Leather)",https://goodbuygear.pxf.io/c/6560395/3226197/40600?prodsku=41929054453863&u=https%3A%2F%2Fgoodbuygear.com%2Fproducts%2Fuppababy-minu-duo-stroller-2025-greysoncharcoal-melange-carbon-frame-saddle-leather-2&intsrc=APIG_26298
BOB,Revolution Flex 3.0 Duallie,1021.99,999.99,,true,"BOB Revolution Flex 3.0 Duallie Stroller, 2024, Graphite Black",https://goodbuygear.pxf.io/c/6560395/3226197/40600?prodsku=44125365796967&u=https%3A%2F%2Fgoodbuygear.com%2Fproducts%2Fbob-revolution-flex-3-0-duallie-stroller-2024-graphite-black-4&intsrc=APIG_26298
