macroBabyId,title,brand,model,productType,action,matchedSource,matchedId,matchedTitle,reasons
cmqx4kfxf00fc3a8u5o4m2y7g,Baby Jogger - Car Seat Adapter for City Mini 2 Double/City Mini Gt 2 Double,Baby Jogger,Baby Jogger - Car Seat Adapter for City Mini 2 Double/City Mini Gt 2 Double,stroller adapter,adapter-review,,,,adapter product retained; compatibility rows are not auto-applied
cmqx4ku6q00jr3a8upiifi4c4,"Baby Jogger - Car Seat Adapter for City Sights, Maxi-Cosi/Nuna/Cybex",Baby Jogger,"Baby Jogger - Car Seat Adapter for City Sights, Maxi-Cosi/Nuna/Cybex",stroller adapter,adapter-review,,,,adapter product retained; compatibility rows are not auto-applied
cmqx4jy8p009u3a8uhmfftzgj,Baby Jogger Car Seat Adapter - Select/Premier - Chicco/Peg Perego,Baby Jogger,Baby Jogger Car Seat Adapter - Select/Premier - Chicco/Peg Perego,stroller adapter,adapter-review,,,,adapter product retained; compatibility rows are not auto-applied
cmqx4l5fg00n93a8uxq17xask,Baby Jogger Car Seat Adapter - Select/Premier - Graco/City Go,Baby Jogger,Baby Jogger Car Seat Adapter - Select/Premier - Graco/City Go,stroller adapter,adapter-review,,,,adapter product retained; compatibility rows are not auto-applied
cmqx4l4wi00n33a8u79pudj0r,Baby Jogger - Car Seat Adapters for Baby Jogger and Graco,Baby Jogger,Baby Jogger - Car Seat Adapters for Baby Jogger and Graco,stroller adapter,adapter-review,,,,adapter product retained; compatibility rows are not auto-applied
cmqx4kmm400hf3a8ul2xqhupd,"Baby Jogger - City Mini Air Lightweight Stroller, Compact Fold",Baby Jogger,City Mini Air,compact stroller,true-new,,,,no conservative existing-product match
cmqx4jplu00763a8u4ip5pk3f,"Baby Jogger - City Mini Air Stroller, Rich Black",Baby Jogger,City Mini Air,compact stroller,true-new,,,,no conservative existing-product match
cmqx4kjyx00gl3a8uk4dxm99u,Baby Jogger - City Mini GT2 Double Stroller Jet Black,Baby Jogger,City Mini GT2 Double,double stroller,attached-offer,babylist-cache,product_8981_352733,Baby Jogger City Mini GT2 Double Stroller in Jet,matched babylist-cache
cmqx4jqec007f3a8uf4mf9wmc,"Baby Jogger - City Mini GT3 Single Stroller, Deep Sea Blue",Baby Jogger,City Mini GT3 Single,compact stroller,true-new,,,,no conservative existing-product match
cmqx4jjyh005f3a8upomg749o,"Baby Jogger - City Mini GT3 Single Stroller, Frosted Ivory",Baby Jogger,City Mini GT3 Single,compact stroller,true-new,,,,no conservative existing-product match
cmqx4kb5o00du3a8ummim93p1,"Baby Jogger - City Tour 2 Double Stroller, Pitch Black",Baby Jogger,City Tour 2 Double,double stroller,attached-offer,babylist-cache,product_8981_184757,Baby Jogger City Tour 2 Double Stroller in Jet,matched babylist-cache
cmqx4kh9k00fr3a8umtyshc42,"Baby Jogger - City Tour 2 Single Stroller, Coastal",Baby Jogger,City Tour 2 Single,travel stroller,attached-offer,babylist-cache,product_8981_184740,"Baby Jogger City Tour 2 Single Stroller in Jet Size 25"" x 19.88"" x 7.48""",matched babylist-cache
cmqx4jwwh009f3a8ud6txjj43,"Baby Jogger - City Tour 2 Single Stroller, Pitch Black",Baby Jogger,City Tour 2 Single,travel stroller,attached-offer,babylist-cache,product_8981_184740,"Baby Jogger City Tour 2 Single Stroller in Jet Size 25"" x 19.88"" x 7.48""",matched babylist-cache
cmqx4ktdx00ji3a8u45e5mpnv,Baby Jogger - Graco Car Seat Adapter City Mini 2 & City Mini GT2 Double Stroller,Baby Jogger,Baby Jogger - Graco Car Seat Adapter City Mini 2 & City Mini GT2 Double Stroller,stroller adapter,adapter-review,,,,adapter product retained; compatibility rows are not auto-applied
cmqx4kyqy00l63a8uwt9sy9vk,Baby Jogger Stroller City Mini Gt3 Bj Rich Black,Baby Jogger,Baby Jogger Stroller City Mini Gt3 Bj Rich Black,compact stroller,true-new,,,,no conservative existing-product match
cmqx4jq4t007c3a8ulidzgu1k,BOB Jogging Stroller Double In Black,BOB,BOB Jogging Stroller Double In Black,double jogging stroller,true-new,,,,no conservative existing-product match
cmqx4jmv2006c3a8ut19hemjk,"BOB - Wayfinder Jogging Stroller, Nightfall",BOB,Wayfinder,jogging stroller,attached-offer,canonical-stroller,bob-wayfinder,BOB Wayfinder,matched canonical-stroller
cmqx4jvl600903a8umwc50e5l,"BOB - Wayfinder Jogging Stroller, Storm",Britax,BOB - Wayfinder,jogging stroller,true-new,,,,no conservative existing-product match
cmqx4jvbt008x3a8uh4i85w7n,Britax - Brook+ Modular Baby Stroller,Britax,Brook+ Modular Baby,full-size stroller,true-new,,,,no conservative existing-product match
cmqx4jv1v008u3a8unvm2s68t,"Britax - Grove Modular Stroller, Lightweight Stroller",Britax,Grove Modular,full-size stroller,attached-offer,babylist-cache,product_8981_1791046,Britax Grove Modular Stroller in Pindot Stone,matched babylist-cache
cmqx4kljx00h33a8ux6lq2s9q,"Britax - Juniper Compact On-The-Go Stroller, Raven Black",Britax,Juniper On-The-Go,full-size stroller,true-new,,,,no conservative existing-product match
cmqx4j4mx000o3a8ufhvt0st8,"Britax - Willow SC Infant Car Seat, Rear Facing Car Seat",Britax,Willow SC,infant car seat,attached-offer,canonical-carseat,cmqt1dq4e00043u44vihpznhm,Britax Willow SC,matched canonical-carseat
cmqx4jcd700333a8uryuciio5,"Britax - Willow S Infant Car Seat with Alpine Anti-Rebound Base, Glacier Onyx",Britax,Willow S,infant car seat,attached-offer,canonical-carseat,britax-willow-s,Britax Willow S,matched canonical-carseat
cmqx4j7ba001i3a8ub00c7ep2,"Britax - Willow S Infant Car Seat with Alpine Anti-Rebound Base, Graphite Onyx",Britax,Willow S,infant car seat,attached-offer,canonical-carseat,britax-willow-s,Britax Willow S,matched canonical-carseat
cmqx4jggd004c3a8ukk9q4kkt,"Britax - Willow S Infant Car Seat with Alpine Anti-Rebound Base, Jade Onyx",Britax,Willow S,infant car seat,attached-offer,canonical-carseat,britax-willow-s,Britax Willow S,matched canonical-carseat
cmqx4jh8j004l3a8ulsnb6vqb,"Britax - Willow S Infant Car Seat with Alpine Anti-Rebound Base, Ruby Onyx",Britax,Willow S,infant car seat,attached-offer,canonical-carseat,britax-willow-s,Britax Willow S,matched canonical-carseat
cmqx4l3un00mr3a8u5z2200ro,Bugaboo - Butterfly 2 Car Seat Adapters,Bugaboo,Bugaboo - Butterfly 2 Car Seat Adapters,stroller adapter,adapter-review,,,,adapter product retained; compatibility rows are not auto-applied
cmqx4k1yt00b03a8uydsjbu4d,"Bugaboo - Butterfly 2 Compact Stroller Complete, Black/Desert Taupe",Bugaboo,Butterfly 2,travel stroller,manual-review,babylist-cache,product_8981_2491084,"Bugaboo Butterfly 2 Complete Stroller in Heritage Black Size 17.6"" x 37.2"" x 40.5"" | 100% Polyester",conflicting conservative matches found
cmqx4khjf00fu3a8unt666m0q,"Bugaboo - Butterfly 2 Compact Stroller Complete, Black/Forest Green",Bugaboo,Butterfly 2,travel stroller,manual-review,babylist-cache,product_8981_2491084,"Bugaboo Butterfly 2 Complete Stroller in Heritage Black Size 17.6"" x 37.2"" x 40.5"" | 100% Polyester",conflicting conservative matches found
cmqx4jltj00603a8uxjszs4y5,"Bugaboo - Butterfly 2 Compact Stroller Complete, Black/Heritage Black",Bugaboo,Butterfly 2,travel stroller,manual-review,babylist-cache,product_8981_2491084,"Bugaboo Butterfly 2 Complete Stroller in Heritage Black Size 17.6"" x 37.2"" x 40.5"" | 100% Polyester",conflicting conservative matches found
cmqx4kad500dl3a8udmj8ibda,"Bugaboo Butterfly 2 Complete Stroller, Black/Dusty Pink",Bugaboo,Butterfly 2,travel stroller,manual-review,babylist-cache,product_8981_2491084,"Bugaboo Butterfly 2 Complete Stroller in Heritage Black Size 17.6"" x 37.2"" x 40.5"" | 100% Polyester",conflicting conservative matches found
cmqx4jwdg00993a8urw1herpv,"Bugaboo - Butterfly Complete Compact Stroller, Black/Forest Green",Bugaboo,Butterfly,travel stroller,manual-review,babylist-cache,product_8981_1154564,"Bugaboo Butterfly Complete Stroller in Midnight Black Size 17.72"" x 9.06"" x 21.26""",conflicting conservative matches found
cmqx4jik200503a8u5fm8esea,"Bugaboo - Butterfly Complete Compact Stroller, Dark Cherry",Bugaboo,Butterfly,travel stroller,manual-review,babylist-cache,product_8981_1154564,"Bugaboo Butterfly Complete Stroller in Midnight Black Size 17.72"" x 9.06"" x 21.26""",conflicting conservative matches found
cmqx4kcqj00ec3a8u52oipuhh,"Bugaboo - Donkey 5 Mono Complete Single-to-Double Stroller, Aluminum/Midnight Black",Bugaboo,Donkey 5 Mono Single-to-Double,single-to-double stroller,true-new,,,,no conservative existing-product match
cmqx4k9ub00df3a8ur426jlh9,"Bugaboo Donkey 6 Complete Stroller, Black/Cocoa Brown",Bugaboo,Donkey 6,single-to-double stroller,attached-offer,babylist-cache,product_8981_2903105,"Bugaboo Donkey 6 Stroller in Desert Taupe Melange Size 34.2"" x 23.6"" x 43.7""",matched babylist-cache
cmqx4jtyo008i3a8u4e9ldx4a,"Bugaboo Donkey 6 Complete Stroller, Black/Deep Indigo",Bugaboo,Donkey 6,single-to-double stroller,attached-offer,babylist-cache,product_8981_2903105,"Bugaboo Donkey 6 Stroller in Desert Taupe Melange Size 34.2"" x 23.6"" x 43.7""",matched babylist-cache
cmqx4k4dz00br3a8uch65ykvg,"Bugaboo Donkey 6 Complete Stroller, Black/Desert Taupe Melange",Bugaboo,Donkey 6,single-to-double stroller,attached-offer,babylist-cache,product_8981_2903105,"Bugaboo Donkey 6 Stroller in Desert Taupe Melange Size 34.2"" x 23.6"" x 43.7""",matched babylist-cache
cmqx4juio008o3a8uxvt6qdu9,Bugaboo Donkey 6 Complete Stroller Black/Fern Green,Bugaboo,Donkey 6,single-to-double stroller,attached-offer,babylist-cache,product_8981_2903105,"Bugaboo Donkey 6 Stroller in Desert Taupe Melange Size 34.2"" x 23.6"" x 43.7""",matched babylist-cache
cmqx4k7x800cu3a8u1fq777o4,Bugaboo Donkey 6 Complete Stroller Black/Heritage Black,Bugaboo,Donkey 6,single-to-double stroller,attached-offer,babylist-cache,product_8981_2903105,"Bugaboo Donkey 6 Stroller in Desert Taupe Melange Size 34.2"" x 23.6"" x 43.7""",matched babylist-cache
cmqx4jjot005c3a8u8nd5klyg,"Bugaboo Donkey 6 Complete Stroller, Black/Heritage Black",Bugaboo,Donkey 6,single-to-double stroller,attached-offer,babylist-cache,product_8981_2903105,"Bugaboo Donkey 6 Stroller in Desert Taupe Melange Size 34.2"" x 23.6"" x 43.7""",matched babylist-cache
cmqx4ju8x008l3a8urkf57rue,"Bugaboo Donkey 6 Complete Stroller, Black/Moon Grey",Bugaboo,Donkey 6,single-to-double stroller,attached-offer,babylist-cache,product_8981_2903105,"Bugaboo Donkey 6 Stroller in Desert Taupe Melange Size 34.2"" x 23.6"" x 43.7""",matched babylist-cache
cmqx4l4dr00mx3a8uc66vl65t,"Bugaboo Donkey Adapter For Select Maxi Cosi Car Seats and Turtle, Mono",Bugaboo,"Bugaboo Donkey Adapter For Select Maxi Cosi Car Seats and Turtle, Mono",stroller adapter,adapter-review,,,,adapter product retained; compatibility rows are not auto-applied
cmqx4l44a00mu3a8us5kq1zcs,Bugaboo - Donkey Twin Car Seat Adapter for Turtle/Nuna/Maxi-Cosi,Bugaboo,Bugaboo - Donkey Twin Car Seat Adapter for Turtle/Nuna/Maxi-Cosi,stroller adapter,adapter-review,,,,adapter product retained; compatibility rows are not auto-applied
cmqx4l4n500n03a8u5ip6xbv8,Bugaboo - Dragonfly Car Seat Adapter for Maxi Cosi/Cybex/Nuna,Bugaboo,Bugaboo - Dragonfly Car Seat Adapter for Maxi Cosi/Cybex/Nuna,stroller adapter,adapter-review,,,,adapter product retained; compatibility rows are not auto-applied
cmqx4j4wu000r3a8uabayt4yq,Bugaboo - Turtle Air Shield by Nuna Car Seat,Bugaboo,Turtle Air Shield by Nuna,infant car seat,true-new,,,,no conservative existing-product match
cmqx4k6aq00cc3a8u7ojpy434,"Chicco BravoFor2 Standing/Sitting Double Stroller, Iron",Chicco,BravoFor2 Standing/Sitting Double,double stroller,true-new,,,,no conservative existing-product match
cmqx4k0c500ai3a8uphbcw5mw,"Chicco Cortina Together Double Stroller, Minerale",Chicco,Cortina Together Double,double stroller,true-new,,,,no conservative existing-product match
cmqx4jb9d002r3a8urqnm1tke,"Chicco Keyfit Max Zip Cleartex Infant Car Seat, Sierra",Chicco,Keyfit Max Zip Cleartex,infant car seat,attached-offer,babylist-cache,product_8981_2383555,Chicco KeyFit Max Zip ClearTex Infant Car Seat in Apex,matched babylist-cache
cmqx4kn4y00hl3a8uz5wg8yan,"Chicco - Presto Self-Folding Compact Stroller, Graphite",Chicco,Presto Self-Folding,travel stroller,true-new,,,,no conservative existing-product match
cmqx4k3c600bf3a8u3fi447ui,"Cybex - Balios S Lux Stroller, Almond Beige",Cybex,Balios S Lux,full-size stroller,attached-offer,babylist-cache,product_8981_2847009,Cybex Balios S Lux Stroller in Almond Beige,matched babylist-cache
cmqx4k0v800ao3a8uk315t0py,"Cybex - Balios S Lux Stroller, Moon Black",Cybex,Balios S Lux,full-size stroller,attached-offer,babylist-cache,product_8981_2847009,Cybex Balios S Lux Stroller in Almond Beige,matched babylist-cache
cmqx4jtds008c3a8uelmo9epc,"Cybex - Balios S Lux Stroller, Stone Grey",Cybex,Balios S Lux,full-size stroller,attached-offer,babylist-cache,product_8981_2847009,Cybex Balios S Lux Stroller in Almond Beige,matched babylist-cache
cmqx4jtnb008f3a8u4b3xsghr,"Cybex - Balios S Lux Stroller, Stormy Blue",Cybex,Balios S Lux,full-size stroller,attached-offer,babylist-cache,product_8981_2847009,Cybex Balios S Lux Stroller in Almond Beige,matched babylist-cache
cmqx4j2zg00063a8u5618wh3c,Cybex - Cloud T Infant Car Seatsensorsafe - Sepia Black,Cybex,Cloud T,infant car seat,attached-offer,canonical-carseat,cybex-cloud-t,Cybex Cloud T,matched canonical-carseat
cmqx4j2q400033a8urpd1tqyt,Cybex - Cloud T With Sensorsafe - Jeremy Scott Wings,Cybex,Cloud T,infant car seat,attached-offer,canonical-carseat,cybex-cloud-t,Cybex Cloud T,matched canonical-carseat
cmqx4k61a00c93a8u77ctu8k5,"Cybex - Coya Compact Lightweight Stroller, Simply Flowers Pale Blush",Cybex,Coya,travel stroller,attached-offer,babylist-cache,product_8981_3045848,Cybex Coya Stroller in Rose Gold Frame/Cozy Beige Lux Seat,matched babylist-cache
cmqx4kltj00h63a8ue34uzg7x,"Cybex - Coya Compact Stroller, Jeremy Scott Wings",Cybex,Coya,travel stroller,attached-offer,babylist-cache,product_8981_3045848,Cybex Coya Stroller in Rose Gold Frame/Cozy Beige Lux Seat,matched babylist-cache
cmqx4ksc000j63a8unk251xze,"Cybex - Coya Compact Stroller, Matte Black/Cozy Beige",Cybex,Coya,travel stroller,attached-offer,babylist-cache,product_8981_3045848,Cybex Coya Stroller in Rose Gold Frame/Cozy Beige Lux Seat,matched babylist-cache
cmqx4kivh00g93a8uku2ryi67,"Cybex - Coya Compact Stroller, Rose Gold/Cozy Beige",Cybex,Coya,travel stroller,attached-offer,babylist-cache,product_8981_3045848,Cybex Coya Stroller in Rose Gold Frame/Cozy Beige Lux Seat,matched babylist-cache
cmqx4jyi0009x3a8u3pz8n601,Cybex - Gold Gazelle S Stroller Car Seat Adapter for Graco/Chicco/Peg Perego,Cybex,Cybex - Gold Gazelle S Stroller Car Seat Adapter for Graco/Chicco/Peg Perego,stroller adapter,adapter-review,,,,adapter product retained; compatibility rows are not auto-applied
cmqx4k02n00af3a8u8gw7r1dp,"Cybex Mios Stroller, Matte Black Frame/Cozy Beige Lux Seat",Cybex,Mios,compact stroller,manual-review,babylist-cache,product_8981_3045831,Cybex MIOS Stroller in Rose Gold Frame/Sepia Black Lux Seat,conflicting conservative matches found
cmqx4k3lu00bi3a8uah3zyofn,"Cybex Mios Stroller, Matte Black Frame/Sepia Black Lux Seat",Cybex,Mios,compact stroller,manual-review,babylist-cache,product_8981_3045831,Cybex MIOS Stroller in Rose Gold Frame/Sepia Black Lux Seat,conflicting conservative matches found
cmqx4k32m00bc3a8umz0no6qg,"Cybex Mios Stroller, Rose Gold Frame/Sepia Black Lux Seat",Cybex,Mios,compact stroller,manual-review,babylist-cache,product_8981_3045831,Cybex MIOS Stroller in Rose Gold Frame/Sepia Black Lux Seat,conflicting conservative matches found
cmqx4jos2006x3a8u6ra6wy5j,Cybex Priam Stroller Matte Black Frame/Coconut Brown Lux Seat,Cybex,Priam,full-size stroller,attached-offer,canonical-stroller,cybex-priam,Cybex Priam,matched canonical-stroller
cmqx4jp2u00703a8uddj7poov,Cybex Priam Stroller Matte Black Frame/Cozy Beige Lux Seat,Cybex,Priam,full-size stroller,attached-offer,canonical-stroller,cybex-priam,Cybex Priam,matched canonical-stroller
cmqx4jpcc00733a8ubgr0mrmk,Cybex Priam Stroller Matte Black Frame/Sepia Black Lux Seat,Cybex,Priam,full-size stroller,attached-offer,canonical-stroller,cybex-priam,Cybex Priam,matched canonical-stroller
cmqx4k6kg00cf3a8u97m1acqx,Cybex Priam Stroller Rose Gold Frame/Sepia Black Lux Seat,Cybex,Priam,full-size stroller,attached-offer,canonical-stroller,cybex-priam,Cybex Priam,matched canonical-stroller
cmqx4jxos009o3a8uyu1l84gs,"Delta Children - Baby Gap 2-In-1 Carriage Stroller, Camo Black",Delta,Children - Baby Gap 2-In-1 Carriage,full-size stroller,true-new,,,,no conservative existing-product match
cmqx4kht300fx3a8ud6k3t7y5,"Delta Children - Baby Gap 2-In-1 Carriage Stroller, Camo Blue",Delta,Children - Baby Gap 2-In-1 Carriage,full-size stroller,true-new,,,,no conservative existing-product match
cmqx4kbf400dx3a8u2u7usaqc,"Delta Children - BabyGap Classic Side-by-Side Double Stroller, Navy Camo",Delta,Children - BabyGap Classic Side-by-Side Double,double stroller,true-new,,,,no conservative existing-product match
cmqx4k4xs00bx3a8u4jqad1u3,"Delta Children - BabyGap Classic Stroller, Pink Stripes",Delta,Children - BabyGap Classic,full-size stroller,true-new,,,,no conservative existing-product match
cmqx4kny700hu3a8up33u63e9,Delta - Gap Classic Umbrella Lightweight Stroller Grey,Delta,Gap Classic Umbrella,full-size stroller,true-new,,,,no conservative existing-product match
cmqx4kqy400ir3a8u4ddkq6v5,"Delta - Jeep Adventureglyde Stroller By Delta Children, Black With Grey",Delta,Jeep Adventureglyde,full-size stroller,true-new,,,,no conservative existing-product match
cmqx4l3l600mo3a8ulcal7fmv,"Doona - 360 Protection, Compatible with Doona Car Seat & Stroller",Doona,360 Protection,full-size stroller,manual-review,,,,suspected accessory or bundle; not attached as a retailer offer
cmqx4l55v00n63a8u7m3rifhe,"Doona+ Infant Car Seat & Stroller, Sahara Sand",Doona,Doona+,infant car seat,true-new,,,,no conservative existing-product match
cmqx4j6ia00193a8ualq8s3mi,"Doona - Infant Car Seat With Base, Deep Blue",Doona,Doona,infant car seat,manual-review,affiliate-catalog,cmqphxvw505iudqwrr4hil0tz,Doona Infant Car Seat & Stroller,conflicting conservative matches found
cmqx4jdo1003i3a8uct9d4wpx,"Doona - Infant Car Seat With Base, Ocean Blue",Doona,Doona,infant car seat,manual-review,affiliate-catalog,cmqphxvw505iudqwrr4hil0tz,Doona Infant Car Seat & Stroller,conflicting conservative matches found
cmqx4j3kg000c3a8ump8m6yan,"Doona - Infant Car Seat With Base, Slate Green",Doona,Doona,infant car seat,manual-review,affiliate-catalog,cmqphxvw505iudqwrr4hil0tz,Doona Infant Car Seat & Stroller,conflicting conservative matches found
cmqx4j7ku001l3a8u5chp992a,"Doona - Infant Car Seat With Base & Stroller, Blush Pink",Doona,Doona,infant car seat,manual-review,affiliate-catalog,cmqphxvw505iudqwrr4hil0tz,Doona Infant Car Seat & Stroller,conflicting conservative matches found
cmqx4j5q000103a8u9m52vzqo,"Doona - Infant Car Seat With Base & Stroller, Desert Green",Doona,Doona,infant car seat,manual-review,affiliate-catalog,cmqphxvw505iudqwrr4hil0tz,Doona Infant Car Seat & Stroller,conflicting conservative matches found
cmqx4j8n0001x3a8ubc57nqtk,"Doona - Infant Car Seat With Base & Stroller, Midnight",Doona,Doona,infant car seat,manual-review,affiliate-catalog,cmqphxvw505iudqwrr4hil0tz,Doona Infant Car Seat & Stroller,conflicting conservative matches found
cmqx4j7u2001o3a8uge1tgdgy,"Doona - Infant Car Seat With Base & Stroller, Nitro Black",Doona,Doona,infant car seat,manual-review,affiliate-catalog,cmqphxvw505iudqwrr4hil0tz,Doona Infant Car Seat & Stroller,conflicting conservative matches found
cmqx4l3bl00ml3a8u29e9fg3r,"Doona - Snap-On Storage, Compatible with Doona Car Seat & Stroller",Doona,Snap-On Storage,full-size stroller,manual-review,,,,suspected accessory or bundle; not attached as a retailer offer
cmqx4kzjd00lf3a8udo4gnwvb,"Ergobaby Metro 3 Deluxe Baby Stroller, Willow Green",Ergobaby,Metro 3 Deluxe Baby,travel stroller,true-new,,,,no conservative existing-product match
cmqx4kq5z00ii3a8uf8lufxa0,"Ergobaby Metro 3 Lightweight Travel Stroller, Natural Beige",Ergobaby,Metro 3 Travel,travel stroller,true-new,,,,no conservative existing-product match
cmqx4kosf00i33a8u7p2sufx1,"Ergobaby Metro 3 Travel Stroller, Onyx Black",Ergobaby,Metro 3 Travel,travel stroller,true-new,,,,no conservative existing-product match
cmqx4jljy005x3a8ucipalfq9,"Ergobaby Metro+ Deluxe Compact Baby Stroller, London Grey",Ergobaby,Metro+ Deluxe Baby,travel stroller,true-new,,,,no conservative existing-product match
cmqx4k1pg00ax3a8u30yey6zr,"Ergobaby Metro+ Deluxe Compact Stroller, Empire State Green",Ergobaby,Metro+ Deluxe,travel stroller,true-new,,,,no conservative existing-product match
cmqx4jt3w00893a8uzxbxpq94,"Graco - Merge Stroller, Swivel Wheel Baby Stroller with 360-Degree Rotating Wheels",Graco,Merge,full-size stroller,attached-offer,babylist-cache,product_8981_2840203,Graco Merge Stroller in Sable,matched babylist-cache
cmqx4jm2s00633a8u09zb0eyx,"Inglesina - Quid³ Compact Lightweight Stroller, Cosmic Black",Inglesina,Quid³,travel stroller,true-new,,,,no conservative existing-product match
cmqx4kr7e00iu3a8utiulono7,"Inglesina - Quid³ Compact Lightweight Stroller, Lunar Beige",Inglesina,Quid³,travel stroller,true-new,,,,no conservative existing-product match
cmqx4kkrm00gu3a8uzn3sbw76,Inglesina - Quid³ Compact Lightweight Stroller - Planet Green,Inglesina,Quid³,travel stroller,true-new,,,,no conservative existing-product match
cmqx4kp1z00i63a8up27bojna,Joolz - Aer² Car Seat Adapter Set,Joolz,Joolz - Aer² Car Seat Adapter Set,stroller adapter,adapter-review,,,,adapter product retained; compatibility rows are not auto-applied
cmqx4jnx0006o3a8u2t52xdjt,"Joolz - Aer² Lightweight Compact Stroller, Calming Beige",Joolz,Aer²,travel stroller,true-new,,,,no conservative existing-product match
cmqx4kmct00hc3a8unghld6ee,"Joolz - Aer² Lightweight Compact Stroller, Dark Navy Blue",Joolz,Aer²,travel stroller,true-new,,,,no conservative existing-product match
cmqx4jpv300793a8u6f8tibe9,"Joolz - Aer² Lightweight Compact Stroller, Forest Green",Joolz,Aer²,travel stroller,true-new,,,,no conservative existing-product match
cmqx4k9kq00dc3a8ubldrmxbe,"Joolz - Aer² Lightweight Compact Stroller, Hazel Brown",Joolz,Aer²,travel stroller,true-new,,,,no conservative existing-product match
cmqx4k7e800co3a8u1oz0tmi6,"Joolz Aer2 Lightweight Compact Stroller, Pebble Grey",Joolz,Aer2,travel stroller,true-new,,,,no conservative existing-product match
cmqx4ksuv00jc3a8ukg4zhqqm,"Joolz - Aer² Lightweight Compact Stroller, Sage Green",Joolz,Aer²,travel stroller,true-new,,,,no conservative existing-product match
cmqx4k9b500d93a8ujopw6k6g,"Joolz - Aer² Lightweight Compact Stroller, Sandy Taupe",Joolz,Aer²,travel stroller,true-new,,,,no conservative existing-product match
cmqx4klap00h03a8ub1ulynrg,Joolz - Aer² Lightweight Compact Stroller Space Black,Joolz,Aer²,travel stroller,true-new,,,,no conservative existing-product match
cmqx4kuhi00ju3a8u15a8k2lm,Joolz - Aer+ Car Seat Adapters,Joolz,Joolz - Aer+ Car Seat Adapters,stroller adapter,adapter-review,,,,adapter product retained; compatibility rows are not auto-applied
cmqx4k5rp00c63a8uledbk9ct,"Joolz - Aer+ Lightweight Compact Stroller, Forest Green",Joolz,Aer+,travel stroller,attached-offer,canonical-stroller,joolz-aer-plus,Joolz Aer+,matched canonical-stroller
cmqx4jkrd005o3a8uq0rnhjhr,Joolz - Aer+ Lightweight Compact Stroller Sage Green,Joolz,Aer+,travel stroller,attached-offer,canonical-stroller,joolz-aer-plus,Joolz Aer+,matched canonical-stroller
cmqx4jzjn00a93a8urjdlu614,"Joolz - Aer+ Lightweight Compact Stroller, Stone Grey",Joolz,Aer+,travel stroller,attached-offer,canonical-stroller,joolz-aer-plus,Joolz Aer+,matched canonical-stroller
cmqx4jo6v006r3a8ua5e763pw,"Joolz Dot Ultra Lightweight Travel Stroller, Dune Beige",Joolz,Dot Ultra Travel,compact stroller,true-new,,,,no conservative existing-product match
cmqx4jogq006u3a8uj6yv505p,"Joolz Dot Ultra Lightweight Travel Stroller, Lagoon Blue",Joolz,Dot Ultra Travel,travel stroller,true-new,,,,no conservative existing-product match
cmqx4ks2t00j33a8ur3fl940z,Joolz - Hub2 Car Seat Adapter Set,Joolz,Joolz - Hub2 Car Seat Adapter Set,stroller adapter,adapter-review,,,,adapter product retained; compatibility rows are not auto-applied
cmqx4kztd00li3a8umch1xqoz,Macrobaby 3Pk Universal Stroller Cart Connector for Twins Car,MacroBaby,3Pk Universal,full-size stroller,manual-review,,,,suspected accessory or bundle; not attached as a retailer offer
cmqx4jaq9002l3a8ued1yztdz,"Maxi-Cosi Ambra Infant Car Seat, Caspian Caviar",Maxi-Cosi,Ambra,infant car seat,attached-offer,babylist-cache,product_8981_2903599,Maxi-Cosi Ambra Infant Car Seat in Escargot,matched babylist-cache
cmqx4jagg002i3a8ut2z5qpow,"Maxi-Cosi Ambra Infant Car Seat, Escargot",Maxi-Cosi,Ambra,infant car seat,attached-offer,babylist-cache,product_8981_2903599,Maxi-Cosi Ambra Infant Car Seat in Escargot,matched babylist-cache
cmqx4jazo002o3a8u2vtwua9t,"Maxi-Cosi Ambra Infant Car Seat, Truffle",Maxi-Cosi,Ambra,infant car seat,attached-offer,babylist-cache,product_8981_2903599,Maxi-Cosi Ambra Infant Car Seat in Escargot,matched babylist-cache
cmqx4jkhy005l3a8ueiwlvnf7,"Maxi-Cosi - Fame Modular Stroller, Twillic Black",Maxi-Cosi,Fame Modular,full-size stroller,true-new,,,,no conservative existing-product match
cmqx4jrse007u3a8uh07h5tdo,"Maxi-Cosi - Fame Modular Stroller, Twillic Truffle",Maxi-Cosi,Fame Modular,full-size stroller,true-new,,,,no conservative existing-product match
cmqx4j5g2000x3a8u6x08zpig,"Maxi-Cosi - Mico Luxe+ Infant Car Seat, Essential Green",Maxi-Cosi,Mico Luxe,infant car seat,attached-offer,canonical-carseat,maxi-cosi-mico-luxe,Maxi-Cosi Mico Luxe,matched canonical-carseat
cmqx4jhri004r3a8ucxpb7rnf,"Maxi-Cosi - Mico Luxe+ Infant Car Seat, Urban Wonder",Maxi-Cosi,Mico Luxe,infant car seat,attached-offer,canonical-carseat,maxi-cosi-mico-luxe,Maxi-Cosi Mico Luxe,matched canonical-carseat
cmqx4j6rr001c3a8uf3a0hl4y,"Maxi-Cosi - Mico Pro+ Infant Car Seat, Oyster Shell",Maxi-Cosi,Mico Pro,infant car seat,attached-offer,babylist-cache,product_8981_2687823,Maxi-Cosi Mico Pro Infant Car Seat in Sea Drift,matched babylist-cache
cmqx4j83o001r3a8updl2xi71,"Maxi-Cosi - Mico Pro Infant Car Seat, Sea Drift",Maxi-Cosi,Mico Pro,infant car seat,attached-offer,babylist-cache,product_8981_2687823,Maxi-Cosi Mico Pro Infant Car Seat in Sea Drift,matched babylist-cache
cmqx4jcma00363a8uc8qe00pa,"Maxi-Cosi - Mico Pro Infant Car Seat, Seascape",Maxi-Cosi,Mico Pro,infant car seat,attached-offer,babylist-cache,product_8981_2687823,Maxi-Cosi Mico Pro Infant Car Seat in Sea Drift,matched babylist-cache
cmqx4j8d8001u3a8ub397hld1,"Maxi-Cosi - Mico Pro + Infant Car Seat, Sea Shadow",Maxi-Cosi,Mico Pro,infant car seat,attached-offer,babylist-cache,product_8981_2687823,Maxi-Cosi Mico Pro Infant Car Seat in Sea Drift,matched babylist-cache
cmqx4ja70002f3a8ujz87aold,"Maxi-Cosi - Mico Pro Infant Car Seat, Sea Shadow",Maxi-Cosi,Mico Pro,infant car seat,attached-offer,babylist-cache,product_8981_2687823,Maxi-Cosi Mico Pro Infant Car Seat in Sea Drift,matched babylist-cache
cmqx4kv8t00k33a8uds3wt3s6,"Maxi-Cosi - Oxford Cabin Lightweight Travel Stroller, Sea Shadow",Maxi-Cosi,Oxford Cabin Travel,full-size stroller,attached-offer,babylist-cache,product_8981_2848466,Maxi-Cosi Oxford Cabin Travel Stroller in Truffle,matched babylist-cache
cmqx4k3v800bl3a8u9rn6qrn6,"Maxi-Cosi - Oxford Cabin Lightweight Travel Stroller, Truffle",Maxi-Cosi,Oxford Cabin Travel,full-size stroller,attached-offer,babylist-cache,product_8981_2848466,Maxi-Cosi Oxford Cabin Travel Stroller in Truffle,matched babylist-cache
cmqx4jcvg00393a8u9s5230ek,"Maxi-Cosi - Peri 180 Rotating Infant Car Seat, Desert Wonder",Maxi-Cosi,Peri 180,infant car seat,attached-offer,babylist-cache,product_8981_1929884,Maxi-Cosi Peri 180 Rotating Infant Car Seat in Onyx Wonder | 100% Recycled,matched babylist-cache
cmqx4j4dl000l3a8u26phazga,"Maxi-Cosi - Peri 180° Rotating Infant Car Seat Kindred Collection, Natural Heritage",Maxi-Cosi,Peri 180°,infant car seat,attached-offer,babylist-cache,product_8981_1929884,Maxi-Cosi Peri 180 Rotating Infant Car Seat in Onyx Wonder | 100% Recycled,matched babylist-cache
cmqx4jg6x00493a8uyiq7ge0y,"Maxi-Cosi - Peri 180° Rotating Infant Car Seat Kindred Collection, Onyx Heritage",Maxi-Cosi,Peri 180°,infant car seat,attached-offer,babylist-cache,product_8981_1929884,Maxi-Cosi Peri 180 Rotating Infant Car Seat in Onyx Wonder | 100% Recycled,matched babylist-cache
cmqx4j43z000i3a8uw0soazwh,"Maxi-Cosi - Peri 180 Rotating Infant Car Seat, Onyx Wonder",Maxi-Cosi,Peri 180,infant car seat,attached-offer,babylist-cache,product_8981_1929884,Maxi-Cosi Peri 180 Rotating Infant Car Seat in Onyx Wonder | 100% Recycled,matched babylist-cache
cmqx4kz0t00l93a8uj41ab0df,"Mercedes Amg Gt² Single Stroller, 622 Sienabraun",Mercedes,Amg Gt² Single,full-size stroller,true-new,,,,no conservative existing-product match
cmqx4kza800lc3a8u2qchgg1q,"Mercedes Performance Single Stroller, 616 Truffle",Mercedes,Performance Single,full-size stroller,true-new,,,,no conservative existing-product match
cmqx4k6uf00ci3a8undpbwbsa,Mima - Creo Stroller Black Chassis & Mocha Cream Seat,Mima,Creo,full-size stroller,attached-offer,canonical-stroller,mima-creo,Mima Creo,matched canonical-stroller
cmqx4jsl100833a8uti1a38j0,"Mima - Miro Compact Stroller, Black Chassis/Black Seat",Mima,Miro,travel stroller,true-new,,,,no conservative existing-product match
cmqx4k1g700au3a8u76fh4lxc,"Mima Miro Compact Stroller, Black Chassis/Mocha Cream Seat",Mima,Miro,travel stroller,true-new,,,,no conservative existing-product match
cmqx4jiai004x3a8uz9d853dj,"Mima - Miro Compact Stroller, Black Chassis/White Seat",Mima,Miro,travel stroller,true-new,,,,no conservative existing-product match
cmqx4kwjq00ki3a8uhc4w7860,"Momcozy Clickgo Lightweight Stroller, Black",Momcozy,Clickgo,full-size stroller,manual-review,babylist-cache,product_8981_2317733,"Momcozy ClickGo Lightweight Stroller in Black Size 40.55"" x 20"" x 33.66""",conflicting conservative matches found
cmqx4k2t600b93a8uubda9ahg,"Nuna DEMI Icon Stroller, Caviar",Nuna,DEMI Icon,full-size stroller,attached-offer,canonical-stroller,cmqpqr1et00217qlluhtd1kgv,Nuna DEMI icon,matched canonical-stroller
cmqx4k8pj00d33a8ui4eal1ff,Nuna - Mixx Next Bmw Stroller Element,Nuna,Mixx Next Bmw,full-size stroller,true-new,,,,no conservative existing-product match
cmqx4kboq00e03a8u2c9przef,"Nuna - Mixx Next Stroller With Magnetic Buckle, Biscotti",Nuna,Mixx Next,full-size stroller,attached-offer,canonical-stroller,nuna-mixx-next,Nuna MIXX next,matched canonical-stroller
cmqx4kqf700il3a8ui0eodz00,"Nuna - Mixx Next Stroller With Magnetic Buckle, Caviar",Nuna,Mixx Next,full-size stroller,attached-offer,canonical-stroller,nuna-mixx-next,Nuna MIXX next,matched canonical-stroller
cmqx4jjf600593a8udl7bycra,"Nuna - Mixx Next Stroller With Magnetic Buckle, Granite",Nuna,Mixx Next,full-size stroller,attached-offer,canonical-stroller,nuna-mixx-next,Nuna MIXX next,matched canonical-stroller
cmqx4kkhu00gr3a8ub55gowqc,"Nuna - Mixx Next Stroller With Magnetic Buckle, Monterey (Brixy Exclusive)",Nuna,Mixx Next,full-size stroller,attached-offer,canonical-stroller,nuna-mixx-next,Nuna MIXX next,matched canonical-stroller
cmqx4k16b00ar3a8u5hd7tqw3,"Nuna - Mixx Next With Magnetic Buckle Stroller, Cedar",Nuna,Mixx Next With Magnetic Buckle,full-size stroller,true-new,,,,no conservative existing-product match
cmqx4l32h00mi3a8u93eflxo6,Nuna - Pipa Adapter For Uppababy® Vista® And Cruz®,Nuna,Nuna - Pipa Adapter For Uppababy® Vista® And Cruz®,stroller adapter,adapter-review,,,,adapter product retained; compatibility rows are not auto-applied
cmqx4j68n00163a8uzv7pmif3,"Nuna - Pipa Aire Infant Car Seat, Biscotti",Nuna,Pipa Aire,infant car seat,attached-offer,canonical-carseat,nuna-pipa-lite-rx,Nuna PIPA Aire,matched canonical-carseat
cmqx4jbso002x3a8uk5kow5sb,"Nuna PIPA Aire Infant Car Seat + Pipa Series Base, Caviar",Nuna,PIPA Aire,infant car seat,attached-offer,canonical-carseat,nuna-pipa-lite-rx,Nuna PIPA Aire,matched canonical-carseat
cmqx4je6w003o3a8uo7r8rube,"Nuna - PIPA Aire RX Infant Car Seat + PIPA RELX Base with Load Leg, Cedar",Nuna,PIPA Aire RX,infant car seat,attached-offer,canonical-carseat,nuna-pipa-aire-rx,Nuna PIPA Aire rx,matched canonical-carseat
cmqx4jd4q003c3a8uy12p7j5u,"Nuna - Pipa Aire Rx Infant Car Seat & Relx Base, Biscotti",Nuna,Pipa Aire Rx,infant car seat,attached-offer,canonical-carseat,nuna-pipa-aire-rx,Nuna PIPA Aire rx,matched canonical-carseat
cmqx4jdxj003l3a8uo28gypg6,"Nuna - Pipa Aire Rx Infant Car Seat With Base, Caviar",Nuna,Pipa Aire Rx,infant car seat,attached-offer,canonical-carseat,nuna-pipa-aire-rx,Nuna PIPA Aire rx,matched canonical-carseat
cmqx4jc2e00303a8uttyo0qw5,Nuna - Pipa Aire Rx Infant Car Seat With Base Granite,Nuna,Pipa Aire Rx,infant car seat,attached-offer,canonical-carseat,nuna-pipa-aire-rx,Nuna PIPA Aire rx,matched canonical-carseat
cmqx4j29c00003a8u9tntdcgw,"Nuna - PIPA RX Infant Car Seat + RELX Base with Load Leg, Caviar",Nuna,PIPA RX,infant car seat,attached-offer,canonical-carseat,nuna-pipa-rx,Nuna PIPA RX,matched canonical-carseat
cmqx4jfnk00433a8uqs33qfxk,"Nuna - PIPA RX Infant Car Seat + RELX Base with Load Leg, Granite",Nuna,PIPA RX,infant car seat,attached-offer,canonical-carseat,nuna-pipa-rx,Nuna PIPA RX,matched canonical-carseat
cmqx4j9xg002c3a8u1dfpzzsc,"Nuna Pipa Rx Infant Car Seat with Base, Caviar/Chocolate",Nuna,Pipa Rx,infant car seat,attached-offer,canonical-carseat,nuna-pipa-rx,Nuna PIPA RX,matched canonical-carseat
cmqx4jw3x00963a8uw2n8773w,"Nuna - Swiv Stroller, Acorn",Nuna,Swiv,compact stroller,attached-offer,canonical-stroller,nuna-swiv,Nuna SWIV,matched canonical-stroller
cmqx4kjfr00gf3a8u4lnd045n,"Nuna - Swiv Stroller, Biscotti",Nuna,Swiv,compact stroller,attached-offer,canonical-stroller,nuna-swiv,Nuna SWIV,matched canonical-stroller
cmqx4k0lc00al3a8ul5660jqs,"Nuna Swiv Stroller Caviar, Chocolate",Nuna,Swiv,compact stroller,attached-offer,canonical-stroller,nuna-swiv,Nuna SWIV,matched canonical-stroller
cmqx4kk8500go3a8ukbtrwurn,"Nuna - Swiv Stroller, Cedar",Nuna,Swiv,compact stroller,attached-offer,canonical-stroller,nuna-swiv,Nuna SWIV,matched canonical-stroller
cmqx4jxf6009l3a8u72rwm7fp,"Nuna - Swiv Stroller, Chai",Nuna,Swiv,compact stroller,attached-offer,canonical-stroller,nuna-swiv,Nuna SWIV,matched canonical-stroller
cmqx4ki3200g03a8ukk6btv8k,"Nuna - Swiv Stroller, Granite",Nuna,Swiv,compact stroller,attached-offer,canonical-stroller,nuna-swiv,Nuna SWIV,matched canonical-stroller
cmqx4jnnj006l3a8um8jebv89,Nuna - Tavo Next Granite Stroller,Nuna,Tavo Next Granite,full-size stroller,true-new,,,,no conservative existing-product match
cmqx4knek00ho3a8u2q1k9gme,"Nuna - Tavo Next Stroller, Caviar",Nuna,Tavo Next,full-size stroller,attached-offer,babylist-cache,product_8981_663920,"Nuna TAVO next Stroller in Granite Size 28.35"" x 22.44"" x 20.87""",matched babylist-cache
cmqx4km3c00h93a8uet9alo9i,Nuna - Triv Next Bmw Stroller Graphene,Nuna,Triv Next Bmw,compact stroller,true-new,,,,no conservative existing-product match
cmqx4jzaa00a63a8ubzgg5vei,"Nuna - TRIV Next Compact Stroller, Thistle",Nuna,TRIV Next,compact stroller,attached-offer,canonical-stroller,nuna-triv-next,Nuna TRIV next,matched canonical-stroller
cmqx4kqol00io3a8ukhnsyuzm,"Nuna - Triv Next Stroller, Caviar",Nuna,Triv Next,compact stroller,attached-offer,canonical-stroller,nuna-triv-next,Nuna TRIV next,matched canonical-stroller
cmqx4l03d00ll3a8utjtoczos,Nuna Triv Next With Magnetic Buckle Caviar/Chocolate,Nuna,Triv Next With Magnetic Buckle Caviar/Chocolate,compact stroller,true-new,,,,no conservative existing-product match
cmqx4k73z00cl3a8u6hojtw4i,Nuna Triv Next With Magnetic Buckle Caviar/Chocolate,Nuna,Triv Next With Magnetic Buckle Caviar/Chocolate,compact stroller,true-new,,,,no conservative existing-product match
cmqx4jne4006i3a8uy17vp1d6,"Nuna - Triv Next W Magnetic Buckle, Biscotti",Nuna,Triv Next W Magnetic Buckle,compact stroller,true-new,,,,no conservative existing-product match
cmqx4jl0x005r3a8uo1jv773b,"Nuna - Trvl Double Stroller, Granite",Nuna,Trvl Double,double stroller,true-new,,,,no conservative existing-product match
cmqx4kj6600gc3a8urlz6vvyu,"Nuna - TRVL LX Stroller BMW Special Edition, Mica",Nuna,TRVL LX,travel stroller,attached-offer,canonical-stroller,nuna-trvl-lx,Nuna TRVL lx,matched canonical-stroller
cmqx4jx5y009i3a8u3qczg21c,Nuna - Trvl Lx Stroller With Travel Bag Caviar,Nuna,Trvl Lx,travel stroller,attached-offer,canonical-stroller,nuna-trvl-lx,Nuna TRVL lx,matched canonical-stroller
cmqx4kjpo00gi3a8u17r332yt,Nuna - Trvl Lx Stroller With Travel Bag Granite,Nuna,Trvl Lx,travel stroller,attached-offer,canonical-stroller,nuna-trvl-lx,Nuna TRVL lx,matched canonical-stroller
cmqx4kmvt00hi3a8un1eps43c,"Nuna - Trvl With Travel Bag Stroller, Ocean",Nuna,Trvl With Travel Bag,travel stroller,true-new,,,,no conservative existing-product match
cmqx4jgz4004i3a8u48ap028d,"Orbit Baby - G5+ Rotating Infant Car Seat, Mélange Flax",Orbit Baby,G5,infant car seat,true-new,,,,no conservative existing-product match
cmqx4kyhn00l33a8utc8fi05j,"Orbit Baby M+ Compact Stroller, Black/Black",Orbit Baby,M+,compact stroller,true-new,,,,no conservative existing-product match
cmqx4kggv00fi3a8u595dwpdh,"Peg-Perego - City Loop Chassis, Black",Peg Perego,City Loop Chassis,full-size stroller,true-new,,,,no conservative existing-product match
cmqx4jqq6007i3a8uvhk4ts3p,"Peg-Perego - Vivace Single Stroller, Mon Amour (Beige & Pink)",Peg Perego,Vivace Single,full-size stroller,true-new,,,,no conservative existing-product match
cmqx4jqzb007l3a8ufvo81xyy,Peg Perego Vivace Stroller - Astral (Beige),Peg Perego,Vivace,full-size stroller,true-new,,,,no conservative existing-product match
cmqx4jk8e005i3a8unxcpkgm4,"Peg Perego - Volo Ultra Lightweight Carry On Compliant Travel Strolle, Mon Amour (Beige & Pink)",Peg Perego,Volo Ultra Carry On Compliant Travel Strolle,travel stroller,true-new,,,,no conservative existing-product match
cmqx4jr8o007o3a8ud8r7qfpo,"Peg Perego Volo, Ultra Lightweight Carry On Compliant Travel Stroller, Adjustable Features & Reclining Seat - Designed for Everyday Comfort from Ne",Peg Perego,Volo,travel stroller,true-new,,,,no conservative existing-product match
cmqx4l0cv00lo3a8udxmtxrzt,"Peg Perego - Volo, Ultra Lightweight Carry On Compliant Travel Stroller, Blue Shine (Blue & Copper)",Peg Perego,Volo,travel stroller,true-new,,,,no conservative existing-product match
cmqx4jric007r3a8ucbnw5ieg,"Peg-Perego - Volo Ultra Lightweight Carry On Compliant Travel Stroller, Misty Beige (Light Greige)",Peg Perego,Volo Ultra Carry On Compliant Travel,travel stroller,true-new,,,,no conservative existing-product match
cmqx4l0m400lr3a8ub3qjdhw2,"Peg Perego Volo Ultra Lightweight Carry On Compliant Travel Stroller, True Black",Peg Perego,Volo Ultra Carry On Compliant Travel,travel stroller,true-new,,,,no conservative existing-product match
cmqx4kfnt00f93a8uibiq8jb6,"Radio Flyer - Voya XT Baby Stroller Wagon, Gray",Radio Flyer,Voya XT Baby,wagon,true-new,,,,no conservative existing-product match
cmqx4jlae005u3a8u5k4rf3ei,"Romer - Tura Stroller, Peppercorn",Romer,Tura,full-size stroller,attached-offer,babylist-cache,product_8981_2262736,Romer Tura Stroller in Pearl,matched babylist-cache
cmqx4koil00i03a8uftvb460g,"Safety 1St - Disney Baby Character Umbrella Stroller, Eye-catching, Hide & Seek Mickey",Safety 1st,Disney Baby Character Umbrella,umbrella stroller,true-new,,,,no conservative existing-product match
cmqx4kgqj00fl3a8u3ofrosec,"Safety 1St - Disney Baby Character Umbrella Stroller, Eye-catching, Minnie Play All Day",Safety 1st,Disney Baby Character Umbrella,umbrella stroller,true-new,,,,no conservative existing-product match
cmqx4kvrm00k93a8u80kdjzle,Silver Cross - Breez Car Seat Adaptors,Silver Cross,Silver Cross - Breez Car Seat Adaptors,stroller adapter,adapter-review,,,,adapter product retained; compatibility rows are not auto-applied
cmqx4kw1300kc3a8unuyh1b4i,"Silver Cross - Breez Compact Stroller, Champagne",Silver Cross,Breez,travel stroller,true-new,,,,no conservative existing-product match
cmqx4k5i500c33a8ugdgayx17,"Silver Cross - Breez Compact Stroller, Maple",Silver Cross,Breez,travel stroller,true-new,,,,no conservative existing-product match
cmqx4ka3m00di3a8uug1dw80o,"Silver Cross - Breez Compact Stroller, Onyx",Silver Cross,Breez,travel stroller,true-new,,,,no conservative existing-product match
cmqx4kwag00kf3a8ujrns9qpd,"Silver Cross - Breez Compact Stroller, Pewter",Silver Cross,Breez,travel stroller,true-new,,,,no conservative existing-product match
cmqx4k8zz00d63a8ue1e9h30b,"Silver Cross - Clic Lightweight Stroller, Conifer (Green)",Silver Cross,Clic,travel stroller,attached-offer,babylist-cache,product_8981_2491095,Silver Cross Clic Compact Stroller in Conifer,matched babylist-cache
cmqx4jiuo00533a8u99lmwi8x,"Silver Cross - Clic Lightweight Stroller, Latte",Silver Cross,Clic,travel stroller,attached-offer,babylist-cache,product_8981_2491095,Silver Cross Clic Compact Stroller in Conifer,matched babylist-cache
cmqx4jmlh00693a8u4eftekn9,"Silver Cross - Clic Lightweight Stroller, Space (Black)",Silver Cross,Clic,travel stroller,attached-offer,babylist-cache,product_8981_2491095,Silver Cross Clic Compact Stroller in Conifer,matched babylist-cache
cmqx4l0vj00lu3a8u917a78t5,"Silver Cross Cove 2 Full-Size All-Terrain Stroller, Champagne",Silver Cross,Cove 2,full-size stroller,true-new,,,,no conservative existing-product match
cmqx4l15500lx3a8uao1cjlde,"Silver Cross Cove 2 Full-Size All-Terrain Stroller, Chocolate",Silver Cross,Cove 2,full-size stroller,true-new,,,,no conservative existing-product match
cmqx4l1gw00m03a8ulbonqqtw,"Silver Cross Cove 2 Full-Size All-Terrain Stroller, Onyx Black",Silver Cross,Cove 2,full-size stroller,true-new,,,,no conservative existing-product match
cmqx4l1qc00m33a8ubl89owlv,"Silver Cross Cove 2 Full-Size All-Terrain Stroller, Pewter",Silver Cross,Cove 2,full-size stroller,true-new,,,,no conservative existing-product match
cmqx4kuzr00k03a8u8kafnp86,"Silver Cross - Dune, Reef Universal Car Seat Adaptors",Silver Cross,"Silver Cross - Dune, Reef Universal Car Seat Adaptors",stroller adapter,adapter-review,,,,adapter product retained; compatibility rows are not auto-applied
cmqx4kpbb00i93a8unx89of3u,Silver Cross - Jet 5 & Jet Double Car Seat Adapters,Silver Cross,Silver Cross - Jet 5 & Jet Double Car Seat Adapters,stroller adapter,adapter-review,,,,adapter product retained; compatibility rows are not auto-applied
cmqx4jusi008r3a8uh0ii8g5c,Silver Cross - Jet Lightweight Double Stroller Black,Silver Cross,Jet Double,double stroller,attached-offer,babylist-cache,product_8981_2134387,Silver Cross Jet Double Stroller,matched babylist-cache
cmqx4jsue00863a8usc2kr60d,"Silver Cross - Jet Lightweight Double Stroller, Black",Silver Cross,Jet Double,double stroller,attached-offer,babylist-cache,product_8981_2134387,Silver Cross Jet Double Stroller,matched babylist-cache
cmqx4kaw100dr3a8u6e234vfz,"Silver Cross - Nia Compact Travel Stroller, Champagne",Silver Cross,Nia Travel,travel stroller,true-new,,,,no conservative existing-product match
cmqx4k58p00c03a8u6vgju2m9,"Silver Cross - Nia Compact Travel Stroller, Chocolate",Silver Cross,Nia Travel,travel stroller,true-new,,,,no conservative existing-product match
cmqx4kamn00do3a8u0knxz3d3,"Silver Cross - Nia Compact Travel Stroller, Conifer",Silver Cross,Nia Travel,travel stroller,true-new,,,,no conservative existing-product match
cmqx4kvia00k63a8uphndyt9z,"Silver Cross - Nia Compact Travel Stroller, Onyx Black",Silver Cross,Nia Travel,travel stroller,true-new,,,,no conservative existing-product match
cmqx4kg7e00ff3a8uop5k6eif,Stokke - YOYO Car Seat Adapters,Stokke,Stokke - YOYO Car Seat Adapters,stroller adapter,adapter-review,,,,adapter product retained; compatibility rows are not auto-applied
cmqx4kuqm00jx3a8uib60e7yr,"Ternx - Carry On Luggage Stroller, Black& Grey",TernX,Carry On Luggage,full-size stroller,true-new,,,,no conservative existing-product match
cmqx4jvui00933a8u1es5wh2g,Thule - Urban Glide 4-Wheel Single Child All-Terrain Stroller Black,Thule,Urban Glide 4-Wheel Single Child,jogging stroller,true-new,,,,no conservative existing-product match
cmqx4k86s00cx3a8ujifusaum,"Thule - Urban Glide 4-Wheel Single Child All-Terrain Stroller, Soft Beige",Thule,Urban Glide 4-Wheel Single Child,jogging stroller,true-new,,,,no conservative existing-product match
cmqx4jyro00a03a8utsqub4o1,"Uppababy - Adapters For Minu Duo (Mesa/Mesa V2, Mesa Max, Mesa I-Size, Aria)",UPPAbaby,"Uppababy - Adapters For Minu Duo (Mesa/Mesa V2, Mesa Max, Mesa I-Size, Aria)",stroller adapter,adapter-review,,,,adapter product retained; compatibility rows are not auto-applied
cmqx4kh0400fo3a8ufkmi73hu,Uppababy - Adapters For Minu V3 - (Compatible with all Mesa and Aria car seats),UPPAbaby,Uppababy - Adapters For Minu V3 - (Compatible with all Mesa and Aria car seats),stroller adapter,adapter-review,,,,adapter product retained; compatibility rows are not auto-applied
cmqx4j3u8000f3a8ujrx7yx2c,"Uppababy - Aria Infant Car Seat, Anthony (Light Grey)",UPPAbaby,Aria,infant car seat,attached-offer,canonical-carseat,uppababy-aria,UPPAbaby Aria,matched canonical-carseat
cmqx4j567000u3a8u8kfw6iaw,"Uppababy - Aria Infant Car Seat, Jake (Charcoal)",UPPAbaby,Aria,infant car seat,attached-offer,canonical-carseat,uppababy-aria,UPPAbaby Aria,matched canonical-carseat
cmqx4j8w900203a8udpqaqiom,"Uppababy Aria V2 Infant Car Seat Ada, Sandstone Melange | Chestnut Leather",UPPAbaby,Aria V2,infant car seat,attached-offer,canonical-carseat,uppababy-aria-v2,UPPAbaby Aria V2,matched canonical-carseat
cmqx4jde8003f3a8u51b5qac9,"Uppababy - Aria V2 Lightweight Infant Car Seat, Callum/Dillan (Stone Blue)",UPPAbaby,Aria V2,infant car seat,attached-offer,canonical-carseat,uppababy-aria-v2,UPPAbaby Aria V2,matched canonical-carseat
cmqx4j71f001f3a8u4siy66dv,"Uppababy - Aria V2 Lightweight Infant Car Seat, Declan (Oat Melange)",UPPAbaby,Aria V2,infant car seat,attached-offer,canonical-carseat,uppababy-aria-v2,UPPAbaby Aria V2,matched canonical-carseat
cmqx4jbiz002u3a8ukza29hfy,"Uppababy - Aria V2 Lightweight Infant Car Seat, Evelyn (Meadow Green)",UPPAbaby,Aria V2,infant car seat,attached-offer,canonical-carseat,uppababy-aria-v2,UPPAbaby Aria V2,matched canonical-carseat
cmqx4j95h00233a8ugw8r5pua,"Uppababy - Aria V2 Lightweight Infant Car Seat, Greyson (Charcoal Melange)",UPPAbaby,Aria V2,infant car seat,attached-offer,canonical-carseat,uppababy-aria-v2,UPPAbaby Aria V2,matched canonical-carseat
cmqx4j9es00263a8uq6lglgz8,"Uppababy - Aria V2 Lightweight Infant Car Seat, Jake (Charcoal)",UPPAbaby,Aria V2,infant car seat,attached-offer,canonical-carseat,uppababy-aria-v2,UPPAbaby Aria V2,matched canonical-carseat
cmqx4jfd300403a8uhvucpdof,"Uppababy Aria V2 Lightweight Infant Car Seat, James (Black)",UPPAbaby,Aria V2,infant car seat,attached-offer,canonical-carseat,uppababy-aria-v2,UPPAbaby Aria V2,matched canonical-carseat
cmqx4jegp003r3a8un25b5htz,"Uppababy - Aria V2 Lightweight Infant Car Seat, Savannah (Pearl Gray Melange)",UPPAbaby,Aria V2,infant car seat,attached-offer,canonical-carseat,uppababy-aria-v2,UPPAbaby Aria V2,matched canonical-carseat
cmqx4krht00ix3a8ubhfb6sqh,"Uppababy - Car Seat Adapter for Ridge, Nuna/Cybex/Maxi-Cosi",UPPAbaby,"Uppababy - Car Seat Adapter for Ridge, Nuna/Cybex/Maxi-Cosi",stroller adapter,adapter-review,,,,adapter product retained; compatibility rows are not auto-applied
cmqx4kpn100ic3a8upzu8xm68,"Uppababy - Car Seat Adapters For Minu V3 (Maxi-Cosi®, Nuna®, Cybex, Besafe®)",UPPAbaby,"Uppababy - Car Seat Adapters For Minu V3 (Maxi-Cosi®, Nuna®, Cybex, Besafe®)",stroller adapter,adapter-review,,,,adapter product retained; compatibility rows are not auto-applied
cmqx4kl1f00gx3a8uy5mdw9z7,"Uppababy Car Seat Adapters For Vista, Vista V2, Cruz And Cruz V2",UPPAbaby,"Uppababy Car Seat Adapters For Vista, Vista V2, Cruz And Cruz V2",stroller adapter,adapter-review,,,,adapter product retained; compatibility rows are not auto-applied
cmqx4kx5800ko3a8um9tcifp6,"Uppababy Cruz V3 Stroller Ada, Sandstone Melange | Chestnut Leather",UPPAbaby,Cruz V3,full-size stroller,attached-offer,babylist-cache,product_8981_2521942,UPPAbaby Cruz V3 Stroller in Greyson,matched babylist-cache
cmqx4kt4b00jf3a8uhf453h9e,Uppababy - Cruz V3 Stroller Callum (Stone Blue/Silver Frame/Sand Leather),UPPAbaby,Cruz V3,full-size stroller,attached-offer,babylist-cache,product_8981_2521942,UPPAbaby Cruz V3 Stroller in Greyson,matched babylist-cache
cmqx4js1z007x3a8ux3415ozq,"Uppababy - Cruz V3 Stroller, Evelyn (Meadow Green/Graphite Frame/Chestnut Leather)",UPPAbaby,Cruz V3,full-size stroller,attached-offer,babylist-cache,product_8981_2521942,UPPAbaby Cruz V3 Stroller in Greyson,matched babylist-cache
cmqx4knoe00hr3a8ukoizfln4,Uppababy - Cruz V3 Stroller Greyson (Charcoal Mélange/Carbon Frame/Saddle Leather),UPPAbaby,Cruz V3,full-size stroller,attached-offer,babylist-cache,product_8981_2521942,UPPAbaby Cruz V3 Stroller in Greyson,matched babylist-cache
cmqx4k8g800d03a8u9to10ei6,Uppababy - Cruz V3 Stroller Jake (Charcoal/Carbon Frame/Black Leather),UPPAbaby,Cruz V3,full-size stroller,attached-offer,babylist-cache,product_8981_2521942,UPPAbaby Cruz V3 Stroller in Greyson,matched babylist-cache
cmqx4l2ru00mf3a8uc2dxd709,"Uppababy Cruz V3 Stroller, James (Black/Carbon Frame/Black Leather)",UPPAbaby,Cruz V3,full-size stroller,attached-offer,babylist-cache,product_8981_2521942,UPPAbaby Cruz V3 Stroller in Greyson,matched babylist-cache
cmqx4jsbp00803a8uk1sswhsa,"Uppababy - Cruz V3 Stroller, Julian (Dusty Blue Mélange/Carbon Frame/Chestnut Leather)",UPPAbaby,Cruz V3,full-size stroller,attached-offer,babylist-cache,product_8981_2521942,UPPAbaby Cruz V3 Stroller in Greyson,matched babylist-cache
cmqx4k7nq00cr3a8u9f59b8nj,"Uppababy - Cruz V3 Stroller, Owen (Mocha Mélange/Carbon Frame/Chestnut Leather)",UPPAbaby,Cruz V3,full-size stroller,attached-offer,babylist-cache,product_8981_2521942,UPPAbaby Cruz V3 Stroller in Greyson,matched babylist-cache
cmqx4k44r00bo3a8utvabcjgp,Uppababy - Cruz V3 Stroller Savannah (Pearl Gray Jacquard/Carbon Frame/Chestnut Leather),UPPAbaby,Cruz V3,full-size stroller,attached-offer,babylist-cache,product_8981_2521942,UPPAbaby Cruz V3 Stroller in Greyson,matched babylist-cache
cmqx4ktxk00jo3a8uc7wxdbem,Uppababy - Lower Adapters For Vista And Vista V2,UPPAbaby,Uppababy - Lower Adapters For Vista And Vista V2,stroller adapter,adapter-review,,,,adapter product retained; compatibility rows are not auto-applied
cmqx4jfxa00463a8ubcqlny3d,UPPAbaby - Mesa V3 Infant Car Seat - Ada,UPPAbaby,Mesa V3,infant car seat,attached-offer,canonical-carseat,uppababy-mesa-v3,UPPAbaby Mesa V3,matched canonical-carseat
cmqx4j9o400293a8u1p7lt23w,"Uppababy Mesa V3 Infant Car Seat Ada, Sandstone Melange | Chestnut Leather",UPPAbaby,Mesa V3,infant car seat,attached-offer,canonical-carseat,uppababy-mesa-v3,UPPAbaby Mesa V3,matched canonical-carseat
cmqx4jeq9003u3a8ud0ae4ufa,"Uppababy - Mesa V3 Infant Car Seat, Callum/Dillan (Stone Blue)",UPPAbaby,Mesa V3,infant car seat,attached-offer,canonical-carseat,uppababy-mesa-v3,UPPAbaby Mesa V3,matched canonical-carseat
cmqx4jgpq004f3a8uqx5jmzt7,"Uppababy - Mesa V3 Infant Car Seat, Declan (Oat Mélange)",UPPAbaby,Mesa V3,infant car seat,attached-offer,canonical-carseat,uppababy-mesa-v3,UPPAbaby Mesa V3,matched canonical-carseat
cmqx4jhi0004o3a8u0t6ul2l3,"Uppababy - Mesa V3 Infant Car Seat, Evelyn (Meadow Green)",UPPAbaby,Mesa V3,infant car seat,attached-offer,canonical-carseat,uppababy-mesa-v3,UPPAbaby Mesa V3,matched canonical-carseat
cmqx4j5zc00133a8ui7n3jbx1,"Uppababy - Mesa V3 Infant Car Seat, Greyson (Charcoal Mélange)",UPPAbaby,Mesa V3,infant car seat,attached-offer,canonical-carseat,uppababy-mesa-v3,UPPAbaby Mesa V3,matched canonical-carseat
cmqx4jf22003x3a8udc03jk2i,"Uppababy Mesa V3 Infant Car Seat, James (Black)",UPPAbaby,Mesa V3,infant car seat,attached-offer,canonical-carseat,uppababy-mesa-v3,UPPAbaby Mesa V3,matched canonical-carseat
cmqx4j3b900093a8uskdz1e3s,"Uppababy - Mesa V3 Infant Car Seat, Savannah (Pearl Gray Jacquard)",UPPAbaby,Mesa V3,infant car seat,attached-offer,canonical-carseat,uppababy-mesa-v3,UPPAbaby Mesa V3,matched canonical-carseat
cmqx4kpwd00if3a8udevvqa67,"Uppababy - Minu Duo Side By Side Compact Double Stroller, Greyson (Charcoal Mélange/Carbon Frame/Saddle Leather)",UPPAbaby,Minu Duo Side By Side Double,double stroller,true-new,,,,no conservative existing-product match
cmqx4jmc200663a8u93sx3cnj,"Uppababy - Minu Duo Side By Side Compact Double Stroller, Jake (Charcoal/Carbon Frame/Black Leather)",UPPAbaby,Minu Duo Side By Side Double,double stroller,true-new,,,,no conservative existing-product match
cmqx4kxor00ku3a8us0p3jjgl,"Uppababy Minu Duo Stroller Ada, Sandstone Melange | Chestnut Leather",UPPAbaby,Minu Duo,double stroller,attached-offer,babylist-cache,product_8981_2306148,UPPAbaby Minu Duo Stroller in Greyson,matched babylist-cache
cmqx4l2im00mc3a8u56j1o76f,"Uppababy Minu Duo Stroller, James (Black/Carbon Frame/Black Leather)",UPPAbaby,Minu Duo,double stroller,attached-offer,babylist-cache,product_8981_2306148,UPPAbaby Minu Duo Stroller in Greyson,matched babylist-cache
cmqx4jz0p00a33a8uoesvc4c9,Uppababy - Minu Infant Car Seat Adapter For Maxi-Cosi/Nuna/Cybex,UPPAbaby,Uppababy - Minu Infant Car Seat Adapter For Maxi-Cosi/Nuna/Cybex,stroller adapter,adapter-review,,,,adapter product retained; compatibility rows are not auto-applied
cmqx4kic900g33a8u5wa0asmy,"Uppababy - Minu V3 Compact Stroller, Dillan (Stone Blue/Carbon Frame/Sand Leather)",UPPAbaby,Minu V3,travel stroller,attached-offer,babylist-cache,product_8981_2848467,UPPAbaby Minu V3 Stroller in Ada,matched babylist-cache
cmqx4kxye00kx3a8u9tv6h5xm,"Uppababy Minu V3 Compact Stroller, Evelyn, Meadow Green | Carbon Frame | Chestnut Leather",UPPAbaby,Minu V3,travel stroller,attached-offer,babylist-cache,product_8981_2848467,UPPAbaby Minu V3 Stroller in Ada,matched babylist-cache
cmqx4krtl00j03a8u90j598ei,"Uppababy - Minu V3 Compact Stroller, Greyson (Charcoal Mélange/Carbon Frame/Saddle Leather)",UPPAbaby,Minu V3,travel stroller,attached-offer,babylist-cache,product_8981_2848467,UPPAbaby Minu V3 Stroller in Ada,matched babylist-cache
cmqx4ji16004u3a8ub4csjhdd,"Uppababy - Minu V3 Compact Stroller, Jake (Charcoal/Carbon Frame/Black Leather)",UPPAbaby,Minu V3,travel stroller,attached-offer,babylist-cache,product_8981_2848467,UPPAbaby Minu V3 Stroller in Ada,matched babylist-cache
cmqx4l29d00m93a8ua9cw41sz,"Uppababy Minu V3 Compact Stroller, James (Black/Carbon Frame/Black Leather)",UPPAbaby,Minu V3,travel stroller,attached-offer,babylist-cache,product_8981_2848467,UPPAbaby Minu V3 Stroller in Ada,matched babylist-cache
cmqx4kilw00g63a8uqq6r740q,"Uppababy - Minu V3 Compact Stroller, Savannah (Pearl Gray Melange/Carbon Frame/Chestnut Leather)",UPPAbaby,Minu V3,travel stroller,attached-offer,babylist-cache,product_8981_2848467,UPPAbaby Minu V3 Stroller in Ada,matched babylist-cache
cmqx4kxf800kr3a8uwd3ji835,"Uppababy Minu V3 Stroller Ada, Sandstone Melange | Chestnut Leather",UPPAbaby,Minu V3,travel stroller,attached-offer,babylist-cache,product_8981_2848467,UPPAbaby Minu V3 Stroller in Ada,matched babylist-cache
cmqx4k2a700b33a8u374h63wg,"UPPAbaby Ridge V2 Jogging Stroller, Evelyn (Meadow Green/Carbon Frame)",UPPAbaby,Ridge V2,jogging stroller,attached-offer,babylist-cache,product_8981_2839938,UPPAbaby Ridge V2 Stroller in Evelyn,matched babylist-cache
cmqx4k2ju00b63a8ubxkh54h0,"UPPAbaby Ridge V2 Jogging Stroller, James (Black/Carbon Frame)",UPPAbaby,Ridge V2,jogging stroller,attached-offer,babylist-cache,product_8981_2839938,UPPAbaby Ridge V2 Stroller in Evelyn,matched babylist-cache
cmqx4ky8200l03a8u890re5cm,"UPPAbaby Ridge V2 Jogging Stroller, Savannah (Pearl Grey | Carbon Frame)",UPPAbaby,Ridge V2,jogging stroller,attached-offer,babylist-cache,product_8981_2839938,UPPAbaby Ridge V2 Stroller in Evelyn,matched babylist-cache
cmqx4ksld00j93a8upep0s8wy,"UPPABaby Vista Lower Infant Car Seat Adapter For Nuna, Cybex, And Maxi-Cosi",UPPAbaby,"UPPABaby Vista Lower Infant Car Seat Adapter For Nuna, Cybex, And Maxi-Cosi",stroller adapter,adapter-review,,,,adapter product retained; compatibility rows are not auto-applied
cmqx4ko7u00hx3a8unc2ejwrn,Uppababy - Vista Upper Adapter,UPPAbaby,Uppababy - Vista Upper Adapter,stroller adapter,adapter-review,,,,adapter product retained; compatibility rows are not auto-applied
cmqx4kwua00kl3a8u8nnyz8e0,"Uppababy Vista V3 Stroller, Ada Sandstone Melange | Chestnut Leather",UPPAbaby,Vista V3,single-to-double stroller,attached-offer,babylist-cache,product_8981_2597098,"UPPAbaby Vista V3 Stroller in Julian Size 16.3"" x 25.7"" x 33.8""",matched babylist-cache
cmqx4k4n800bu3a8u8m07b7pq,"Uppababy - Vista V3 Stroller, Callum (Stone Blue/Silver Frame/Sand Leather)",UPPAbaby,Vista V3,single-to-double stroller,attached-offer,babylist-cache,product_8981_2597098,"UPPAbaby Vista V3 Stroller in Julian Size 16.3"" x 25.7"" x 33.8""",matched babylist-cache
cmqx4kevo00f03a8uarf9ym4l,"Uppababy - Vista V3 Stroller, Evelyn (Meadow Green/Graphite Frame/Chestnut Leather)",UPPAbaby,Vista V3,single-to-double stroller,attached-offer,babylist-cache,product_8981_2597098,"UPPAbaby Vista V3 Stroller in Julian Size 16.3"" x 25.7"" x 33.8""",matched babylist-cache
cmqx4jzsw00ac3a8ulte16yyn,"Uppababy - Vista V3 Stroller, Greyson (Charcoal Mélange/Carbon Frame/Saddle Leather)",UPPAbaby,Vista V3,single-to-double stroller,attached-offer,babylist-cache,product_8981_2597098,"UPPAbaby Vista V3 Stroller in Julian Size 16.3"" x 25.7"" x 33.8""",matched babylist-cache
cmqx4jwmu009c3a8uaasb3p9s,"Uppababy - Vista V3 Stroller, Jake (Charcoal/Carbon Frame/Black Leather)",UPPAbaby,Vista V3,single-to-double stroller,attached-offer,babylist-cache,product_8981_2597098,"UPPAbaby Vista V3 Stroller in Julian Size 16.3"" x 25.7"" x 33.8""",matched babylist-cache
cmqx4l1zy00m63a8u0cgp4ps5,"Uppababy Vista V3 Stroller, James (Black/Carbon Frame/Black Leather)",UPPAbaby,Vista V3,single-to-double stroller,attached-offer,babylist-cache,product_8981_2597098,"UPPAbaby Vista V3 Stroller in Julian Size 16.3"" x 25.7"" x 33.8""",matched babylist-cache
cmqx4kf5100f33a8um3ehujjt,"Uppababy - Vista V3 Stroller, Julian (Dusty Blue Mélange/Carbon Frame/Chestnut Leather)",UPPAbaby,Vista V3,single-to-double stroller,attached-offer,babylist-cache,product_8981_2597098,"UPPAbaby Vista V3 Stroller in Julian Size 16.3"" x 25.7"" x 33.8""",matched babylist-cache
cmqx4jn4k006f3a8ude5rdjyd,"Uppababy - Vista V3 Stroller, Kenzi (Mystic Aqua/Carbon Frame/Saddle Leather)",UPPAbaby,Vista V3,single-to-double stroller,attached-offer,babylist-cache,product_8981_2597098,"UPPAbaby Vista V3 Stroller in Julian Size 16.3"" x 25.7"" x 33.8""",matched babylist-cache
cmqx4kfej00f63a8ublno5hau,"Uppababy - Vista V3 Stroller, Owen (Mocha Mélange/Carbon Frame/Chestnut Leather)",UPPAbaby,Vista V3,single-to-double stroller,attached-offer,babylist-cache,product_8981_2597098,"UPPAbaby Vista V3 Stroller in Julian Size 16.3"" x 25.7"" x 33.8""",matched babylist-cache
cmqx4jj5c00563a8u97ycbn8e,"Uppababy - Vista V3 Stroller, Savannah (Pearl Gray Jacquard/Carbon Frame/Chestnut Leather)",UPPAbaby,Vista V3,single-to-double stroller,attached-offer,babylist-cache,product_8981_2597098,"UPPAbaby Vista V3 Stroller in Julian Size 16.3"" x 25.7"" x 33.8""",matched babylist-cache
cmqx4kby000e33a8udrsvi2f8,"Veer - Cruiser City (2 Seater) Stroller Wagon, Grey",Veer,Cruiser City,wagon,attached-offer,canonical-stroller,cmqpqr2sf002m7qllr9yz4qzg,Veer Cruiser City,matched canonical-stroller
cmqx4kd0100ef3a8uzrx71798,"Veer - Cruiser City, Premium Urban Wagon Stroller for Babies",Veer,Cruiser City,wagon,attached-offer,canonical-stroller,cmqpqr2sf002m7qllr9yz4qzg,Veer Cruiser City,matched canonical-stroller
cmqx4ktny00jl3a8unzb7i2da,Veer - Cruiser Infant Car Seat Adapter (Cybex/Maxi-Cosi/Nuna),Veer,Veer - Cruiser Infant Car Seat Adapter (Cybex/Maxi-Cosi/Nuna),stroller adapter,adapter-review,,,,adapter product retained; compatibility rows are not auto-applied
cmqx4jxz7009r3a8ue1zgnvfp,Veer - Cruiser XL Infant Car Seat Adapter (Cybex/Nuna/Maxi-Cosi),Veer,Veer - Cruiser XL Infant Car Seat Adapter (Cybex/Nuna/Maxi-Cosi),stroller adapter,adapter-review,,,,adapter product retained; compatibility rows are not auto-applied
cmqx4ked200eu3a8ujchiwf5e,"Wonderfold - L2 Double 2-Seater Stroller Wagon, Grey",WonderFold,L2 Double 2-Seater,wagon,true-new,,,,no conservative existing-product match
cmqx4kdip00el3a8uopd5gbg2,WonderFold - L4 Quad Stroller Wagon (4 Seater) Black,WonderFold,L4 Quad,wagon,attached-offer,canonical-stroller,cmqpqr3bn002u7qlld5uxymyd,WonderFold L4 Quad,matched canonical-stroller
cmqx4kdrz00eo3a8u5l6qoets,WonderFold - L4 Quad Stroller Wagon (4 Seater) Grey,WonderFold,L4 Quad,wagon,attached-offer,canonical-stroller,cmqpqr3bn002u7qlld5uxymyd,WonderFold L4 Quad,matched canonical-stroller
cmqx4kd9h00ei3a8ubnhuns0v,"WonderFold - Volkswagon Special Edition Double Stroller Wagon (2 Seater), Bondi Blue",WonderFold,Volkswagon Special Edition Double,wagon,true-new,,,,no conservative existing-product match
cmqx4kc7j00e63a8u8c3emd92,"WonderFold - Volkswagon Special Edition Double Stroller Wagon (4 Seater), Bondi Blue",WonderFold,Volkswagon Special Edition Double,wagon,true-new,,,,no conservative existing-product match
cmqx4kch500e93a8ump8bt77d,"WonderFold - W2 Luxe Double Stroller Wagon, Black",WonderFold,W2 Luxe Double,wagon,true-new,,,,no conservative existing-product match
cmqx4kem800ex3a8uq4lggtzj,Wonderfold - W4 Luxe Pro Quad Stroller Fits Up To 4 Kids Seated Jet Black,WonderFold,W4 Luxe Pro Quad,wagon,true-new,,,,no conservative existing-product match
cmqx4ke3k00er3a8uaow8c0df,"Wonderfold - W4 Luxe Pro Quad Stroller For 4 Kids, Charcoal Gray",WonderFold,W4 Luxe Pro Quad,wagon,true-new,,,,no conservative existing-product match
