area,brand,model,category,productType,reason,currentPublic,proposedPublic,price,title,url
adapter,Baby Jogger,Baby Jogger - Car Seat Adapter for City Mini 2 Double/City Mini Gt 2 Double,,stroller adapter,eligible,no,no,49.99,Baby Jogger - Car Seat Adapter for City Mini 2 Double/City Mini Gt 2 Double,https://www.macrobaby.com/products/baby-jogger-car-seat-adapter-for-city-mini-2-double-city-mini-gt-2-double?_j=taylormadebabyco.com
adapter,Baby Jogger,Baby Jogger - Car Seat Adapter for City Sights,,stroller adapter,eligible,no,no,54.99,"Baby Jogger - Car Seat Adapter for City Sights, Maxi-Cosi/Nuna/Cybex",https://www.macrobaby.com/products/baby-jogger-car-seat-adapter-for-city-sights-maxi-cosi-nuna-cybex?_j=taylormadebabyco.com
adapter,Baby Jogger,Baby Jogger - Car Seat Adapters for Baby Jogger and Graco,,stroller adapter,eligible,no,no,49.99,Baby Jogger - Car Seat Adapters for Baby Jogger and Graco,https://www.macrobaby.com/products/baby-jogger-car-seat-adapters-for-baby-jogger-and-graco?_j=taylormadebabyco.com
stroller,Baby Jogger,City Mini GT 2,compact,compact stroller,eligible,yes,yes,439.99,"Baby Jogger - City Mini GT 2 Stroller, Opulent Black",https://www.macrobaby.com/products/baby-jogger-city-mini-gt-2-stroller-opulent-black?_j=taylormadebabyco.com
stroller,Baby Jogger,City Mini GT3 Single,compact,compact stroller,eligible,yes,yes,519.99,"Baby Jogger - City Mini GT3 Single Stroller, Deep Sea Blue",https://www.macrobaby.com/products/baby-jogger-city-mini-gt3-single-stroller-deep-sea-blue?_j=taylormadebabyco.com
adapter,Baby Jogger,Baby Jogger - Graco Car Seat Adapter City Mini 2 & City Mini GT2 Double Stroller,,stroller adapter,eligible,no,no,49.99,Baby Jogger - Graco Car Seat Adapter City Mini 2 & City Mini GT2 Double Stroller,https://www.macrobaby.com/products/baby-jogger-graco-car-seat-adapter-city-mini-2-city-mini-gt2-double-stroller?_j=taylormadebabyco.com
adapter,Baby Jogger,Baby Jogger Car Seat Adapter - Select/Premier - Chicco/Peg Perego,,stroller adapter,eligible,no,no,79.99,Baby Jogger Car Seat Adapter - Select/Premier - Chicco/Peg Perego,https://www.macrobaby.com/products/baby-jogger-car-seat-adapter-select-premier-chicco-peg-perego?_j=taylormadebabyco.com
adapter,Baby Jogger,Baby Jogger Car Seat Adapter - Select/Premier - Graco/City Go,,stroller adapter,eligible,no,no,49.99,Baby Jogger Car Seat Adapter - Select/Premier - Graco/City Go,https://www.macrobaby.com/products/baby-jogger-car-seat-adapter-select-premier-graco-city-go?_j=taylormadebabyco.com
stroller,Baby Jogger,City Mini GT3,compact,compact stroller,eligible,yes,yes,519.99,"Baby Jogger City Mini GT3 All Terrain Stroller, Sierra Sand",https://www.macrobaby.com/products/baby-jogger-city-mini-gt3-all-terrain-stroller-sierra-sand?_j=taylormadebabyco.com
stroller,Baby Jogger,Baby Jogger Stroller City Mini Gt3 Bj Rich Black,compact,compact stroller,eligible,yes,yes,479.99,Baby Jogger Stroller City Mini Gt3 Bj Rich Black,https://www.macrobaby.com/products/baby-jogger-stroller-city-mini-gt3-bj-rich-black?_j=taylormadebabyco.com
stroller,BOB,Wayfinder,jogging,jogging stroller,eligible,yes,yes,679.99,"BOB - Wayfinder Jogging Stroller, Nightfall",https://www.macrobaby.com/products/bob-wayfinder-jogging-stroller-nightfall?_j=taylormadebabyco.com
stroller,Britax,BOB - Wayfinder,jogging,jogging stroller,eligible,yes,yes,679.99,"BOB - Wayfinder Jogging Stroller, Storm",https://www.macrobaby.com/products/bob-wayfinder-jogging-stroller-storm?_j=taylormadebabyco.com
stroller,BOB,BOB Jogging Stroller Double In Black,double-jogging,double jogging stroller,eligible,yes,yes,899.99,BOB Jogging Stroller Double In Black,https://www.macrobaby.com/products/bob-jogging-stroller-double-in-black?_j=taylormadebabyco.com
stroller,Britax,Brook+ Modular Baby,full-size,full-size stroller,eligible,yes,yes,329.99,Britax - Brook+ Modular Baby Stroller,https://www.macrobaby.com/products/britax-brook-modular-baby-stroller?_j=taylormadebabyco.com
stroller,Britax,Grove Modular,full-size,full-size stroller,eligible,yes,yes,399.99,"Britax - Grove Modular Stroller, Lightweight Stroller",https://www.macrobaby.com/products/britax-grove-modular-stroller-lightweight-stroller?_j=taylormadebabyco.com
stroller,Britax,Juniper On-The-Go,full-size,full-size stroller,eligible,yes,yes,239.99,"Britax - Juniper Compact On-The-Go Stroller, Raven Black",https://www.macrobaby.com/products/britax-juniper-compact-on-the-go-stroller-raven-black?_j=taylormadebabyco.com
infant-car-seat,Britax,Willow S,,infant car seat,eligible,yes,yes,279.99,"Britax - Willow S Infant Car Seat with Alpine Anti-Rebound Base, Glacier Onyx",https://www.macrobaby.com/products/britax-willow-s-infant-car-seat-with-alpine-anti-rebound-base-glacier-onyx?_j=taylormadebabyco.com
adapter,Bugaboo,Bugaboo - Butterfly 2 Car Seat Adapters,,stroller adapter,eligible,no,no,69.95,Bugaboo - Butterfly 2 Car Seat Adapters,https://www.macrobaby.com/products/bugaboo-butterfly-2-car-seat-adapters?_j=taylormadebabyco.com
stroller,Bugaboo,Butterfly 2,travel,travel stroller,eligible,yes,yes,499,"Bugaboo - Butterfly 2 Compact Stroller Complete, Black/Desert Taupe",https://www.macrobaby.com/products/bugaboo-butterfly-2-compact-stroller-complete-black-desert-taupe?_j=taylormadebabyco.com
stroller,Bugaboo,Butterfly,travel,travel stroller,eligible,yes,yes,549,"Bugaboo - Butterfly Complete Compact Stroller, Black/Forest Green",https://www.macrobaby.com/products/bugaboo-butterfly-stroller-complete-black-forest-green?_j=taylormadebabyco.com
stroller,Bugaboo,Donkey 5 Mono Single-to-Double,convertible-modular,single-to-double stroller,eligible,yes,yes,1649,"Bugaboo - Donkey 5 Mono Complete Single-to-Double Stroller, Aluminum/Midnight Black",https://www.macrobaby.com/products/bugaboo-donkey-5-mono-complete-single-to-double-stroller-aluminum-midnight-black?_j=taylormadebabyco.com
stroller,Bugaboo,Donkey 5 Mono,convertible-modular,single-to-double stroller,eligible,yes,yes,1749,"Bugaboo - Donkey 5 Mono Complete Stroller, Graphite /Stormy Blue",https://www.macrobaby.com/products/bugaboo-donkey-5-mono-complete-stroller-graphite-stormy-blue?_j=taylormadebabyco.com
adapter,Bugaboo,Bugaboo - Donkey Twin Car Seat Adapter for Turtle/Nuna/Maxi-Cosi,,stroller adapter,eligible,no,no,99.95,Bugaboo - Donkey Twin Car Seat Adapter for Turtle/Nuna/Maxi-Cosi,https://www.macrobaby.com/products/bugaboo-donkey-adapter-for-select-maxi-cosi-car-seats-twin?_j=taylormadebabyco.com
adapter,Bugaboo,Bugaboo - Dragonfly Car Seat Adapter for Maxi Cosi/Cybex/Nuna,,stroller adapter,eligible,no,no,69.95,Bugaboo - Dragonfly Car Seat Adapter for Maxi Cosi/Cybex/Nuna,https://www.macrobaby.com/products/bugaboo-dragonfly-car-seat-adapter-for-maxi-cosi-cybex-nuna?_j=taylormadebabyco.com
infant-car-seat,Bugaboo,Turtle Air Shield by Nuna,,infant car seat,eligible,yes,yes,649,Bugaboo - Turtle Air Shield by Nuna Car Seat,https://www.macrobaby.com/products/bugaboo-turtle-air-shield-by-nuna-car-seat?_j=taylormadebabyco.com
stroller,Bugaboo,Donkey 6,convertible-modular,single-to-double stroller,eligible,yes,yes,1699.99,Bugaboo Donkey 6 Complete Stroller Black/Fern Green,https://www.macrobaby.com/products/bugaboo-donkey-6-complete-stroller-black-fern-green?_j=taylormadebabyco.com
adapter,Bugaboo,Bugaboo Donkey Adapter For Select Maxi Cosi Car Seats and Turtle,,stroller adapter,eligible,no,no,79.95,"Bugaboo Donkey Adapter For Select Maxi Cosi Car Seats and Turtle, Mono",https://www.macrobaby.com/products/bugaboo-donkey-adapter-for-select-maxi-cosi-car-seats-mono?_j=taylormadebabyco.com
stroller,Chicco,Liteway,umbrella,umbrella stroller,eligible,yes,yes,109.99,"Chicco - Liteway Compact Stroller, Lavender",https://www.macrobaby.com/products/chicco-liteway-compact-stroller-lavender?_j=taylormadebabyco.com
stroller,Chicco,Liteway,compact,compact stroller,eligible,yes,yes,109.99,"Chicco - Liteway Stroller, Dune",https://www.macrobaby.com/products/chicco-liteway-stroller-dune?_j=taylormadebabyco.com
stroller,Chicco,Presto Self-Folding,travel,travel stroller,eligible,yes,yes,229.99,"Chicco - Presto Self-Folding Compact Stroller, Graphite",https://www.macrobaby.com/products/chicco-presto-self-folding-compact-stroller-graphite?_j=taylormadebabyco.com
stroller,Chicco,BravoFor2 Standing/Sitting Double,double,double stroller,eligible,yes,yes,379.99,"Chicco BravoFor2 Standing/Sitting Double Stroller, Iron",https://www.macrobaby.com/products/chicco-bravofor2-standing-sitting-double-stroller-iron?_j=taylormadebabyco.com
stroller,Chicco,Cortina Together Double,double,double stroller,eligible,yes,yes,389.99,"Chicco Cortina Together Double Stroller, Minerale",https://www.macrobaby.com/products/chicco-cortina-together-double-stroller-minerale?_j=taylormadebabyco.com
infant-car-seat,Chicco,KeyFit Max Zip ClearTex,,infant car seat,eligible,yes,yes,299.99,"Chicco Keyfit Max Zip Cleartex Infant Car Seat, Sierra",https://www.macrobaby.com/products/chicco-keyfit-max-zip-cleartex-infant-car-seat-sierra?_j=taylormadebabyco.com
stroller,Cybex,Balios S Lux,full-size,full-size stroller,eligible,yes,yes,699.95,"Cybex - Balios S Lux Stroller, Almond Beige",https://www.macrobaby.com/products/cybex-balios-s-lux-stroller-almond-beige?_j=taylormadebabyco.com
infant-car-seat,Cybex,Cloud G Pro Comfort Extend,,infant car seat,eligible,yes,yes,599.95,"Cybex - Cloud G Pro Comfort Extend Infant Car Seat, Almond Beige",https://www.macrobaby.com/products/cybex-cloud-g-pro-comfort-extend-infant-car-seat-almond-beige?_j=taylormadebabyco.com
infant-car-seat,Cybex,Cloud T,,infant car seat,eligible,yes,yes,649.95,Cybex - Cloud T Infant Car Seatsensorsafe - Sepia Black,https://www.macrobaby.com/products/cybex-cloud-t-infant-car-seatsensorsafe-sepia-black?_j=taylormadebabyco.com
stroller,Cybex,Coya,travel,travel stroller,eligible,yes,yes,599.95,"Cybex - Coya Compact Stroller, Matte Black/Cozy Beige",https://www.macrobaby.com/products/cybex-coya-stroller-chrome-matte-black-cozy-beige?_j=taylormadebabyco.com
adapter,Cybex,Cybex - Gold Gazelle S Stroller Car Seat Adapter for Graco/Chicco/Peg Perego,,stroller adapter,eligible,no,no,79.95,Cybex - Gold Gazelle S Stroller Car Seat Adapter for Graco/Chicco/Peg Perego,https://www.macrobaby.com/products/cybex-gold-gazelle-s-stroller-car-seat-adapter-for-graco-chicco-peg-perego?_j=taylormadebabyco.com
stroller,Cybex,Mios,compact,compact stroller,eligible,yes,yes,899.95,"Cybex Mios Stroller, Matte Black Frame/Cozy Beige Lux Seat",https://www.macrobaby.com/products/cybex-mios-stroller-matte-black-frame-cozy-beige-lux-seat?_j=taylormadebabyco.com
stroller,Cybex,Priam,full-size,full-size stroller,eligible,yes,yes,999.95,Cybex Priam Stroller Matte Black Frame/Coconut Brown Lux Seat,https://www.macrobaby.com/products/cybex-priam-stroller-matte-black-frame-coconut-brown-lux-seat?_j=taylormadebabyco.com
stroller,Delta,Gap Classic Umbrella,full-size,full-size stroller,eligible,yes,yes,148.99,Delta - Gap Classic Umbrella Lightweight Stroller Grey,https://www.macrobaby.com/products/delta-gap-classic-stroller-grey?_j=taylormadebabyco.com
stroller,Delta,Jeep Adventureglyde,full-size,full-size stroller,eligible,yes,yes,99.99,"Delta - Jeep Adventureglyde Stroller By Delta Children, Black With Grey",https://www.macrobaby.com/products/delta-jeep-adventureglyde-stroller-by-delta-children-black-with-grey?_j=taylormadebabyco.com
stroller,Delta,Children - Baby Gap 2-In-1 Carriage,full-size,full-size stroller,eligible,yes,yes,244.79,"Delta Children - Baby Gap 2-In-1 Carriage Stroller, Camo Black",https://www.macrobaby.com/products/delta-children-baby-gap-2-in-1-carriage-stroller-camo-black?_j=taylormadebabyco.com
stroller,Delta,Children - BabyGap Classic Side-by-Side Double,double,double stroller,eligible,yes,yes,244.99,"Delta Children - BabyGap Classic Side-by-Side Double Stroller, Navy Camo",https://www.macrobaby.com/products/delta-children-babygap-classic-side-by-side-double-stroller-navy-camo?_j=taylormadebabyco.com
stroller,Delta,Children - BabyGap Classic,full-size,full-size stroller,eligible,yes,yes,148.99,"Delta Children - BabyGap Classic Stroller, Pink Stripes",https://www.macrobaby.com/products/delta-children-babygap-classic-stroller-pink-stripes?_j=taylormadebabyco.com
stroller,DFY,R1 Single,full-size,full-size stroller,eligible,yes,yes,650,DFY - R1 Single Stroller Black,https://www.macrobaby.com/products/dfy-r1-single-stroller-black?_j=taylormadebabyco.com
other,Doona,360 Protection,,stroller accessory,hidden,no,no,55,"Doona - 360 Protection, Compatible with Doona Car Seat & Stroller",https://www.macrobaby.com/products/doona-infant-car-seat-stroller-360-protection-cover-black?_j=taylormadebabyco.com
infant-car-seat,Doona,Doona,,infant car seat,eligible,yes,yes,650,"Doona - Infant Car Seat With Base & Stroller, Blush Pink",https://www.macrobaby.com/products/doona-infant-car-seat-stroller-blush-pink?_j=taylormadebabyco.com
other,Doona,Snap-On Storage,,stroller accessory,hidden,no,no,48,"Doona - Snap-On Storage, Compatible with Doona Car Seat & Stroller",https://www.macrobaby.com/products/doona-infant-car-seat-stroller-snap-on-storage-black?_j=taylormadebabyco.com
infant-car-seat,Doona,Doona+,,infant car seat,eligible,yes,yes,650,"Doona+ Infant Car Seat & Stroller, Sahara Sand",https://www.macrobaby.com/products/doona-infant-car-seat-with-base-shara-sand?_j=taylormadebabyco.com
stroller,Ergobaby,Metro 3 Deluxe Baby,travel,travel stroller,eligible,yes,yes,499,"Ergobaby Metro 3 Deluxe Baby Stroller, Willow Green",https://www.macrobaby.com/products/ergobaby-metro-3-deluxe-baby-stroller-willow-green?_j=taylormadebabyco.com
stroller,Ergobaby,Metro 3 Travel,travel,travel stroller,eligible,yes,yes,399,"Ergobaby Metro 3 Lightweight Travel Stroller, Natural Beige",https://www.macrobaby.com/products/ergobaby-metro-3-all-in-one-compact-baby-stroller-lightweight-travel-stroller-natural-beige?_j=taylormadebabyco.com
stroller,Ergobaby,Metro+ Deluxe Baby,travel,travel stroller,eligible,yes,yes,400,"Ergobaby Metro+ Deluxe Compact Baby Stroller, London Grey",https://www.macrobaby.com/products/ergobaby-compact-comfort-metro-deluxe-stroller-london-grey?_j=taylormadebabyco.com
stroller,Ergobaby,Metro+ Deluxe,travel,travel stroller,eligible,yes,yes,400,"Ergobaby Metro+ Deluxe Compact Stroller, Empire State Green",https://www.macrobaby.com/products/ergobaby-compact-comfort-metro-deluxe-stroller-empire-state-green?_j=taylormadebabyco.com
stroller,Graco,Merge,full-size,full-size stroller,eligible,yes,yes,339.99,"Graco - Merge Stroller, Swivel Wheel Baby Stroller with 360-Degree Rotating Wheels",https://www.macrobaby.com/products/graco-merge-stroller-swivel-wheel-baby-stroller-with-360-degree-rotating-wheels?_j=taylormadebabyco.com
stroller,Inglesina,Quid³,travel,travel stroller,eligible,yes,yes,399,Inglesina - Quid³ Compact Lightweight Stroller - Planet Green,https://www.macrobaby.com/products/inglesina-quid-stroller-planet-green?_j=taylormadebabyco.com
adapter,Joolz,Joolz - Aer² Car Seat Adapter Set,,stroller adapter,eligible,no,no,59.99,Joolz - Aer² Car Seat Adapter Set,https://www.macrobaby.com/products/joolz-aer-car-seat-adapter-set?_j=taylormadebabyco.com
stroller,Joolz,Aer²,travel,travel stroller,eligible,yes,yes,492.15,Joolz - Aer² Lightweight Compact Stroller Space Black,https://www.macrobaby.com/products/joolz-aer2-buggy-space-black?_j=taylormadebabyco.com
adapter,Joolz,Joolz - Aer+ Car Seat Adapters,,stroller adapter,eligible,no,no,49.99,Joolz - Aer+ Car Seat Adapters,https://www.macrobaby.com/products/joolz-aer-car-seat-adapters?_j=taylormadebabyco.com
stroller,Joolz,Aer+,travel,travel stroller,eligible,yes,yes,499,Joolz - Aer+ Lightweight Compact Stroller Sage Green,https://www.macrobaby.com/products/joolz-aer-lightweight-compact-stroller-sage-green-2?_j=taylormadebabyco.com
adapter,Joolz,Joolz - Hub2 Car Seat Adapter Set,,stroller adapter,eligible,no,no,59.99,Joolz - Hub2 Car Seat Adapter Set,https://www.macrobaby.com/products/joolz-hub2-car-seat-adapter-set?_j=taylormadebabyco.com
stroller,Joolz,Dot Ultra Travel,compact,compact stroller,eligible,yes,yes,339.99,"Joolz Dot Ultra Lightweight Travel Stroller, Dune Beige",https://www.macrobaby.com/products/joolz-dot-ultra-lightweight-travel-stroller-dune-beige?_j=taylormadebabyco.com
stroller,Joolz,Dot Ultra Travel,travel,travel stroller,eligible,yes,yes,339.15,"Joolz Dot Ultra Lightweight Travel Stroller, Lagoon Blue",https://www.macrobaby.com/products/joolz-dot-ultra-lightweight-travel-stroller-lagoon-blue?_j=taylormadebabyco.com
other,MacroBaby,3Pk Universal,,stroller accessory,hidden,no,no,49.99,Macrobaby 3Pk Universal Stroller Cart Connector for Twins Car,https://www.macrobaby.com/products/macrobaby-3pk-universal-stroller-cart-connector-for-twins-car?_j=taylormadebabyco.com
stroller,Maxi-Cosi,Fame Modular,full-size,full-size stroller,eligible,yes,yes,999.99,"Maxi-Cosi - Fame Modular Stroller, Twillic Black",https://www.macrobaby.com/products/maxi-cosi-fame-modular-stroller-twillic-black?_j=taylormadebabyco.com
infant-car-seat,Maxi-Cosi,Mico Luxe,,infant car seat,eligible,yes,yes,339.99,"Maxi-Cosi - Mico Luxe+ Infant Car Seat, Essential Green",https://www.macrobaby.com/products/maxi-cosi-mico-luxe-infant-car-seat-essential-green?_j=taylormadebabyco.com
infant-car-seat,Maxi-Cosi,Mico Pro,,infant car seat,eligible,yes,yes,219.99,"Maxi-Cosi - Mico Pro Infant Car Seat, Sea Drift",https://www.macrobaby.com/products/maxi-cosi-mico-pro-infant-car-seat-sea-drift?_j=taylormadebabyco.com
stroller,Maxi-Cosi,Oxford Cabin Travel,full-size,full-size stroller,eligible,yes,yes,399.99,"Maxi-Cosi - Oxford Cabin Lightweight Travel Stroller, Sea Shadow",https://www.macrobaby.com/products/maxi-cosi-oxford-cabin-lightweight-travel-stroller-sea-shadow?_j=taylormadebabyco.com
infant-car-seat,Maxi-Cosi,Peri 180,,infant car seat,eligible,yes,yes,499.99,"Maxi-Cosi - Peri 180 Rotating Infant Car Seat, Desert Wonder",https://www.macrobaby.com/products/maxi-cosi-peri-180-rotating-infant-car-seat-desert-wonder?_j=taylormadebabyco.com
stroller,Maxi-Cosi,Tana 360 Rotating Modular,full-size,full-size stroller,eligible,yes,yes,999.99,"Maxi-Cosi - Tana 360 Rotating Modular Stroller Kindred Collection, Natural Heritage",https://www.macrobaby.com/products/maxi-cosi-tana-360-rotating-modular-stroller-kindred-collection-natural-heritage?_j=taylormadebabyco.com
infant-car-seat,Maxi-Cosi,Ambra,,infant car seat,eligible,yes,yes,399.99,"Maxi-Cosi Ambra Infant Car Seat, Caspian Caviar",https://www.macrobaby.com/products/maxi-cosi-ambra-infant-car-seat-caspian-caviar?_j=taylormadebabyco.com
stroller,Mercedes,Amg Gt² Single,full-size,full-size stroller,eligible,yes,yes,2849.99,"Mercedes Amg Gt² Single Stroller, 622 Sienabraun",https://www.macrobaby.com/products/mercedes-amg-gt-single-stroller-622-sienabraun?_j=taylormadebabyco.com
stroller,Mercedes,Performance Single,full-size,full-size stroller,eligible,yes,yes,2849.99,"Mercedes Performance Single Stroller, 616 Truffle",https://www.macrobaby.com/products/mercedes-performance-single-stroller-616-tartufo?_j=taylormadebabyco.com
stroller,Mima,Creo,full-size,full-size stroller,eligible,yes,yes,1199.99,Mima - Creo Stroller Black Chassis & Mocha Cream Seat,https://www.macrobaby.com/products/mima-creo-stroller-black-chassis-mocha-cream-seat?_j=taylormadebabyco.com
stroller,Mima,Miro,travel,travel stroller,eligible,yes,yes,549.99,"Mima - Miro Compact Stroller, Black Chassis/Black Seat",https://www.macrobaby.com/products/mima-miro-compact-stroller-black-chassis-black-seat?_j=taylormadebabyco.com
stroller,Momcozy,ChangeGo Baby,wagon,wagon,eligible,yes,yes,699.99,"Momcozy ChangeGo Baby Stroller, Convertible Single-to-Double-to-Wagon Stroller with 23 Configurations",https://www.macrobaby.com/products/momcozy-changego-baby-stroller-convertible-single-to-double-to-wagon-stroller-with-23-configurations?_j=taylormadebabyco.com
stroller,Momcozy,ClickGo,full-size,full-size stroller,eligible,yes,yes,299.99,"Momcozy Clickgo Lightweight Stroller, Black",https://www.macrobaby.com/products/momcozy-clickgo-lightweight-stroller-black?_j=taylormadebabyco.com
stroller,Nuna,Mixx Next Bmw,full-size,full-size stroller,eligible,yes,yes,900,Nuna - Mixx Next Bmw Stroller Element,https://www.macrobaby.com/products/nuna-mixx-next-bmw-stroller-element?_j=taylormadebabyco.com
stroller,Nuna,MIXX next,full-size,full-size stroller,eligible,yes,yes,900,"Nuna - Mixx Next Stroller With Magnetic Buckle, Biscotti",https://www.macrobaby.com/products/nuna-mixx-next-stroller-with-magnetic-buckle-biscotti?_j=taylormadebabyco.com
stroller,Nuna,Mixx Next With Magnetic Buckle,full-size,full-size stroller,eligible,yes,yes,900,"Nuna - Mixx Next With Magnetic Buckle Stroller, Cedar",https://www.macrobaby.com/products/nuna-mixx-next-with-magnetic-buckle-stroller-cedar?_j=taylormadebabyco.com
adapter,Nuna,Nuna - Pipa Adapter For Uppababy® Vista® And Cruz®,,stroller adapter,eligible,no,no,75,Nuna - Pipa Adapter For Uppababy® Vista® And Cruz®,https://www.macrobaby.com/products/nuna-pipa-adapter-for-uppababy-vista-and-cruz?_j=taylormadebabyco.com
infant-car-seat,Nuna,PIPA Aire,,infant car seat,eligible,yes,yes,440,"Nuna - Pipa Aire Infant Car Seat, Biscotti",https://www.macrobaby.com/products/nuna-pipa-aire-infant-car-seat-biscotti?_j=taylormadebabyco.com
infant-car-seat,Nuna,PIPA Aire rx,,infant car seat,eligible,yes,yes,650,"Nuna - Pipa Aire Rx Infant Car Seat & Relx Base, Biscotti",https://www.macrobaby.com/products/nuna-pipa-aire-rx-infant-car-seat-relx-base-biscotti?_j=taylormadebabyco.com
infant-car-seat,Nuna,PIPA RX,,infant car seat,eligible,yes,yes,550,"Nuna - PIPA RX Infant Car Seat + RELX Base with Load Leg, Caviar",https://www.macrobaby.com/products/nuna-pipa-rx-infant-car-seat-relx-base-with-load-leg-caviar?_j=taylormadebabyco.com
stroller,Nuna,SWIV,compact,compact stroller,eligible,yes,yes,1000,"Nuna - Swiv Stroller, Acorn",https://www.macrobaby.com/products/nuna-swiv-stroller-acorn?_j=taylormadebabyco.com
stroller,Nuna,Tavo Next Granite,full-size,full-size stroller,eligible,yes,yes,700,Nuna - Tavo Next Granite Stroller,https://www.macrobaby.com/products/nuna-tavo-next-baby-stroller-granite?_j=taylormadebabyco.com
stroller,Nuna,TAVO next,full-size,full-size stroller,eligible,yes,yes,700,"Nuna - Tavo Next Stroller, Caviar",https://www.macrobaby.com/products/nuna-tavo-next-stroller-caviar?_j=taylormadebabyco.com
stroller,Nuna,Triv Next Bmw,compact,compact stroller,eligible,yes,yes,800,Nuna - Triv Next Bmw Stroller Graphene,https://www.macrobaby.com/products/nuna-triv-next-bmw-stroller-graphene?_j=taylormadebabyco.com
stroller,Nuna,TRIV next,compact,compact stroller,eligible,yes,yes,800,"Nuna - TRIV Next Compact Stroller, Thistle",https://www.macrobaby.com/products/nuna-triv-next-compact-stroller-thistle?_j=taylormadebabyco.com
stroller,Nuna,Triv Next W Magnetic Buckle,compact,compact stroller,eligible,yes,yes,800,"Nuna - Triv Next W Magnetic Buckle, Biscotti",https://www.macrobaby.com/products/nuna-triv-next-w-magnetic-buckle-biscotti?_j=taylormadebabyco.com
stroller,Nuna,Trvl Double,double,double stroller,eligible,yes,yes,900,"Nuna - Trvl Double Stroller, Granite",https://www.macrobaby.com/products/nuna-trvl-double-stroller-with-travel-bag-granite?_j=taylormadebabyco.com
stroller,Nuna,TRVL lx,travel,travel stroller,eligible,yes,yes,600,"Nuna - TRVL LX Stroller BMW Special Edition, Mica",https://www.macrobaby.com/products/nuna-trvl-lx-stroller-bmw-special-edition-mica?_j=taylormadebabyco.com
stroller,Nuna,Trvl With Travel Bag,travel,travel stroller,suspected-accessory-bundle-travel-system,no,no,575,"Nuna - Trvl With Travel Bag Stroller, Ocean",https://www.macrobaby.com/products/nuna-trvl-with-travel-bag-stroller-ocean?_j=taylormadebabyco.com
stroller,Nuna,DEMI Icon,full-size,full-size stroller,eligible,yes,yes,900,"Nuna DEMI Icon Stroller, Caviar",https://www.macrobaby.com/products/nuna-demi-icon-stroller-caviar?_j=taylormadebabyco.com
stroller,Nuna,Triv Next With Magnetic Buckle Caviar/Chocolate,compact,compact stroller,eligible,yes,yes,800,Nuna Triv Next With Magnetic Buckle Caviar/Chocolate,https://www.macrobaby.com/products/nuna-triv-next-with-magnetic-buckle-caviar-chocolate-1?_j=taylormadebabyco.com
stroller,Nuna,Viaa Cabn Ultra-,travel,travel stroller,eligible,yes,yes,550,"Nuna Viaa Cabn Ultra-Compact Stroller, Caviar",https://www.macrobaby.com/products/nuna-viaa-cabn-ultra-compact-stroller-caviar?_j=taylormadebabyco.com
infant-car-seat,Orbit Baby,G5,,infant car seat,eligible,yes,yes,480.99,"Orbit Baby - G5+ Rotating Infant Car Seat, Mélange Flax",https://www.macrobaby.com/products/orbit-baby-g5-rotating-infant-car-seat-melange-flax?_j=taylormadebabyco.com
stroller,Orbit Baby,M+,compact,compact stroller,eligible,yes,yes,699.99,"Orbit Baby M+ Compact Stroller, Black/Black",https://www.macrobaby.com/products/orbit-baby-g5-four-seasons-stroller-cover-black?_j=taylormadebabyco.com
stroller,Peg Perego,Volo Ultra Carry On Compliant Travel Strolle,travel,travel stroller,eligible,yes,yes,279.99,"Peg Perego - Volo Ultra Lightweight Carry On Compliant Travel Strolle, Mon Amour (Beige & Pink)",https://www.macrobaby.com/products/peg-perego-volo-ultra-lightweight-carry-on-compliant-travel-strolle-mon-amour-beige-pink?_j=taylormadebabyco.com
stroller,Peg Perego,Volo,travel,travel stroller,eligible,yes,yes,279.99,"Peg Perego - Volo, Ultra Lightweight Carry On Compliant Travel Stroller, Blue Shine (Blue & Copper)",https://www.macrobaby.com/products/peg-perego-volo-ultra-lightweight-carry-on-compliant-travel-stroller-blue-shine-blue-copper?_j=taylormadebabyco.com
stroller,Peg Perego,Vivace,full-size,full-size stroller,eligible,yes,yes,639.99,Peg Perego Vivace Stroller - Astral (Beige),https://www.macrobaby.com/products/peg-perego-vivace-stroller-astral-beige?_j=taylormadebabyco.com
stroller,Peg Perego,Volo Ultra Carry On Compliant Travel,travel,travel stroller,eligible,yes,yes,279.99,"Peg Perego Volo Ultra Lightweight Carry On Compliant Travel Stroller, True Black",https://www.macrobaby.com/products/peg-perego-volo-ultra-lightweight-carry-on-compliant-travel-stroller-true-black-black?_j=taylormadebabyco.com
stroller,Peg Perego,City Loop Chassis,full-size,full-size stroller,eligible,yes,yes,249.99,"Peg-Perego - City Loop Chassis, Black",https://www.macrobaby.com/products/peg-perego-city-loop-chassis-black?_j=taylormadebabyco.com
infant-car-seat,Peg Perego,Primo Viaggio Nido,,infant car seat,eligible,yes,yes,359.99,Peg-Perego - Primo Viaggio Nido Infant Car Seat Astral,https://www.macrobaby.com/products/peg-perego-primo-viaggio-nido-infant-car-seat-astral?_j=taylormadebabyco.com
stroller,Peg Perego,Vivace Single,full-size,full-size stroller,eligible,yes,yes,699.99,"Peg-Perego - Vivace Single Stroller, Mon Amour (Beige & Pink)",https://www.macrobaby.com/products/peg-perego-vivace-single-stroller-mon-amour-beige-pink?_j=taylormadebabyco.com
stroller,Radio Flyer,Voya XT Baby,wagon,wagon,eligible,yes,yes,599.99,"Radio Flyer - Voya XT Baby Stroller Wagon, Gray",https://www.macrobaby.com/products/radio-flyer-voya-xt-baby-stroller-wagon-gray?_j=taylormadebabyco.com
infant-car-seat,Romer,Juni,,infant car seat,eligible,yes,yes,499.99,"Romer - Juni Infant Car Seat, Truffle",https://www.macrobaby.com/products/britax-romer-juni-infant-car-seat-with-versa-base-secureloc-technology-luxury-cover-truffle?_j=taylormadebabyco.com
stroller,Romer,Tura,full-size,full-size stroller,eligible,yes,yes,949.99,"Romer - Tura Stroller, Peppercorn",https://www.macrobaby.com/products/romer-tura-stroller-peppercorn?_j=taylormadebabyco.com
stroller,Safety 1st,Disney Baby Character Umbrella,umbrella,umbrella stroller,eligible,yes,yes,49.99,"Safety 1St - Disney Baby Character Umbrella Stroller, Eye-catching, Hide & Seek Mickey",https://www.macrobaby.com/products/safety-1st-disney-baby-character-umbrella-stroller-eye-catching-hide-seek-mickey?_j=taylormadebabyco.com
adapter,Silver Cross,Silver Cross - Breez Car Seat Adaptors,,stroller adapter,eligible,no,no,59.99,Silver Cross - Breez Car Seat Adaptors,https://www.macrobaby.com/products/silver-cross-breez-car-seat-adaptors?_j=taylormadebabyco.com
stroller,Silver Cross,Breez,travel,travel stroller,eligible,yes,yes,849.99,"Silver Cross - Breez Compact Stroller, Champagne",https://www.macrobaby.com/products/silver-cross-breez-compact-stroller-champagne?_j=taylormadebabyco.com
stroller,Silver Cross,Clic,travel,travel stroller,eligible,yes,yes,399.99,"Silver Cross - Clic Lightweight Stroller, Conifer (Green)",https://www.macrobaby.com/products/silver-cross-clic-lightweight-stroller-conifer-green?_j=taylormadebabyco.com
adapter,Silver Cross,Silver Cross - Dune,,stroller adapter,eligible,no,no,59.99,"Silver Cross - Dune, Reef Universal Car Seat Adaptors",https://www.macrobaby.com/products/silver-cross-dune-reef-universal-car-seat-adaptors-1?_j=taylormadebabyco.com
adapter,Silver Cross,Silver Cross - Jet 5 & Jet Double Car Seat Adapters,,stroller adapter,eligible,no,no,59.99,Silver Cross - Jet 5 & Jet Double Car Seat Adapters,https://www.macrobaby.com/products/silver-cross-jet-5-jet-double-car-seat-adapters-1?_j=taylormadebabyco.com
stroller,Silver Cross,Jet Double,double,double stroller,eligible,yes,yes,799.99,"Silver Cross - Jet Lightweight Double Stroller, Black",https://www.macrobaby.com/products/silver-cross-jet-lightweight-double-stroller-black?_j=taylormadebabyco.com
stroller,Silver Cross,Nia Travel,travel,travel stroller,eligible,yes,yes,549.99,"Silver Cross - Nia Compact Travel Stroller, Champagne",https://www.macrobaby.com/products/silver-cross-nia-compact-travel-stroller-champagne?_j=taylormadebabyco.com
stroller,Silver Cross,Cove 2,full-size,full-size stroller,eligible,yes,yes,999.99,"Silver Cross Cove 2 Full-Size All-Terrain Stroller, Champagne",https://www.macrobaby.com/products/silver-cross-cove-2-full-size-all-terrain-stroller-champagne?_j=taylormadebabyco.com
adapter,Stokke,Stokke - YOYO Car Seat Adapters,,stroller adapter,eligible,no,no,59,Stokke - YOYO Car Seat Adapters,https://www.macrobaby.com/products/stokke-yoyo2-car-seat-adapters?_j=taylormadebabyco.com
stroller,TernX,Carry On Luggage,full-size,full-size stroller,eligible,yes,yes,699,"Ternx - Carry On Luggage Stroller, Black& Grey",https://www.macrobaby.com/products/ternx-carry-on-luggage-stroller-black-grey?_j=taylormadebabyco.com
stroller,Thule,Spring,compact,compact stroller,eligible,yes,yes,299.95,Thule - Spring Compact Stroller Grey Melange,https://www.macrobaby.com/products/thule-spring-compact-stroller-grey-melange?_j=taylormadebabyco.com
stroller,Thule,Urban Glide 3 Single Child,jogging,jogging stroller,eligible,yes,yes,799.95,"Thule - Urban Glide 3 Single Child All-Terrain Stroller, Blue",https://www.macrobaby.com/products/thule-urban-glide-3-single-child-all-terrain-stroller-blue?_j=taylormadebabyco.com
stroller,Thule,Urban Glide 4-Wheel Single Child,jogging,jogging stroller,eligible,yes,yes,598.95,Thule - Urban Glide 4-Wheel Single Child All-Terrain Stroller Black,https://www.macrobaby.com/products/thule-urban-glide-4-wheel-single-child-all-terrain-stroller-black?_j=taylormadebabyco.com
stroller,Thule,Spring 2 Single Ccompact,full-size,full-size stroller,eligible,yes,yes,499.95,Thule Spring 2 Single Ccompact All-Terrain Stroller Black,https://www.macrobaby.com/products/thule-spring-2-single-ccompact-all-terrain-stroller-black?_j=taylormadebabyco.com
stroller,Thule,Spring 2 Single Child,full-size,full-size stroller,eligible,yes,yes,499.95,"Thule Spring 2 Single Child Stroller, Mid Blue",https://www.macrobaby.com/products/thule-spring-2-single-child-stroller-mid-blue?_j=taylormadebabyco.com
adapter,UPPAbaby,Uppababy - Adapters For Minu Duo,,stroller adapter,eligible,no,no,39.99,"Uppababy - Adapters For Minu Duo (Mesa/Mesa V2, Mesa Max, Mesa I-Size, Aria)",https://www.macrobaby.com/products/uppababy-adapters-for-minu-duo-mesa-mesa-v2-mesa-max-mesa-i-size-aria?_j=taylormadebabyco.com
adapter,UPPAbaby,Uppababy - Adapters For Minu V3 -,,stroller adapter,eligible,no,no,39.99,Uppababy - Adapters For Minu V3 - (Compatible with all Mesa and Aria car seats),https://www.macrobaby.com/products/uppababy-adapters-for-minu-v3-compatible-with-all-mesa-and-aria-car-seats?_j=taylormadebabyco.com
infant-car-seat,UPPAbaby,Aria,,infant car seat,eligible,yes,yes,349.99,"Uppababy - Aria Infant Car Seat, Anthony (Light Grey)",https://www.macrobaby.com/products/uppababy-aria-infant-car-seat-anthony-light-grey?_j=taylormadebabyco.com
infant-car-seat,UPPAbaby,Aria V2,,infant car seat,eligible,yes,yes,449.99,"Uppababy - Aria V2 Lightweight Infant Car Seat, Callum/Dillan (Stone Blue)",https://www.macrobaby.com/products/uppababy-aria-v2-lightweight-infant-car-seat-callum-dillan-stone-blue?_j=taylormadebabyco.com
adapter,UPPAbaby,Uppababy - Car Seat Adapter for Ridge,,stroller adapter,eligible,no,no,49.99,"Uppababy - Car Seat Adapter for Ridge, Nuna/Cybex/Maxi-Cosi",https://www.macrobaby.com/products/uppababy-car-seat-adapter-for-ridge-nuna-cybex-maxi-cosi?_j=taylormadebabyco.com
stroller,UPPAbaby,Cruz V3,full-size,full-size stroller,eligible,yes,yes,899.99,Uppababy - Cruz V3 Stroller Callum (Stone Blue/Silver Frame/Sand Leather),https://www.macrobaby.com/products/uppababy-cruz-v3-stroller-callum-stone-blue-silver-frame-sand-leather?_j=taylormadebabyco.com
stroller,UPPAbaby,G-LUXE Umbrella,umbrella,umbrella stroller,eligible,yes,yes,249.99,"UPPAbaby - G-LUXE Umbrella Stroller, Greyson (Charcoal Melange/Carbon)",https://www.macrobaby.com/products/uppababy-g-luxe-umbrella-stroller-greyson-charcoal-melange-carbon?_j=taylormadebabyco.com
adapter,UPPAbaby,Uppababy - Lower Adapters For Vista And Vista V2,,stroller adapter,eligible,no,no,39.99,Uppababy - Lower Adapters For Vista And Vista V2,https://www.macrobaby.com/products/uppababy-lower-adapters-for-vista-and-vista-v2?_j=taylormadebabyco.com
infant-car-seat,UPPAbaby,Mesa V3,,infant car seat,eligible,yes,yes,349.99,UPPAbaby - Mesa V3 Infant Car Seat - Ada,https://www.macrobaby.com/products/uppababy-mesa-v3-infant-car-seat-ada?_j=taylormadebabyco.com
stroller,UPPAbaby,Minu Duo Side By Side Double,double,double stroller,eligible,yes,yes,749.99,"Uppababy - Minu Duo Side By Side Compact Double Stroller, Greyson (Charcoal Mélange/Carbon Frame/Saddle Leather)",https://www.macrobaby.com/products/uppababy-minu-duo-side-by-side-compact-double-stroller-greyson-charcoal-melange-carbon-frame-saddle-leather?_j=taylormadebabyco.com
adapter,UPPAbaby,Uppababy - Minu Infant Car Seat Adapter For Maxi-Cosi/Nuna/Cybex,,stroller adapter,eligible,no,no,54.99,Uppababy - Minu Infant Car Seat Adapter For Maxi-Cosi/Nuna/Cybex,https://www.macrobaby.com/products/uppababy-minu-infant-car-seat-adapter-for-maxi-cosi-nuna-cybex?_j=taylormadebabyco.com
stroller,UPPAbaby,Minu V3,travel,travel stroller,eligible,yes,yes,499.99,"Uppababy - Minu V3 Compact Stroller, Dillan (Stone Blue/Carbon Frame/Sand Leather)",https://www.macrobaby.com/products/uppababy-minu-v3-compact-stroller-dillan-stone-blue-carbon-frame-sand-leather?_j=taylormadebabyco.com
adapter,UPPAbaby,Uppababy - Vista Upper Adapter,,stroller adapter,eligible,no,no,39.99,Uppababy - Vista Upper Adapter,https://www.macrobaby.com/products/uppababy-vista-upper-adapter?_j=taylormadebabyco.com
stroller,UPPAbaby,Vista V3,convertible-modular,single-to-double stroller,eligible,yes,yes,999.99,"Uppababy - Vista V3 Stroller, Callum (Stone Blue/Silver Frame/Sand Leather)",https://www.macrobaby.com/products/uppababy-vista-v3-stroller-callum-stone-blue-silver-frame-sand-leather?_j=taylormadebabyco.com
adapter,UPPAbaby,Uppababy Car Seat Adapters For Vista,,stroller adapter,eligible,no,no,49.99,"Uppababy Car Seat Adapters For Vista, Vista V2, Cruz And Cruz V2",https://www.macrobaby.com/products/uppababy-car-seat-adapters-for-vista-vista-v2-cruz-and-cruz-v2?_j=taylormadebabyco.com
adapter,UPPAbaby,UPPABaby Vista Lower Infant Car Seat Adapter For Nuna,,stroller adapter,eligible,no,no,49.99,"UPPABaby Vista Lower Infant Car Seat Adapter For Nuna, Cybex, And Maxi-Cosi",https://www.macrobaby.com/products/uppababy-vista-lower-infant-car-seat-adapter-for-nuna-cybex-and-maxi-cosi?_j=taylormadebabyco.com
stroller,Veer,Cruiser City,wagon,wagon,eligible,yes,yes,699.99,"Veer - Cruiser City (2 Seater) Stroller Wagon, Grey",https://www.macrobaby.com/products/veer-cruiser-wagon?_j=taylormadebabyco.com
adapter,Veer,Veer - Cruiser Infant Car Seat Adapter,,stroller adapter,eligible,no,no,79.99,Veer - Cruiser Infant Car Seat Adapter (Cybex/Maxi-Cosi/Nuna),https://www.macrobaby.com/products/veer-cruiser-infant-car-seat-adapter-for-cybex-maxi-cosi-doona?_j=taylormadebabyco.com
adapter,Veer,Veer - Cruiser XL Infant Car Seat Adapter,,stroller adapter,eligible,no,no,79.99,Veer - Cruiser XL Infant Car Seat Adapter (Cybex/Nuna/Maxi-Cosi),https://www.macrobaby.com/products/veer-cruiser-xl-infant-car-seat-adapter-compatible-with-cybex-nuna-maxi-cosi?_j=taylormadebabyco.com
stroller,WonderFold,L2 Double 2-Seater,wagon,wagon,eligible,yes,yes,799.99,"Wonderfold - L2 Double 2-Seater Stroller Wagon, Grey",https://www.macrobaby.com/products/wonderfold-l2-double-2-seater-stroller-wagon-grey?_j=taylormadebabyco.com
stroller,WonderFold,L4 Quad,wagon,wagon,eligible,yes,yes,949.99,WonderFold - L4 Quad Stroller Wagon (4 Seater) Black,https://www.macrobaby.com/products/wonderfold-l4-quad-stroller-wagon-4-seater-black?_j=taylormadebabyco.com
stroller,WonderFold,Volkswagon Special Edition Double,wagon,wagon,eligible,yes,yes,999,"WonderFold - Volkswagon Special Edition Double Stroller Wagon (2 Seater), Bondi Blue",https://www.macrobaby.com/products/wonderfold-volkswagon-special-edition-double-2-seater-stroller-wagon-bondi-blue?_j=taylormadebabyco.com
stroller,WonderFold,W2 Luxe Double,wagon,wagon,eligible,yes,yes,599.99,"WonderFold - W2 Luxe Double Stroller Wagon, Black",https://www.macrobaby.com/products/wonderfold-w2-luxe-double-stroller-wagon-black-1?_j=taylormadebabyco.com
stroller,WonderFold,W2 Luxe Pro Double,wagon,wagon,eligible,yes,yes,699,"Wonderfold - W2 Luxe Pro Double Stroller For 2 kids, Charcoal Gray",https://www.macrobaby.com/products/wonderfold-w2-luxe-pro-double-stroller-for-2-kids-charcoal-gray?_j=taylormadebabyco.com
stroller,WonderFold,W2 Luxe Pro,wagon,wagon,eligible,yes,yes,699,"Wonderfold - W2 Luxe Pro Stroller Wagon (2 Seater), Jet Black",https://www.macrobaby.com/products/wonderfold-w2-luxe-pro-stroller-wagon-2-seater-jet-black?_j=taylormadebabyco.com
stroller,WonderFold,W4 Luxe Pro Quad,wagon,wagon,eligible,yes,yes,899,Wonderfold - W4 Luxe Pro Quad Stroller Fits Up To 4 Kids Seated Jet Black,https://www.macrobaby.com/products/wonderfold-w4-luxe-pro-quad-stroller-fits-up-to-4-kids-seated-jet-black?_j=taylormadebabyco.com
