brand,stroller,carSeat,strollerFamily,carSeatFamily,action
Graco,Graco Modes Nest,Graco SnugRide Lite LX,Modes / Ready2Grow,SnugRide,skip-existing
Graco,Graco Modes Nest,Graco SnugRide SnugFit,Modes / Ready2Grow,SnugRide,skip-existing
Graco,Graco Modes Nest,Graco SnugRide SnugFit DLX,Modes / Ready2Grow,SnugRide,skip-existing
Graco,Graco Modes Nest,Graco SnugRide SnugFit LX,Modes / Ready2Grow,SnugRide,skip-existing
Graco,Graco Modes Nest2Grow,Graco SnugRide Lite LX,Modes / Ready2Grow,SnugRide,skip-existing
Graco,Graco Modes Nest2Grow,Graco SnugRide SnugFit,Modes / Ready2Grow,SnugRide,skip-existing
Graco,Graco Modes Nest2Grow,Graco SnugRide SnugFit DLX,Modes / Ready2Grow,SnugRide,skip-existing
Graco,Graco Modes Nest2Grow,Graco SnugRide SnugFit LX,Modes / Ready2Grow,SnugRide,skip-existing
Graco,Graco Modes Pramette,Graco SnugRide Lite LX,Modes / Ready2Grow,SnugRide,skip-existing
Graco,Graco Modes Pramette,Graco SnugRide SnugFit,Modes / Ready2Grow,SnugRide,skip-existing
Graco,Graco Modes Pramette,Graco SnugRide SnugFit DLX,Modes / Ready2Grow,SnugRide,skip-existing
Graco,Graco Modes Pramette,Graco SnugRide SnugFit LX,Modes / Ready2Grow,SnugRide,skip-existing
Graco,Graco Ready2Grow 2.0 Double,Graco SnugRide Lite LX,Modes / Ready2Grow,SnugRide,skip-existing
Graco,Graco Ready2Grow 2.0 Double,Graco SnugRide SnugFit,Modes / Ready2Grow,SnugRide,skip-existing
Graco,Graco Ready2Grow 2.0 Double,Graco SnugRide SnugFit DLX,Modes / Ready2Grow,SnugRide,skip-existing
Graco,Graco Ready2Grow 2.0 Double,Graco SnugRide SnugFit LX,Modes / Ready2Grow,SnugRide,skip-existing
Graco,Graco Ready2Grow LX 2.0 Double,Graco SnugRide Lite LX,Modes / Ready2Grow,SnugRide,skip-existing
Graco,Graco Ready2Grow LX 2.0 Double,Graco SnugRide SnugFit,Modes / Ready2Grow,SnugRide,skip-existing
Graco,Graco Ready2Grow LX 2.0 Double,Graco SnugRide SnugFit DLX,Modes / Ready2Grow,SnugRide,skip-existing
Graco,Graco Ready2Grow LX 2.0 Double,Graco SnugRide SnugFit LX,Modes / Ready2Grow,SnugRide,skip-existing
Evenflo,Evenflo Pivot Xpand Modular,Evenflo LiteMax NXT,Pivot / Pivot Xpand,LiteMax,skip-existing
Evenflo,Evenflo Pivot Xpand Modular,Evenflo Revolve180 LiteMax NXT Rotational,Pivot / Pivot Xpand,LiteMax,skip-existing
Evenflo,Evenflo Pivot Xpand NXT,Evenflo LiteMax NXT,Pivot / Pivot Xpand,LiteMax,skip-existing
Evenflo,Evenflo Pivot Xpand NXT,Evenflo Revolve180 LiteMax NXT Rotational,Pivot / Pivot Xpand,LiteMax,skip-existing
Chicco,Chicco Bravo LE ClearTex Quick-Fold,Chicco Fit2,Bravo / Corso,KeyFit / Fit2,skip-existing
Chicco,Chicco Bravo LE ClearTex Quick-Fold,Chicco KeyFit 30,Bravo / Corso,KeyFit / Fit2,skip-existing
Chicco,Chicco Bravo LE ClearTex Quick-Fold,Chicco KeyFit 30 ClearTex,Bravo / Corso,KeyFit / Fit2,skip-existing
Chicco,Chicco Bravo LE ClearTex Quick-Fold,Chicco KeyFit 35,Bravo / Corso,KeyFit / Fit2,skip-existing
Chicco,Chicco Bravo LE ClearTex Quick-Fold,Chicco KeyFit Max ClearTex,Bravo / Corso,KeyFit / Fit2,skip-existing
Chicco,Chicco Bravo LE ClearTex Quick-Fold,Chicco KeyFit Max Zip ClearLux,Bravo / Corso,KeyFit / Fit2,skip-existing
Chicco,Chicco Bravo LE ClearTex Quick-Fold,Chicco KeyFit Max Zip ClearTex,Bravo / Corso,KeyFit / Fit2,skip-existing
Chicco,Chicco Bravo Quick-Fold,Chicco Fit2,Bravo / Corso,KeyFit / Fit2,skip-existing
Chicco,Chicco Bravo Quick-Fold,Chicco KeyFit 30,Bravo / Corso,KeyFit / Fit2,skip-existing
Chicco,Chicco Bravo Quick-Fold,Chicco KeyFit 30 ClearTex,Bravo / Corso,KeyFit / Fit2,skip-existing
Chicco,Chicco Bravo Quick-Fold,Chicco KeyFit 35,Bravo / Corso,KeyFit / Fit2,skip-existing
Chicco,Chicco Bravo Quick-Fold,Chicco KeyFit Max ClearTex,Bravo / Corso,KeyFit / Fit2,skip-existing
Chicco,Chicco Bravo Quick-Fold,Chicco KeyFit Max Zip ClearLux,Bravo / Corso,KeyFit / Fit2,skip-existing
Chicco,Chicco Bravo Quick-Fold,Chicco KeyFit Max Zip ClearTex,Bravo / Corso,KeyFit / Fit2,skip-existing
Chicco,Chicco Corso Flex Convertible,Chicco Fit2,Bravo / Corso,KeyFit / Fit2,skip-existing
Chicco,Chicco Corso Flex Convertible,Chicco KeyFit 30,Bravo / Corso,KeyFit / Fit2,skip-existing
Chicco,Chicco Corso Flex Convertible,Chicco KeyFit 30 ClearTex,Bravo / Corso,KeyFit / Fit2,skip-existing
Chicco,Chicco Corso Flex Convertible,Chicco KeyFit 35,Bravo / Corso,KeyFit / Fit2,skip-existing
Chicco,Chicco Corso Flex Convertible,Chicco KeyFit Max ClearTex,Bravo / Corso,KeyFit / Fit2,skip-existing
Chicco,Chicco Corso Flex Convertible,Chicco KeyFit Max Zip ClearLux,Bravo / Corso,KeyFit / Fit2,skip-existing
Chicco,Chicco Corso Flex Convertible,Chicco KeyFit Max Zip ClearTex,Bravo / Corso,KeyFit / Fit2,skip-existing
Chicco,Chicco Corso Primo Modular,Chicco Fit2,Bravo / Corso,KeyFit / Fit2,skip-existing
Chicco,Chicco Corso Primo Modular,Chicco KeyFit 30,Bravo / Corso,KeyFit / Fit2,skip-existing
Chicco,Chicco Corso Primo Modular,Chicco KeyFit 30 ClearTex,Bravo / Corso,KeyFit / Fit2,skip-existing
Chicco,Chicco Corso Primo Modular,Chicco KeyFit 35,Bravo / Corso,KeyFit / Fit2,skip-existing
Chicco,Chicco Corso Primo Modular,Chicco KeyFit Max ClearTex,Bravo / Corso,KeyFit / Fit2,skip-existing
Chicco,Chicco Corso Primo Modular,Chicco KeyFit Max Zip ClearLux,Bravo / Corso,KeyFit / Fit2,skip-existing
Chicco,Chicco Corso Primo Modular,Chicco KeyFit Max Zip ClearTex,Bravo / Corso,KeyFit / Fit2,skip-existing
Britax,Britax Grove Modular,Britax B-Safe 35,Grove / Prism,Willow / Cypress / B-Safe,skip-existing
Britax,Britax Grove Modular,Britax B-Safe 35 Elite,Grove / Prism,Willow / Cypress / B-Safe,skip-existing
Britax,Britax Grove Modular,Britax B-Safe Gen2,Grove / Prism,Willow / Cypress / B-Safe,skip-existing
Britax,Britax Grove Modular,Britax B-Safe Gen2 FlexFit,Grove / Prism,Willow / Cypress / B-Safe,skip-existing
Britax,Britax Grove Modular,Britax Cypress S,Grove / Prism,Willow / Cypress / B-Safe,skip-existing
Britax,Britax Grove Modular,Britax Willow S,Grove / Prism,Willow / Cypress / B-Safe,skip-existing
Britax,Britax Grove Modular,Britax Willow SC,Grove / Prism,Willow / Cypress / B-Safe,skip-existing
Britax,Britax Prism Modular,Britax B-Safe 35,Grove / Prism,Willow / Cypress / B-Safe,skip-existing
Britax,Britax Prism Modular,Britax B-Safe 35 Elite,Grove / Prism,Willow / Cypress / B-Safe,skip-existing
Britax,Britax Prism Modular,Britax B-Safe Gen2,Grove / Prism,Willow / Cypress / B-Safe,skip-existing
Britax,Britax Prism Modular,Britax B-Safe Gen2 FlexFit,Grove / Prism,Willow / Cypress / B-Safe,skip-existing
Britax,Britax Prism Modular,Britax Cypress S,Grove / Prism,Willow / Cypress / B-Safe,skip-existing
Britax,Britax Prism Modular,Britax Willow S,Grove / Prism,Willow / Cypress / B-Safe,skip-existing
Britax,Britax Prism Modular,Britax Willow SC,Grove / Prism,Willow / Cypress / B-Safe,skip-existing
Baby Trend,Baby Trend Expedition 2-in-1,Baby Trend EZ-Lift Pro,Expedition,EZ-Lift / Secure-Lift,skip-existing
Baby Trend,Baby Trend Expedition 2-in-1,Baby Trend Secure-Lift 35,Expedition,EZ-Lift / Secure-Lift,skip-existing
