category,stroller,seat_brand,seat_model,type,has_link,has_image
(uncategorized),Baby Jogger City Mini 2,Cybex,Cloud G Pro Comfort Extend,ADAPTER,false,false
(uncategorized),Baby Jogger City Mini 2,Cybex,Cloud T,ADAPTER,false,false
(uncategorized),Baby Jogger City Mini 2,Maxi-Cosi,Mico Luxe,ADAPTER,false,false
(uncategorized),Baby Jogger City Mini 2,Chicco,KeyFit 35,ADAPTER,false,false
(uncategorized),Baby Jogger City Mini 2,Chicco,KeyFit 30,ADAPTER,false,false
(uncategorized),Baby Jogger City Mini 2,Clek,Liing,ADAPTER,false,false
(uncategorized),Baby Jogger City Mini 2,Chicco,KeyFit Max Zip ClearTex,ADAPTER,false,false
(uncategorized),Baby Jogger City Mini 2,Clek,Liingo,ADAPTER,false,false
(uncategorized),Baby Jogger City Mini 2,Maxi-Cosi,Coral XP,ADAPTER,false,false
(uncategorized),Baby Jogger City Mini 2,Maxi-Cosi,Peri 180,ADAPTER,false,false
(uncategorized),Baby Jogger City Mini 2,Maxi-Cosi,Mico Pro,ADAPTER,false,false
(uncategorized),Baby Jogger City Mini 2,Maxi-Cosi,Ambra,ADAPTER,false,false
(uncategorized),Baby Jogger City Mini 2,Nuna,PIPA urbn,ADAPTER,false,false
(uncategorized),Baby Jogger City Mini 2,Nuna,PIPA Aire rx,ADAPTER,false,false
(uncategorized),Baby Jogger City Mini 2,Nuna,PIPA Aire,ADAPTER,false,false
(uncategorized),Baby Jogger City Mini 2,Cybex,Aton G,ADAPTER,false,false
(uncategorized),Baby Jogger City Mini 2,Chicco,Fit2,ADAPTER,false,false
(uncategorized),Baby Jogger City Mini 2,Nuna,PIPA RX,ADAPTER,false,false
(uncategorized),Baby Jogger City Mini Double,Clek,Liing,ADAPTER,false,false
(uncategorized),Baby Jogger City Mini Double,Maxi-Cosi,Peri 180,ADAPTER,false,false
(uncategorized),Baby Jogger City Mini Double,Clek,Liingo,ADAPTER,false,false
(uncategorized),Baby Jogger City Mini Double,Maxi-Cosi,Mico Luxe,ADAPTER,false,false
(uncategorized),Baby Jogger City Mini Double,Maxi-Cosi,Coral XP,ADAPTER,false,false
(uncategorized),Baby Jogger City Mini Double,Cybex,Cloud T,ADAPTER,false,false
(uncategorized),Baby Jogger City Mini Double,Nuna,PIPA Aire rx,ADAPTER,false,false
(uncategorized),Baby Jogger City Mini Double,Cybex,Cloud G Pro Comfort Extend,ADAPTER,false,false
(uncategorized),Baby Jogger City Mini Double,Maxi-Cosi,Ambra,ADAPTER,false,false
(uncategorized),Baby Jogger City Mini Double,Nuna,PIPA urbn,ADAPTER,false,false
(uncategorized),Baby Jogger City Mini Double,Nuna,PIPA Aire,ADAPTER,false,false
(uncategorized),Baby Jogger City Mini Double,Cybex,Aton G,ADAPTER,false,false
(uncategorized),Baby Jogger City Mini Double,Nuna,PIPA RX,ADAPTER,false,false
(uncategorized),Baby Jogger City Mini Double,Maxi-Cosi,Mico Pro,ADAPTER,false,false
(uncategorized),Baby Jogger City Mini GT2,Chicco,Fit2,ADAPTER,false,false
(uncategorized),Baby Jogger City Mini GT2,Chicco,KeyFit Max Zip ClearTex,ADAPTER,false,false
(uncategorized),Baby Jogger City Mini GT2,Chicco,KeyFit 30,ADAPTER,false,false
(uncategorized),Baby Jogger City Mini GT2,Chicco,KeyFit 35,ADAPTER,false,false
(uncategorized),Baby Jogger City Select 2,Britax,Cypress S,ADAPTER,false,false
(uncategorized),Baby Jogger City Select 2,Nuna,PIPA RX,ADAPTER,false,false
(uncategorized),Baby Jogger City Select 2,Britax,B-Safe 35,ADAPTER,false,false
(uncategorized),Baby Jogger City Select 2,Nuna,PIPA urbn,ADAPTER,false,false
(uncategorized),Baby Jogger City Select 2,Chicco,Fit2,ADAPTER,false,false
(uncategorized),Baby Jogger City Select 2,Cybex,Aton G,ADAPTER,false,false
(uncategorized),Baby Jogger City Select 2,Nuna,PIPA Aire rx,ADAPTER,false,false
(uncategorized),Baby Jogger City Select 2,Cybex,Cloud T,ADAPTER,false,false
(uncategorized),Baby Jogger City Select 2,Clek,Liingo,ADAPTER,false,false
(uncategorized),Baby Jogger City Select 2,Chicco,KeyFit 30,ADAPTER,false,false
(uncategorized),Baby Jogger City Select 2,Chicco,KeyFit 35,ADAPTER,false,false
(uncategorized),Baby Jogger City Select 2,Maxi-Cosi,Mico Luxe,ADAPTER,false,false
(uncategorized),Baby Jogger City Select 2,Maxi-Cosi,Coral XP,ADAPTER,false,false
(uncategorized),Baby Jogger City Select 2,Cybex,Cloud G Pro Comfort Extend,ADAPTER,false,false
(uncategorized),Baby Jogger City Select 2,Peg Perego,Primo Viaggio Nido,ADAPTER,false,false
(uncategorized),Baby Jogger City Select 2,Chicco,KeyFit Max Zip ClearTex,ADAPTER,false,false
(uncategorized),Baby Jogger City Select 2,Maxi-Cosi,Peri 180,ADAPTER,false,false
(uncategorized),Baby Jogger City Select 2,Maxi-Cosi,Mico Pro,ADAPTER,false,false
(uncategorized),Baby Jogger City Select 2,Maxi-Cosi,Ambra,ADAPTER,false,false
(uncategorized),Baby Jogger City Select 2,Britax,Willow S,ADAPTER,false,false
(uncategorized),Baby Jogger City Select 2,Clek,Liing,ADAPTER,false,false
(uncategorized),Baby Jogger City Select 2,Peg Perego,Primo Viaggio 4-35,ADAPTER,false,false
(uncategorized),Baby Jogger City Select 2,Nuna,PIPA Aire,ADAPTER,false,false
(uncategorized),Baby Jogger City Select 2,Britax,B-Safe Gen2 FlexFit,ADAPTER,false,false
(uncategorized),Baby Jogger City Select 2,Britax,B-Safe 35 Elite,ADAPTER,false,false
(uncategorized),Baby Jogger City Sights,Nuna,PIPA Aire rx,ADAPTER,true,true
(uncategorized),Baby Jogger City Sights,Maxi-Cosi,Ambra,ADAPTER,true,true
(uncategorized),Baby Jogger City Sights,Cybex,Cloud G Pro Comfort Extend,ADAPTER,true,true
(uncategorized),Baby Jogger City Sights,Maxi-Cosi,Mico Pro,ADAPTER,true,true
(uncategorized),Baby Jogger City Sights,Chicco,KeyFit 35,ADAPTER,false,false
(uncategorized),Baby Jogger City Sights,Nuna,PIPA Aire,ADAPTER,true,true
(uncategorized),Baby Jogger City Sights,Maxi-Cosi,Peri 180,ADAPTER,true,true
(uncategorized),Baby Jogger City Sights,Maxi-Cosi,Coral XP,ADAPTER,true,true
(uncategorized),Baby Jogger City Sights,Cybex,Cloud T,ADAPTER,true,true
(uncategorized),Baby Jogger City Sights,Maxi-Cosi,Mico Luxe,ADAPTER,true,true
(uncategorized),Baby Jogger City Sights,Cybex,Aton G,ADAPTER,true,true
(uncategorized),Baby Jogger City Sights,Nuna,PIPA urbn,ADAPTER,true,true
(uncategorized),Baby Jogger City Sights,Nuna,PIPA RX,ADAPTER,true,true
(uncategorized),Baby Jogger City Sights,Chicco,KeyFit Max Zip ClearTex,ADAPTER,false,false
(uncategorized),Baby Jogger City Sights,Chicco,KeyFit 30,ADAPTER,false,false
(uncategorized),Baby Jogger City Sights,Chicco,Fit2,ADAPTER,false,false
(uncategorized),Babyzen YOYO+,Maxi-Cosi,Mico Luxe,ADAPTER,false,false
(uncategorized),Babyzen YOYO+,Nuna,PIPA Aire,ADAPTER,false,false
(uncategorized),Babyzen YOYO+,Nuna,PIPA urbn,ADAPTER,false,false
(uncategorized),Babyzen YOYO+,Nuna,PIPA RX,ADAPTER,false,false
(uncategorized),Babyzen YOYO+,Maxi-Cosi,Coral XP,ADAPTER,false,false
(uncategorized),Babyzen YOYO+,Nuna,PIPA Aire rx,ADAPTER,false,false
(uncategorized),Babyzen YOYO+,Maxi-Cosi,Mico Pro,ADAPTER,false,false
(uncategorized),Babyzen YOYO+,Maxi-Cosi,Peri 180,ADAPTER,false,false
(uncategorized),BOB Alterrain Pro,UPPAbaby,Aria,ADAPTER,false,false
(uncategorized),BOB Alterrain Pro,UPPAbaby,Aria V2,ADAPTER,false,false
(uncategorized),BOB Alterrain Pro,UPPAbaby,Mesa V3,ADAPTER,false,false
(uncategorized),BOB Alterrain Pro,UPPAbaby,Mesa Max,ADAPTER,false,false
(uncategorized),BOB Alterrain Pro,Chicco,Fit2,ADAPTER,false,false
(uncategorized),BOB Alterrain Pro,Chicco,KeyFit 30,ADAPTER,false,false
(uncategorized),BOB Alterrain Pro,Chicco,KeyFit 35,ADAPTER,false,false
(uncategorized),BOB Alterrain Pro,Peg Perego,Primo Viaggio 4-35,ADAPTER,false,false
(uncategorized),BOB Alterrain Pro,Britax,Cypress S,ADAPTER,false,false
(uncategorized),BOB Alterrain Pro,Britax,Willow S,ADAPTER,false,false
(uncategorized),BOB Alterrain Pro,Britax,B-Safe 35,ADAPTER,false,false
(uncategorized),BOB Alterrain Pro,Britax,B-Safe 35 Elite,ADAPTER,false,false
(uncategorized),BOB Alterrain Pro,Britax,B-Safe Gen2 FlexFit,ADAPTER,false,false
(uncategorized),BOB Rambler,Cybex,Aton G,ADAPTER,false,false
(uncategorized),BOB Rambler,Nuna,PIPA RX,ADAPTER,false,false
(uncategorized),BOB Rambler,Britax,Cypress S,ADAPTER,false,false
(uncategorized),BOB Rambler,Britax,Willow S,ADAPTER,false,false
(uncategorized),BOB Rambler,Chicco,KeyFit 35,ADAPTER,false,false
(uncategorized),BOB Rambler,Nuna,PIPA Aire rx,ADAPTER,false,false
(uncategorized),BOB Renegade Wagon,Britax,Cypress S,ADAPTER,false,false
(uncategorized),BOB Renegade Wagon,Nuna,PIPA Aire rx,ADAPTER,false,false
(uncategorized),BOB Renegade Wagon,Chicco,KeyFit 35,ADAPTER,false,false
(uncategorized),BOB Renegade Wagon,Cybex,Aton G,ADAPTER,false,false
(uncategorized),BOB Renegade Wagon,Nuna,PIPA RX,ADAPTER,false,false
(uncategorized),BOB Renegade Wagon,Britax,Willow S,ADAPTER,false,false
(uncategorized),BOB Revolution Flex 3.0,UPPAbaby,Mesa V3,ADAPTER,false,false
(uncategorized),BOB Revolution Flex 3.0,Britax,Willow S,ADAPTER,false,false
(uncategorized),BOB Revolution Flex 3.0,Chicco,KeyFit 35,ADAPTER,false,false
(uncategorized),BOB Revolution Flex 3.0,Britax,Cypress S,ADAPTER,false,false
(uncategorized),BOB Revolution Flex 3.0,Nuna,PIPA RX,ADAPTER,false,false
(uncategorized),BOB Revolution Flex 3.0,Cybex,Aton G,ADAPTER,false,false
(uncategorized),BOB Revolution Flex 3.0,UPPAbaby,Aria V2,ADAPTER,false,false
(uncategorized),BOB Revolution Flex 3.0,Nuna,PIPA Aire rx,ADAPTER,false,false
(uncategorized),BOB Revolution Flex 3.0 Duallie,Nuna,PIPA Aire rx,ADAPTER,false,false
(uncategorized),BOB Revolution Flex 3.0 Duallie,Chicco,KeyFit 35,ADAPTER,false,false
(uncategorized),BOB Revolution Flex 3.0 Duallie,Nuna,PIPA RX,ADAPTER,false,false
(uncategorized),BOB Revolution Flex 3.0 Duallie,Britax,Willow S,ADAPTER,false,false
(uncategorized),BOB Revolution Flex 3.0 Duallie,Britax,Cypress S,ADAPTER,false,false
(uncategorized),BOB Revolution Flex 3.0 Duallie,UPPAbaby,Aria V2,ADAPTER,false,false
(uncategorized),BOB Revolution Flex 3.0 Duallie,UPPAbaby,Mesa V3,ADAPTER,false,false
(uncategorized),BOB Revolution Flex 3.0 Duallie,Cybex,Aton G,ADAPTER,false,false
Jogging / All-Terrain,BOB Wayfinder,Britax,Willow S,ADAPTER,false,false
Jogging / All-Terrain,BOB Wayfinder,Nuna,PIPA RX,ADAPTER,false,false
Jogging / All-Terrain,BOB Wayfinder,Cybex,Aton G,ADAPTER,false,false
Jogging / All-Terrain,BOB Wayfinder,Nuna,PIPA Aire rx,ADAPTER,false,false
Jogging / All-Terrain,BOB Wayfinder,Chicco,KeyFit 35,ADAPTER,false,false
Jogging / All-Terrain,BOB Wayfinder,Britax,Cypress S,ADAPTER,false,false
(uncategorized),Bugaboo Ant,Clek,Liing,ADAPTER,false,false
(uncategorized),Bugaboo Ant,Maxi-Cosi,Coral XP,ADAPTER,false,false
(uncategorized),Bugaboo Ant,Maxi-Cosi,Mico Luxe,ADAPTER,false,false
(uncategorized),Bugaboo Ant,Clek,Liingo,ADAPTER,false,false
(uncategorized),Bugaboo Ant,Nuna,PIPA Aire,ADAPTER,false,false
(uncategorized),Bugaboo Ant,Nuna,PIPA urbn,ADAPTER,false,false
(uncategorized),Bugaboo Ant,Nuna,PIPA RX,ADAPTER,false,false
(uncategorized),Bugaboo Ant,Maxi-Cosi,Peri 180,ADAPTER,false,false
(uncategorized),Bugaboo Ant,Nuna,PIPA Aire rx,ADAPTER,false,false
(uncategorized),Bugaboo Ant,Maxi-Cosi,Mico Pro,ADAPTER,false,false
(uncategorized),Bugaboo Bee 5,Clek,Liing,ADAPTER,false,false
(uncategorized),Bugaboo Bee 5,Nuna,PIPA urbn,ADAPTER,false,false
(uncategorized),Bugaboo Bee 5,Maxi-Cosi,Mico Pro,ADAPTER,false,false
(uncategorized),Bugaboo Bee 5,Maxi-Cosi,Mico Luxe,ADAPTER,false,false
(uncategorized),Bugaboo Bee 5,Nuna,PIPA Aire,ADAPTER,false,false
(uncategorized),Bugaboo Bee 5,Chicco,KeyFit 30,ADAPTER,false,false
(uncategorized),Bugaboo Bee 5,Chicco,KeyFit 35,ADAPTER,false,false
(uncategorized),Bugaboo Bee 5,Nuna,PIPA Aire rx,ADAPTER,false,false
(uncategorized),Bugaboo Bee 5,Nuna,PIPA RX,ADAPTER,false,false
(uncategorized),Bugaboo Bee 5,Maxi-Cosi,Coral XP,ADAPTER,false,false
(uncategorized),Bugaboo Bee 5,Maxi-Cosi,Peri 180,ADAPTER,false,false
(uncategorized),Bugaboo Bee 5,Clek,Liingo,ADAPTER,false,false
(uncategorized),Bugaboo Bee 6,Nuna,PIPA Aire rx,ADAPTER,false,false
(uncategorized),Bugaboo Bee 6,Nuna,PIPA RX,ADAPTER,false,false
(uncategorized),Bugaboo Bee 6,Cybex,Aton G,ADAPTER,false,false
(uncategorized),Bugaboo Bee 6,Chicco,KeyFit 35,ADAPTER,false,false
(uncategorized),Bugaboo Bee 6,Chicco,Fit2,ADAPTER,false,false
(uncategorized),Bugaboo Bee 6,Maxi-Cosi,Mico Pro,ADAPTER,false,false
(uncategorized),Bugaboo Bee 6,Bugaboo,Turtle Air,ADAPTER,false,false
(uncategorized),Bugaboo Bee 6,Bugaboo,Turtle One,ADAPTER,false,false
(uncategorized),Bugaboo Bee 6,Maxi-Cosi,Mico Luxe,ADAPTER,false,false
(uncategorized),Bugaboo Bee 6,Cybex,Cloud T,ADAPTER,false,false
(uncategorized),Bugaboo Bee 6,Maxi-Cosi,Coral XP,ADAPTER,false,false
(uncategorized),Bugaboo Bee 6,Maxi-Cosi,Peri 180,ADAPTER,false,false
Travel,Bugaboo Butterfly,Cybex,Cloud T,ADAPTER,false,false
Travel,Bugaboo Butterfly,Maxi-Cosi,Coral XP,ADAPTER,false,false
Travel,Bugaboo Butterfly,Chicco,Fit2,ADAPTER,false,false
Travel,Bugaboo Butterfly,Cybex,Aton G,ADAPTER,false,false
Travel,Bugaboo Butterfly,Nuna,PIPA RX,ADAPTER,false,false
Travel,Bugaboo Butterfly,Bugaboo,Turtle Air,ADAPTER,false,false
Travel,Bugaboo Butterfly,Nuna,PIPA Aire rx,ADAPTER,false,false
Travel,Bugaboo Butterfly,Clek,Liing,LIMITED,false,false
Travel,Bugaboo Butterfly,Maxi-Cosi,Mico Luxe,ADAPTER,false,false
Travel,Bugaboo Butterfly,Bugaboo,Turtle One,ADAPTER,false,false
Travel,Bugaboo Butterfly,Maxi-Cosi,Mico Pro,ADAPTER,false,false
Travel,Bugaboo Butterfly,Clek,Liingo,LIMITED,false,false
Travel,Bugaboo Butterfly,Maxi-Cosi,Peri 180,ADAPTER,false,false
Travel,Bugaboo Butterfly,Chicco,KeyFit 35,ADAPTER,false,false
Travel,Bugaboo Butterfly 2,Maxi-Cosi,Mico Luxe,ADAPTER,false,false
Travel,Bugaboo Butterfly 2,Chicco,Fit2,ADAPTER,false,false
Travel,Bugaboo Butterfly 2,Nuna,PIPA urbn,ADAPTER,false,false
Travel,Bugaboo Butterfly 2,Maxi-Cosi,Mico Pro,ADAPTER,false,false
Travel,Bugaboo Butterfly 2,Nuna,PIPA RX,ADAPTER,false,false
Travel,Bugaboo Butterfly 2,Bugaboo,Turtle One,ADAPTER,false,false
Travel,Bugaboo Butterfly 2,Bugaboo,Turtle Air,ADAPTER,false,false
Travel,Bugaboo Butterfly 2,Nuna,PIPA Aire rx,ADAPTER,false,false
Travel,Bugaboo Butterfly 2,Maxi-Cosi,Coral XP,ADAPTER,false,false
Travel,Bugaboo Butterfly 2,Clek,Liing,ADAPTER,true,true
Travel,Bugaboo Butterfly 2,Maxi-Cosi,Peri 180,ADAPTER,false,false
Travel,Bugaboo Butterfly 2,Nuna,PIPA Aire,ADAPTER,true,true
Travel,Bugaboo Butterfly 2,Bugaboo,Turtle Air Shield by Nuna,ADAPTER,true,true
Travel,Bugaboo Butterfly 2,Chicco,KeyFit 35,ADAPTER,false,false
(uncategorized),Bugaboo Donkey 3,Nuna,PIPA Aire,ADAPTER,false,false
(uncategorized),Bugaboo Donkey 3,Maxi-Cosi,Mico Pro,ADAPTER,false,false
(uncategorized),Bugaboo Donkey 3,Nuna,PIPA RX,ADAPTER,false,false
(uncategorized),Bugaboo Donkey 3,Chicco,KeyFit 35,ADAPTER,false,false
(uncategorized),Bugaboo Donkey 3,Chicco,KeyFit 30,ADAPTER,false,false
(uncategorized),Bugaboo Donkey 3,Maxi-Cosi,Peri 180,ADAPTER,false,false
(uncategorized),Bugaboo Donkey 3,Nuna,PIPA urbn,ADAPTER,false,false
(uncategorized),Bugaboo Donkey 3,Nuna,PIPA Aire rx,ADAPTER,false,false
(uncategorized),Bugaboo Donkey 3,Britax,B-Safe Gen2 FlexFit,ADAPTER,false,false
(uncategorized),Bugaboo Donkey 3,Britax,B-Safe 35 Elite,ADAPTER,false,false
(uncategorized),Bugaboo Donkey 3,Britax,B-Safe 35,ADAPTER,false,false
(uncategorized),Bugaboo Donkey 3,Maxi-Cosi,Mico Luxe,ADAPTER,false,false
(uncategorized),Bugaboo Donkey 3,Clek,Liing,ADAPTER,false,false
(uncategorized),Bugaboo Donkey 3,Clek,Liingo,ADAPTER,false,false
(uncategorized),Bugaboo Donkey 3,Maxi-Cosi,Coral XP,ADAPTER,false,false
Single-to-Double,Bugaboo Donkey 6,Bugaboo,Turtle One,ADAPTER,false,false
Single-to-Double,Bugaboo Donkey 6,Bugaboo,Turtle Air,ADAPTER,false,false
Single-to-Double,Bugaboo Donkey 6,Nuna,PIPA RX,ADAPTER,false,false
Single-to-Double,Bugaboo Donkey 6,Maxi-Cosi,Mico Pro,ADAPTER,false,false
Single-to-Double,Bugaboo Donkey 6,Maxi-Cosi,Coral XP,ADAPTER,false,false
Single-to-Double,Bugaboo Donkey 6,Chicco,KeyFit 35,ADAPTER,false,false
Single-to-Double,Bugaboo Donkey 6,Chicco,Fit2,ADAPTER,false,false
Single-to-Double,Bugaboo Donkey 6,Maxi-Cosi,Peri 180,ADAPTER,false,false
Single-to-Double,Bugaboo Donkey 6,Cybex,Cloud T,ADAPTER,false,false
Single-to-Double,Bugaboo Donkey 6,Cybex,Aton G,ADAPTER,false,false
Single-to-Double,Bugaboo Donkey 6,Maxi-Cosi,Mico Luxe,ADAPTER,false,false
Single-to-Double,Bugaboo Donkey 6,Nuna,PIPA Aire rx,ADAPTER,false,false
(uncategorized),Bugaboo Dragonfly,Maxi-Cosi,Ambra,ADAPTER,true,true
(uncategorized),Bugaboo Dragonfly,Maxi-Cosi,Coral XP,ADAPTER,false,false
(uncategorized),Bugaboo Dragonfly,Maxi-Cosi,Peri 180,ADAPTER,false,false
(uncategorized),Bugaboo Dragonfly,Bugaboo,Turtle Air,ADAPTER,false,false
(uncategorized),Bugaboo Dragonfly,Nuna,PIPA RX,ADAPTER,false,false
(uncategorized),Bugaboo Dragonfly,Chicco,KeyFit 35,ADAPTER,false,false
(uncategorized),Bugaboo Dragonfly,Nuna,PIPA Aire rx,ADAPTER,false,false
(uncategorized),Bugaboo Dragonfly,Cybex,Aton G,ADAPTER,false,false
(uncategorized),Bugaboo Dragonfly,Maxi-Cosi,Mico Luxe,ADAPTER,false,false
(uncategorized),Bugaboo Dragonfly,Chicco,Fit2,ADAPTER,false,false
(uncategorized),Bugaboo Dragonfly,Maxi-Cosi,Mico Pro,ADAPTER,false,false
(uncategorized),Bugaboo Dragonfly,Cybex,Cloud T,ADAPTER,false,false
(uncategorized),Bugaboo Dragonfly,Nuna,PIPA Aire,ADAPTER,true,true
(uncategorized),Bugaboo Dragonfly,Nuna,PIPA urbn,ADAPTER,true,true
(uncategorized),Bugaboo Dragonfly,Clek,Liingo,LIMITED,false,false
(uncategorized),Bugaboo Dragonfly,Clek,Liing,LIMITED,false,false
(uncategorized),Bugaboo Dragonfly,Bugaboo,Turtle One,ADAPTER,false,false
(uncategorized),Bugaboo Dragonfly,Cybex,Cloud G Pro Comfort Extend,ADAPTER,true,true
(uncategorized),Bugaboo Fox 2,Britax,B-Safe 35,ADAPTER,false,false
(uncategorized),Bugaboo Fox 2,Chicco,KeyFit 35,ADAPTER,false,false
(uncategorized),Bugaboo Fox 2,Maxi-Cosi,Peri 180,ADAPTER,false,false
(uncategorized),Bugaboo Fox 2,Britax,B-Safe 35 Elite,ADAPTER,false,false
(uncategorized),Bugaboo Fox 2,Britax,B-Safe Gen2 FlexFit,ADAPTER,false,false
(uncategorized),Bugaboo Fox 2,Maxi-Cosi,Coral XP,ADAPTER,false,false
(uncategorized),Bugaboo Fox 2,Chicco,KeyFit 30,ADAPTER,false,false
(uncategorized),Bugaboo Fox 2,Peg Perego,Primo Viaggio 4-35,ADAPTER,false,false
(uncategorized),Bugaboo Fox 2,Maxi-Cosi,Mico Luxe,ADAPTER,false,false
(uncategorized),Bugaboo Fox 2,Maxi-Cosi,Mico Pro,ADAPTER,false,false
(uncategorized),Bugaboo Fox 5,Bugaboo,Turtle Air,ADAPTER,false,false
(uncategorized),Bugaboo Fox 5,Chicco,KeyFit 35,ADAPTER,false,false
(uncategorized),Bugaboo Fox 5,Chicco,Fit2,ADAPTER,false,false
(uncategorized),Bugaboo Fox 5,Cybex,Cloud T,ADAPTER,false,false
(uncategorized),Bugaboo Fox 5,Maxi-Cosi,Peri 180,ADAPTER,false,false
(uncategorized),Bugaboo Fox 5,Nuna,PIPA Aire rx,ADAPTER,false,false
(uncategorized),Bugaboo Fox 5,Maxi-Cosi,Coral XP,ADAPTER,false,false
(uncategorized),Bugaboo Fox 5,Clek,Liingo,LIMITED,false,false
(uncategorized),Bugaboo Fox 5,Maxi-Cosi,Mico Luxe,ADAPTER,false,false
(uncategorized),Bugaboo Fox 5,Cybex,Aton G,ADAPTER,false,false
(uncategorized),Bugaboo Fox 5,Nuna,PIPA RX,ADAPTER,false,false
(uncategorized),Bugaboo Fox 5,Maxi-Cosi,Mico Pro,ADAPTER,false,false
(uncategorized),Bugaboo Fox 5,Clek,Liing,LIMITED,false,false
(uncategorized),Bugaboo Fox 5,Bugaboo,Turtle One,ADAPTER,false,false
(uncategorized),Bugaboo Kangaroo,Nuna,PIPA Aire rx,ADAPTER,false,false
(uncategorized),Bugaboo Kangaroo,Maxi-Cosi,Mico Pro,ADAPTER,false,false
(uncategorized),Bugaboo Kangaroo,Chicco,Fit2,ADAPTER,false,false
(uncategorized),Bugaboo Kangaroo,Bugaboo,Turtle Air,ADAPTER,false,false
(uncategorized),Bugaboo Kangaroo,Bugaboo,Turtle One,ADAPTER,false,false
(uncategorized),Bugaboo Kangaroo,Nuna,PIPA RX,ADAPTER,false,false
(uncategorized),Bugaboo Kangaroo,Nuna,PIPA urbn,ADAPTER,false,false
(uncategorized),Bugaboo Kangaroo,Maxi-Cosi,Mico Luxe,ADAPTER,false,false
(uncategorized),Bugaboo Kangaroo,Chicco,KeyFit 35,ADAPTER,false,false
(uncategorized),Bugaboo Kangaroo,Maxi-Cosi,Peri 180,ADAPTER,false,false
(uncategorized),Bugaboo Kangaroo,Maxi-Cosi,Coral XP,ADAPTER,false,false
(uncategorized),Bugaboo Lynx,Maxi-Cosi,Mico Pro,ADAPTER,false,false
(uncategorized),Bugaboo Lynx,Cybex,Aton G,ADAPTER,false,false
(uncategorized),Bugaboo Lynx,Nuna,PIPA urbn,ADAPTER,false,false
(uncategorized),Bugaboo Lynx,Nuna,PIPA Aire,ADAPTER,false,false
(uncategorized),Bugaboo Lynx,Bugaboo,Turtle One,ADAPTER,false,false
(uncategorized),Bugaboo Lynx,Bugaboo,Turtle Air,ADAPTER,false,false
(uncategorized),Bugaboo Lynx,Maxi-Cosi,Coral XP,ADAPTER,false,false
(uncategorized),Bugaboo Lynx,Nuna,PIPA RX,ADAPTER,false,false
(uncategorized),Bugaboo Lynx,Chicco,KeyFit 35,ADAPTER,false,false
(uncategorized),Bugaboo Lynx,Nuna,PIPA Aire rx,ADAPTER,false,false
(uncategorized),Bugaboo Lynx,Cybex,Cloud T,ADAPTER,false,false
(uncategorized),Bugaboo Lynx,Clek,Liing,ADAPTER,false,false
(uncategorized),Bugaboo Lynx,Maxi-Cosi,Mico Luxe,ADAPTER,false,false
(uncategorized),Bugaboo Lynx,Clek,Liingo,ADAPTER,false,false
(uncategorized),Bugaboo Lynx,Chicco,Fit2,ADAPTER,false,false
(uncategorized),Bugaboo Lynx,Maxi-Cosi,Peri 180,ADAPTER,false,false
(uncategorized),Bumbleride Era,Maxi-Cosi,Mico Luxe,ADAPTER,false,false
(uncategorized),Bumbleride Era,Cybex,Aton G,ADAPTER,false,false
(uncategorized),Bumbleride Era,Nuna,PIPA Aire rx,ADAPTER,false,false
(uncategorized),Bumbleride Era,Maxi-Cosi,Mico Pro,ADAPTER,false,false
(uncategorized),Bumbleride Era,Nuna,PIPA RX,ADAPTER,false,false
(uncategorized),Bumbleride Indie,Maxi-Cosi,Mico Luxe,ADAPTER,false,false
(uncategorized),Bumbleride Indie,Cybex,Aton G,ADAPTER,false,false
(uncategorized),Bumbleride Indie,Nuna,PIPA RX,ADAPTER,false,false
(uncategorized),Bumbleride Indie,Nuna,PIPA Aire rx,ADAPTER,false,false
(uncategorized),Bumbleride Indie,Maxi-Cosi,Mico Pro,ADAPTER,false,false
(uncategorized),Bumbleride Indie Twin,Maxi-Cosi,Mico Pro,ADAPTER,false,false
(uncategorized),Bumbleride Indie Twin,Nuna,PIPA Aire rx,ADAPTER,false,false
(uncategorized),Bumbleride Indie Twin,Maxi-Cosi,Mico Luxe,ADAPTER,false,false
(uncategorized),Bumbleride Indie Twin,Cybex,Aton G,ADAPTER,false,false
(uncategorized),Bumbleride Indie Twin,Nuna,PIPA RX,ADAPTER,false,false
(uncategorized),Bumbleride Speed,Nuna,PIPA RX,ADAPTER,false,false
(uncategorized),Bumbleride Speed,Maxi-Cosi,Mico Pro,ADAPTER,false,false
(uncategorized),Bumbleride Speed,Cybex,Aton G,ADAPTER,false,false
(uncategorized),Bumbleride Speed,Maxi-Cosi,Mico Luxe,ADAPTER,false,false
(uncategorized),Bumbleride Speed,Nuna,PIPA Aire rx,ADAPTER,false,false
Full-Size,CYBEX Balios S Lux,Maxi-Cosi,Mico Pro,ADAPTER,false,false
Full-Size,CYBEX Balios S Lux,Nuna,PIPA Aire rx,ADAPTER,false,false
Full-Size,CYBEX Balios S Lux,Maxi-Cosi,Peri 180,ADAPTER,false,false
Full-Size,CYBEX Balios S Lux,Maxi-Cosi,Coral XP,ADAPTER,false,false
Full-Size,CYBEX Balios S Lux,Nuna,PIPA RX,ADAPTER,false,false
Full-Size,CYBEX Balios S Lux,Maxi-Cosi,Mico Luxe,ADAPTER,false,false
Full-Size,CYBEX Balios S Lux,Nuna,PIPA Aire,ADAPTER,false,false
(uncategorized),CYBEX Beezy,Nuna,PIPA RX,ADAPTER,false,false
(uncategorized),CYBEX Beezy,Maxi-Cosi,Mico Luxe,ADAPTER,false,false
(uncategorized),CYBEX Beezy,Maxi-Cosi,Mico Pro,ADAPTER,false,false
(uncategorized),CYBEX Beezy,Nuna,PIPA Aire rx,ADAPTER,false,false
(uncategorized),CYBEX Beezy,Maxi-Cosi,Peri 180,ADAPTER,false,false
(uncategorized),CYBEX Beezy,Maxi-Cosi,Coral XP,ADAPTER,false,false
Travel,CYBEX Coya,Maxi-Cosi,Mico Pro,ADAPTER,false,false
Travel,CYBEX Coya,Maxi-Cosi,Mico Luxe,ADAPTER,false,false
Travel,CYBEX Coya,Cybex,Aton G,ADAPTER,false,false
Travel,CYBEX Coya,Nuna,PIPA urbn,ADAPTER,false,false
Travel,CYBEX Coya,Cybex,Cloud T,ADAPTER,false,false
Travel,CYBEX Coya,Nuna,PIPA Aire rx,ADAPTER,false,false
Travel,CYBEX Coya,Maxi-Cosi,Coral XP,ADAPTER,false,false
Travel,CYBEX Coya,Maxi-Cosi,Peri 180,ADAPTER,false,false
Travel,CYBEX Coya,Nuna,PIPA RX,ADAPTER,false,false
Single-to-Double,CYBEX e-Gazelle S,Chicco,Fit2,ADAPTER,true,true
Single-to-Double,CYBEX e-Gazelle S,Peg Perego,Primo Viaggio Nido,ADAPTER,true,true
Single-to-Double,CYBEX e-Gazelle S,Chicco,KeyFit Max Zip ClearTex,ADAPTER,true,true
Single-to-Double,CYBEX e-Gazelle S,Chicco,KeyFit 30,ADAPTER,true,true
Single-to-Double,CYBEX e-Gazelle S,Peg Perego,Primo Viaggio 4-35,ADAPTER,true,true
Single-to-Double,CYBEX e-Gazelle S,Chicco,KeyFit 35,ADAPTER,true,true
(uncategorized),CYBEX Eezy S Twist,Maxi-Cosi,Coral XP,ADAPTER,false,false
(uncategorized),CYBEX Eezy S Twist,Maxi-Cosi,Peri 180,ADAPTER,false,false
(uncategorized),CYBEX Eezy S Twist,Nuna,PIPA RX,ADAPTER,false,false
(uncategorized),CYBEX Eezy S Twist,Maxi-Cosi,Mico Luxe,ADAPTER,false,false
(uncategorized),CYBEX Eezy S Twist,Maxi-Cosi,Mico Pro,ADAPTER,false,false
(uncategorized),CYBEX Eezy S Twist,Nuna,PIPA Aire rx,ADAPTER,false,false
(uncategorized),CYBEX Eos,Cybex,Aton G,ADAPTER,false,false
(uncategorized),CYBEX Eos,Maxi-Cosi,Mico Pro,ADAPTER,false,false
(uncategorized),CYBEX Eos,Nuna,PIPA Aire rx,ADAPTER,false,false
(uncategorized),CYBEX Eos,Maxi-Cosi,Mico Luxe,ADAPTER,false,false
(uncategorized),CYBEX Eos,Maxi-Cosi,Coral XP,ADAPTER,false,false
(uncategorized),CYBEX Eos,Cybex,Cloud T,ADAPTER,false,false
(uncategorized),CYBEX Eos,Maxi-Cosi,Peri 180,ADAPTER,false,false
(uncategorized),CYBEX Eos,Nuna,PIPA urbn,ADAPTER,false,false
(uncategorized),CYBEX Eos,Nuna,PIPA RX,ADAPTER,false,false
Single-to-Double,CYBEX Gazelle S,Maxi-Cosi,Coral XP,ADAPTER,false,false
Single-to-Double,CYBEX Gazelle S,Nuna,PIPA Aire rx,ADAPTER,false,false
Single-to-Double,CYBEX Gazelle S,Maxi-Cosi,Mico Pro,ADAPTER,false,false
Single-to-Double,CYBEX Gazelle S,Nuna,PIPA RX,ADAPTER,false,false
Single-to-Double,CYBEX Gazelle S,Peg Perego,Primo Viaggio Nido,ADAPTER,true,true
Single-to-Double,CYBEX Gazelle S,Chicco,KeyFit Max Zip ClearTex,ADAPTER,true,true
Single-to-Double,CYBEX Gazelle S,Maxi-Cosi,Peri 180,ADAPTER,false,false
Single-to-Double,CYBEX Gazelle S,Peg Perego,Primo Viaggio 4-35,ADAPTER,true,true
Single-to-Double,CYBEX Gazelle S,Chicco,KeyFit 30,ADAPTER,true,true
Single-to-Double,CYBEX Gazelle S,Maxi-Cosi,Mico Luxe,ADAPTER,false,false
Single-to-Double,CYBEX Gazelle S,Chicco,Fit2,ADAPTER,true,true
Single-to-Double,CYBEX Gazelle S,Chicco,KeyFit 35,ADAPTER,true,true
(uncategorized),CYBEX Libelle,Maxi-Cosi,Peri 180,ADAPTER,false,false
(uncategorized),CYBEX Libelle,Nuna,PIPA RX,ADAPTER,false,false
(uncategorized),CYBEX Libelle,Maxi-Cosi,Mico Luxe,ADAPTER,false,false
(uncategorized),CYBEX Libelle,Maxi-Cosi,Coral XP,ADAPTER,false,false
(uncategorized),CYBEX Libelle,Maxi-Cosi,Mico Pro,ADAPTER,false,false
(uncategorized),CYBEX Libelle,Nuna,PIPA Aire rx,ADAPTER,false,false
(uncategorized),CYBEX Melio,Nuna,PIPA Aire rx,ADAPTER,false,false
(uncategorized),CYBEX Melio,Nuna,PIPA RX,ADAPTER,false,false
(uncategorized),CYBEX Melio,Maxi-Cosi,Coral XP,ADAPTER,false,false
(uncategorized),CYBEX Melio,Maxi-Cosi,Peri 180,ADAPTER,false,false
(uncategorized),CYBEX Melio,Maxi-Cosi,Mico Luxe,ADAPTER,false,false
(uncategorized),CYBEX Melio,Maxi-Cosi,Mico Pro,ADAPTER,false,false
Compact / Mid-Size,CYBEX Mios,Maxi-Cosi,Mico Luxe,ADAPTER,false,false
Compact / Mid-Size,CYBEX Mios,Nuna,PIPA RX,ADAPTER,false,false
Compact / Mid-Size,CYBEX Mios,Nuna,PIPA Aire rx,ADAPTER,false,false
Compact / Mid-Size,CYBEX Mios,Maxi-Cosi,Coral XP,ADAPTER,false,false
Compact / Mid-Size,CYBEX Mios,Maxi-Cosi,Mico Pro,ADAPTER,false,false
Compact / Mid-Size,CYBEX Mios,Maxi-Cosi,Peri 180,ADAPTER,false,false
Full-Size,CYBEX Priam,Maxi-Cosi,Peri 180,ADAPTER,false,false
Full-Size,CYBEX Priam,Nuna,PIPA Aire rx,ADAPTER,false,false
Full-Size,CYBEX Priam,Maxi-Cosi,Mico Pro,ADAPTER,false,false
Full-Size,CYBEX Priam,Maxi-Cosi,Mico Luxe,ADAPTER,false,false
Full-Size,CYBEX Priam,Nuna,PIPA RX,ADAPTER,false,false
Full-Size,CYBEX Priam,Maxi-Cosi,Coral XP,ADAPTER,false,false
(uncategorized),Egg Egg,Nuna,PIPA RX,ADAPTER,false,false
(uncategorized),Egg Egg,Maxi-Cosi,Mico Luxe,ADAPTER,false,false
(uncategorized),Egg Egg,Nuna,PIPA Aire rx,ADAPTER,false,false
(uncategorized),Egg Egg,Maxi-Cosi,Mico Pro,ADAPTER,false,false
Travel,Joolz Aer+,Nuna,PIPA RX,ADAPTER,false,false
Travel,Joolz Aer+,Maxi-Cosi,Mico Pro,ADAPTER,false,false
Travel,Joolz Aer+,Cybex,Aton G,ADAPTER,false,false
Travel,Joolz Aer+,Maxi-Cosi,Mico Luxe,ADAPTER,false,false
Travel,Joolz Aer+,Bugaboo,Turtle Air,ADAPTER,true,true
Travel,Joolz Aer+,Nuna,PIPA urbn,ADAPTER,true,true
Travel,Joolz Aer+,Clek,Liing,ADAPTER,true,true
Travel,Joolz Aer+,Nuna,PIPA Aire rx,ADAPTER,false,false
Travel,Joolz Aer+,Cybex,Cloud T,ADAPTER,true,true
(uncategorized),Joolz Day,Maxi-Cosi,Mico Luxe,ADAPTER,false,false
(uncategorized),Joolz Day,Nuna,PIPA Aire rx,ADAPTER,false,false
(uncategorized),Joolz Day,Maxi-Cosi,Mico Pro,ADAPTER,false,false
(uncategorized),Joolz Day,Nuna,PIPA RX,ADAPTER,false,false
(uncategorized),Joolz Day,Cybex,Aton G,ADAPTER,false,false
(uncategorized),Joolz Geo,Maxi-Cosi,Mico Pro,ADAPTER,false,false
(uncategorized),Joolz Geo,Maxi-Cosi,Mico Luxe,ADAPTER,false,false
(uncategorized),Joolz Geo,Cybex,Aton G,ADAPTER,false,false
(uncategorized),Joolz Geo,Nuna,PIPA RX,ADAPTER,false,false
(uncategorized),Joolz Geo,Nuna,PIPA Aire rx,ADAPTER,false,false
(uncategorized),Joolz Hub,Maxi-Cosi,Mico Pro,ADAPTER,false,false
(uncategorized),Joolz Hub,Cybex,Aton G,ADAPTER,false,false
(uncategorized),Joolz Hub,Nuna,PIPA Aire rx,ADAPTER,false,false
(uncategorized),Joolz Hub,Nuna,PIPA RX,ADAPTER,false,false
(uncategorized),Joolz Hub,Maxi-Cosi,Mico Luxe,ADAPTER,false,false
(uncategorized),Joolz Hub 2,Nuna,PIPA Aire rx,ADAPTER,false,false
(uncategorized),Joolz Hub 2,Maxi-Cosi,Mico Luxe,ADAPTER,false,false
(uncategorized),Joolz Hub 2,Nuna,PIPA urbn,ADAPTER,false,false
(uncategorized),Joolz Hub 2,Maxi-Cosi,Peri 180,ADAPTER,false,false
(uncategorized),Joolz Hub 2,Nuna,PIPA RX,ADAPTER,false,false
(uncategorized),Joolz Hub 2,Maxi-Cosi,Mico Pro,ADAPTER,false,false
(uncategorized),Joolz Hub 2,Maxi-Cosi,Coral XP,ADAPTER,false,false
(uncategorized),Joovy Caboose S,Nuna,PIPA RX,ADAPTER,false,false
(uncategorized),Joovy Caboose S,Maxi-Cosi,Mico Luxe,ADAPTER,false,false
(uncategorized),Joovy Caboose S,Chicco,KeyFit 35,ADAPTER,false,false
(uncategorized),Joovy Caboose S,Britax,B-Safe 35,ADAPTER,false,false
(uncategorized),Joovy Caboose S,Nuna,PIPA urbn,ADAPTER,false,false
(uncategorized),Joovy Caboose S,Nuna,PIPA Aire,ADAPTER,false,false
(uncategorized),Joovy Caboose S,Chicco,KeyFit 30,ADAPTER,false,false
(uncategorized),Joovy Caboose S,Britax,B-Safe 35 Elite,ADAPTER,false,false
(uncategorized),Joovy Caboose S,Maxi-Cosi,Mico Pro,ADAPTER,false,false
(uncategorized),Joovy Caboose S,Britax,B-Safe Gen2 FlexFit,ADAPTER,false,false
(uncategorized),Joovy Caboose S,Nuna,PIPA Aire rx,ADAPTER,false,false
(uncategorized),Joovy Caboose S,Maxi-Cosi,Coral XP,ADAPTER,false,false
(uncategorized),Joovy Caboose S,Maxi-Cosi,Peri 180,ADAPTER,false,false
(uncategorized),Joovy Caboose Ultralight Graphite,Nuna,PIPA Aire rx,ADAPTER,false,false
(uncategorized),Joovy Caboose Ultralight Graphite,Maxi-Cosi,Mico Pro,ADAPTER,false,false
(uncategorized),Joovy Caboose Ultralight Graphite,Maxi-Cosi,Peri 180,ADAPTER,false,false
(uncategorized),Joovy Caboose Ultralight Graphite,Maxi-Cosi,Coral XP,ADAPTER,false,false
(uncategorized),Joovy Caboose Ultralight Graphite,Maxi-Cosi,Mico Luxe,ADAPTER,false,false
(uncategorized),Joovy Caboose Ultralight Graphite,Britax,B-Safe 35,ADAPTER,false,false
(uncategorized),Joovy Caboose Ultralight Graphite,Britax,B-Safe 35 Elite,ADAPTER,false,false
(uncategorized),Joovy Caboose Ultralight Graphite,Britax,B-Safe Gen2 FlexFit,ADAPTER,false,false
(uncategorized),Joovy Caboose Ultralight Graphite,UPPAbaby,Mesa Max,ADAPTER,false,false
(uncategorized),Joovy Caboose Ultralight Graphite,UPPAbaby,Mesa V3,ADAPTER,false,false
(uncategorized),Joovy Caboose Ultralight Graphite,UPPAbaby,Aria V2,ADAPTER,false,false
(uncategorized),Joovy Caboose Ultralight Graphite,Chicco,KeyFit 35,ADAPTER,false,false
(uncategorized),Joovy Caboose Ultralight Graphite,Chicco,KeyFit 30,ADAPTER,false,false
(uncategorized),Joovy Caboose Ultralight Graphite,Peg Perego,Primo Viaggio 4-35,ADAPTER,false,false
(uncategorized),Joovy Caboose Ultralight Graphite,Nuna,PIPA RX,ADAPTER,false,false
(uncategorized),Joovy Caboose Ultralight Graphite,Nuna,PIPA urbn,ADAPTER,false,false
(uncategorized),Joovy Caboose Ultralight Graphite,Nuna,PIPA Aire,ADAPTER,false,false
(uncategorized),Joovy Qool,Maxi-Cosi,Mico Luxe,ADAPTER,false,false
(uncategorized),Joovy Qool,Britax,B-Safe 35,ADAPTER,false,false
(uncategorized),Joovy Qool,Nuna,PIPA Aire,ADAPTER,false,false
(uncategorized),Joovy Qool,Britax,B-Safe 35 Elite,ADAPTER,false,false
(uncategorized),Joovy Qool,Nuna,PIPA RX,ADAPTER,false,false
(uncategorized),Joovy Qool,Nuna,PIPA urbn,ADAPTER,false,false
(uncategorized),Joovy Qool,Maxi-Cosi,Mico Pro,ADAPTER,false,false
(uncategorized),Joovy Qool,Maxi-Cosi,Peri 180,ADAPTER,false,false
(uncategorized),Joovy Qool,Maxi-Cosi,Coral XP,ADAPTER,false,false
(uncategorized),Joovy Qool,Chicco,KeyFit 35,ADAPTER,false,false
(uncategorized),Joovy Qool,Chicco,KeyFit 30,ADAPTER,false,false
(uncategorized),Joovy Qool,Britax,B-Safe Gen2 FlexFit,ADAPTER,false,false
(uncategorized),Joovy Qool,Nuna,PIPA Aire rx,ADAPTER,false,false
(uncategorized),Joovy Twin Roo+,Chicco,KeyFit 35,ADAPTER,false,false
(uncategorized),Joovy Twin Roo+,Maxi-Cosi,Mico Pro,ADAPTER,false,false
(uncategorized),Joovy Twin Roo+,UPPAbaby,Aria V2,ADAPTER,false,false
(uncategorized),Joovy Twin Roo+,UPPAbaby,Mesa V3,ADAPTER,false,false
(uncategorized),Joovy Twin Roo+,UPPAbaby,Mesa Max,ADAPTER,false,false
(uncategorized),Joovy Twin Roo+,Peg Perego,Primo Viaggio 4-35,ADAPTER,false,false
(uncategorized),Joovy Twin Roo+,Maxi-Cosi,Coral XP,ADAPTER,false,false
(uncategorized),Joovy Twin Roo+,Maxi-Cosi,Peri 180,ADAPTER,false,false
(uncategorized),Joovy Twin Roo+,Chicco,KeyFit 30,ADAPTER,false,false
(uncategorized),Joovy Twin Roo+,Britax,B-Safe Gen2 FlexFit,ADAPTER,false,false
(uncategorized),Joovy Twin Roo+,Britax,B-Safe 35 Elite,ADAPTER,false,false
(uncategorized),Joovy Twin Roo+,Maxi-Cosi,Mico Luxe,ADAPTER,false,false
(uncategorized),Joovy Twin Roo+,Britax,B-Safe 35,ADAPTER,false,false
(uncategorized),Maxi-Cosi Lila,Maxi-Cosi,Coral XP,ADAPTER,false,false
(uncategorized),Maxi-Cosi Lila,Maxi-Cosi,Mico Pro,ADAPTER,false,false
(uncategorized),Maxi-Cosi Lila,Maxi-Cosi,Mico Luxe,ADAPTER,false,false
(uncategorized),Maxi-Cosi Lila,Chicco,KeyFit 35,ADAPTER,false,false
(uncategorized),Maxi-Cosi Lila,Chicco,KeyFit 30,ADAPTER,false,false
(uncategorized),Maxi-Cosi Lila,Britax,B-Safe Gen2 FlexFit,ADAPTER,false,false
(uncategorized),Maxi-Cosi Lila,Britax,B-Safe 35 Elite,ADAPTER,false,false
(uncategorized),Maxi-Cosi Lila,Maxi-Cosi,Peri 180,ADAPTER,false,false
(uncategorized),Maxi-Cosi Lila,Britax,B-Safe 35,ADAPTER,false,false
(uncategorized),Maxi-Cosi Tayla,Britax,B-Safe Gen2 FlexFit,ADAPTER,false,false
(uncategorized),Maxi-Cosi Tayla,Maxi-Cosi,Mico Luxe,ADAPTER,false,false
(uncategorized),Maxi-Cosi Tayla,Britax,B-Safe 35 Elite,ADAPTER,false,false
(uncategorized),Maxi-Cosi Tayla,Britax,B-Safe 35,ADAPTER,false,false
(uncategorized),Maxi-Cosi Tayla,Chicco,KeyFit 30,ADAPTER,false,false
(uncategorized),Maxi-Cosi Tayla,Chicco,KeyFit 35,ADAPTER,false,false
(uncategorized),Maxi-Cosi Tayla,Maxi-Cosi,Coral XP,ADAPTER,false,false
(uncategorized),Maxi-Cosi Tayla,Maxi-Cosi,Peri 180,ADAPTER,false,false
(uncategorized),Maxi-Cosi Tayla,Maxi-Cosi,Mico Pro,ADAPTER,false,false
Full-Size,Mima Creo,Nuna,PIPA RX,LIMITED,false,false
Full-Size,Mima Creo,Maxi-Cosi,Mico Pro,LIMITED,false,false
Full-Size,Mima Creo,Nuna,PIPA Aire rx,LIMITED,false,false
Full-Size,Mima Creo,Maxi-Cosi,Mico Luxe,LIMITED,false,false
(uncategorized),Mima Xari,UPPAbaby,Mesa Max,ADAPTER,false,false
(uncategorized),Mima Xari,Nuna,PIPA RX,LIMITED,false,false
(uncategorized),Mima Xari,Maxi-Cosi,Mico Pro,LIMITED,false,false
(uncategorized),Mima Xari,Maxi-Cosi,Mico Luxe,LIMITED,false,false
(uncategorized),Mima Xari,UPPAbaby,Mesa V3,ADAPTER,false,false
(uncategorized),Mima Xari,Nuna,PIPA Aire rx,LIMITED,false,false
(uncategorized),Mima Xari,UPPAbaby,Aria V2,ADAPTER,false,false
(uncategorized),Mima Xari Sport,UPPAbaby,Mesa V3,ADAPTER,false,false
(uncategorized),Mima Xari Sport,UPPAbaby,Mesa Max,ADAPTER,false,false
(uncategorized),Mima Xari Sport,UPPAbaby,Aria V2,ADAPTER,false,false
(uncategorized),Mima Zigi,Nuna,PIPA RX,LIMITED,false,false
(uncategorized),Mima Zigi,Maxi-Cosi,Mico Luxe,LIMITED,false,false
(uncategorized),Mima Zigi,Nuna,PIPA Aire rx,LIMITED,false,false
(uncategorized),Mima Zigi,Maxi-Cosi,Mico Pro,LIMITED,false,false
(uncategorized),Mockingbird Single 3.0,Britax,Willow S,ADAPTER,false,false
(uncategorized),Mockingbird Single 3.0,Baby Jogger,City GO 2,ADAPTER,false,false
(uncategorized),Mockingbird Single 3.0,Joie,Rue,ADAPTER,false,false
(uncategorized),Mockingbird Single 3.0,Cybex,Aton G,ADAPTER,false,false
(uncategorized),Mockingbird Single 3.0,Nuna,PIPA urbn,ADAPTER,false,false
(uncategorized),Mockingbird Single 3.0,Maxi-Cosi,Coral XP,ADAPTER,false,false
(uncategorized),Mockingbird Single 3.0,Cybex,Cloud T,ADAPTER,false,false
(uncategorized),Mockingbird Single 3.0,Maxi-Cosi,Peri 180,ADAPTER,false,false
(uncategorized),Mockingbird Single 3.0,Nuna,PIPA Aire,ADAPTER,false,false
(uncategorized),Mockingbird Single 3.0,Nuna,PIPA RX,ADAPTER,false,false
(uncategorized),Mockingbird Single 3.0,UPPAbaby,Aria V2,ADAPTER,false,false
(uncategorized),Mockingbird Single 3.0,Clek,Liingo,ADAPTER,false,false
(uncategorized),Mockingbird Single 3.0,Clek,Liing,ADAPTER,false,false
(uncategorized),Mockingbird Single 3.0,UPPAbaby,Mesa V3,ADAPTER,false,false
(uncategorized),Mockingbird Single 3.0,Maxi-Cosi,Mico Pro,ADAPTER,false,false
(uncategorized),Mockingbird Single 3.0,UPPAbaby,Mesa Max,ADAPTER,false,false
(uncategorized),Mockingbird Single 3.0,UPPAbaby,Aria,ADAPTER,false,false
(uncategorized),Mockingbird Single 3.0,Maxi-Cosi,Mico Luxe,ADAPTER,false,false
(uncategorized),Mockingbird Single 3.0,Nuna,PIPA Aire rx,ADAPTER,false,false
(uncategorized),Mockingbird Single-to-Double 3.0,Maxi-Cosi,Coral XP,ADAPTER,false,false
(uncategorized),Mockingbird Single-to-Double 3.0,Nuna,PIPA urbn,ADAPTER,false,false
(uncategorized),Mockingbird Single-to-Double 3.0,UPPAbaby,Aria V2,ADAPTER,false,false
(uncategorized),Mockingbird Single-to-Double 3.0,UPPAbaby,Mesa V3,ADAPTER,false,false
(uncategorized),Mockingbird Single-to-Double 3.0,UPPAbaby,Mesa Max,ADAPTER,false,false
(uncategorized),Mockingbird Single-to-Double 3.0,UPPAbaby,Aria,ADAPTER,false,false
(uncategorized),Mockingbird Single-to-Double 3.0,Joie,Rue,ADAPTER,false,false
(uncategorized),Mockingbird Single-to-Double 3.0,Clek,Liingo,ADAPTER,false,false
(uncategorized),Mockingbird Single-to-Double 3.0,Clek,Liing,ADAPTER,false,false
(uncategorized),Mockingbird Single-to-Double 3.0,Cybex,Aton G,ADAPTER,false,false
(uncategorized),Mockingbird Single-to-Double 3.0,Maxi-Cosi,Mico Luxe,ADAPTER,false,false
(uncategorized),Mockingbird Single-to-Double 3.0,Cybex,Cloud T,ADAPTER,false,false
(uncategorized),Mockingbird Single-to-Double 3.0,Maxi-Cosi,Peri 180,ADAPTER,false,false
(uncategorized),Mockingbird Single-to-Double 3.0,Nuna,PIPA Aire,ADAPTER,false,false
(uncategorized),Mockingbird Single-to-Double 3.0,Maxi-Cosi,Mico Pro,ADAPTER,false,false
(uncategorized),Mockingbird Single-to-Double 3.0,Baby Jogger,City GO 2,ADAPTER,false,false
(uncategorized),Mockingbird Single-to-Double 3.0,Nuna,PIPA Aire rx,ADAPTER,false,false
(uncategorized),Mockingbird Single-to-Double 3.0,Britax,Willow S,ADAPTER,false,false
(uncategorized),Mockingbird Single-to-Double 3.0,Nuna,PIPA RX,ADAPTER,false,false
(uncategorized),Nuna MIXX next,Nuna,PIPA urbn,ADAPTER,false,false
(uncategorized),Nuna MIXX next,Nuna,PIPA Aire rx,ADAPTER,false,false
(uncategorized),Nuna MIXX next,Nuna,PIPA RX,ADAPTER,false,false
(uncategorized),Nuna MIXX next,Nuna,PIPA Aire,ADAPTER,false,false
(uncategorized),Peg Perego Selfie,Nuna,PIPA RX,ADAPTER,false,false
(uncategorized),Peg Perego Selfie,Nuna,PIPA Aire rx,ADAPTER,false,false
(uncategorized),Peg Perego YPSI,Nuna,PIPA Aire rx,ADAPTER,false,false
(uncategorized),Peg Perego YPSI,Nuna,PIPA RX,ADAPTER,false,false
(uncategorized),Peg Perego Z4,Nuna,PIPA RX,ADAPTER,false,false
(uncategorized),Peg Perego Z4,Nuna,PIPA Aire rx,ADAPTER,false,false
Travel,Silver Cross Clic,Maxi-Cosi,Coral XP,ADAPTER,false,false
Travel,Silver Cross Clic,Nuna,PIPA urbn,ADAPTER,false,false
Travel,Silver Cross Clic,Maxi-Cosi,Mico Luxe,ADAPTER,false,false
Travel,Silver Cross Clic,Maxi-Cosi,Mico Pro,ADAPTER,false,false
Travel,Silver Cross Clic,Nuna,PIPA Aire rx,ADAPTER,false,false
Travel,Silver Cross Clic,Nuna,PIPA RX,ADAPTER,false,false
Travel,Silver Cross Clic,Maxi-Cosi,Peri 180,ADAPTER,false,false
(uncategorized),Silver Cross Comet,Maxi-Cosi,Coral XP,ADAPTER,false,false
(uncategorized),Silver Cross Comet,Maxi-Cosi,Mico Luxe,ADAPTER,false,false
(uncategorized),Silver Cross Comet,Cybex,Cloud T,ADAPTER,false,false
(uncategorized),Silver Cross Comet,Maxi-Cosi,Peri 180,ADAPTER,false,false
(uncategorized),Silver Cross Comet,Nuna,PIPA Aire rx,ADAPTER,false,false
(uncategorized),Silver Cross Comet,Maxi-Cosi,Mico Pro,ADAPTER,false,false
(uncategorized),Silver Cross Comet,Chicco,Fit2,ADAPTER,false,false
(uncategorized),Silver Cross Comet,Cybex,Aton G,ADAPTER,false,false
(uncategorized),Silver Cross Comet,Nuna,PIPA RX,ADAPTER,false,false
(uncategorized),Silver Cross Comet,Chicco,KeyFit 35,ADAPTER,false,false
(uncategorized),Silver Cross Dune,Clek,Liing,ADAPTER,false,false
(uncategorized),Silver Cross Dune,Maxi-Cosi,Mico Luxe,ADAPTER,false,false
(uncategorized),Silver Cross Dune,Maxi-Cosi,Mico Pro,ADAPTER,false,false
(uncategorized),Silver Cross Dune,Maxi-Cosi,Coral XP,ADAPTER,false,false
(uncategorized),Silver Cross Dune,Clek,Liingo,ADAPTER,false,false
(uncategorized),Silver Cross Dune,Maxi-Cosi,Peri 180,ADAPTER,false,false
(uncategorized),Silver Cross Dune 2,Nuna,PIPA RX,ADAPTER,false,false
(uncategorized),Silver Cross Dune 2,Maxi-Cosi,Mico Pro,ADAPTER,false,false
(uncategorized),Silver Cross Dune 2,Nuna,PIPA Aire rx,ADAPTER,false,false
(uncategorized),Silver Cross Dune 2,Chicco,Fit2,ADAPTER,false,false
(uncategorized),Silver Cross Dune 2,Cybex,Cloud T,ADAPTER,false,false
(uncategorized),Silver Cross Dune 2,Maxi-Cosi,Mico Luxe,ADAPTER,false,false
(uncategorized),Silver Cross Dune 2,Chicco,KeyFit 35,ADAPTER,false,false
(uncategorized),Silver Cross Dune 2,Cybex,Aton G,ADAPTER,false,false
(uncategorized),Silver Cross Dune 2,Maxi-Cosi,Peri 180,ADAPTER,false,false
(uncategorized),Silver Cross Dune 2,Maxi-Cosi,Coral XP,ADAPTER,false,false
(uncategorized),Silver Cross Jet 5,Clek,Liing,ADAPTER,true,true
(uncategorized),Silver Cross Jet 5,Cybex,Cloud T,ADAPTER,false,false
(uncategorized),Silver Cross Jet 5,Cybex,Aton G,ADAPTER,false,false
(uncategorized),Silver Cross Jet 5,Maxi-Cosi,Coral XP,ADAPTER,false,false
(uncategorized),Silver Cross Jet 5,Maxi-Cosi,Peri 180,ADAPTER,false,false
(uncategorized),Silver Cross Jet 5,Maxi-Cosi,Mico Pro,ADAPTER,false,false
(uncategorized),Silver Cross Jet 5,Chicco,KeyFit 35,ADAPTER,false,false
(uncategorized),Silver Cross Jet 5,Nuna,PIPA Aire rx,ADAPTER,false,false
(uncategorized),Silver Cross Jet 5,Maxi-Cosi,Mico Luxe,ADAPTER,false,false
(uncategorized),Silver Cross Jet 5,Chicco,Fit2,ADAPTER,false,false
(uncategorized),Silver Cross Jet 5,Nuna,PIPA RX,ADAPTER,false,false
Double,Silver Cross Jet Double,Nuna,PIPA urbn,ADAPTER,false,false
Double,Silver Cross Jet Double,Nuna,PIPA Aire rx,ADAPTER,false,false
Double,Silver Cross Jet Double,Clek,Liing,ADAPTER,true,true
Double,Silver Cross Jet Double,Maxi-Cosi,Peri 180,ADAPTER,false,false
Double,Silver Cross Jet Double,Maxi-Cosi,Coral XP,ADAPTER,false,false
Double,Silver Cross Jet Double,Maxi-Cosi,Mico Luxe,ADAPTER,false,false
Double,Silver Cross Jet Double,Maxi-Cosi,Mico Pro,ADAPTER,false,false
Double,Silver Cross Jet Double,Nuna,PIPA RX,ADAPTER,false,false
Double,Silver Cross Jet Double,Cybex,Aton G,ADAPTER,true,true
(uncategorized),Silver Cross Reef,Clek,Liingo,ADAPTER,false,false
(uncategorized),Silver Cross Reef,Clek,Liing,ADAPTER,false,false
(uncategorized),Silver Cross Reef,Maxi-Cosi,Mico Luxe,ADAPTER,false,false
(uncategorized),Silver Cross Reef,Maxi-Cosi,Coral XP,ADAPTER,false,false
(uncategorized),Silver Cross Reef,Maxi-Cosi,Peri 180,ADAPTER,false,false
(uncategorized),Silver Cross Reef,Maxi-Cosi,Mico Pro,ADAPTER,false,false
(uncategorized),Silver Cross Reef 2,Maxi-Cosi,Peri 180,ADAPTER,false,false
(uncategorized),Silver Cross Reef 2,Nuna,PIPA RX,ADAPTER,false,false
(uncategorized),Silver Cross Reef 2,Cybex,Aton G,ADAPTER,false,false
(uncategorized),Silver Cross Reef 2,Chicco,KeyFit 35,ADAPTER,false,false
(uncategorized),Silver Cross Reef 2,Chicco,Fit2,ADAPTER,false,false
(uncategorized),Silver Cross Reef 2,Nuna,PIPA Aire rx,ADAPTER,false,false
(uncategorized),Silver Cross Reef 2,Maxi-Cosi,Mico Luxe,ADAPTER,false,false
(uncategorized),Silver Cross Reef 2,Maxi-Cosi,Coral XP,ADAPTER,false,false
(uncategorized),Silver Cross Reef 2,Cybex,Cloud T,ADAPTER,false,false
(uncategorized),Silver Cross Reef 2,Maxi-Cosi,Mico Pro,ADAPTER,false,false
(uncategorized),Silver Cross Wave,Clek,Liing,ADAPTER,false,false
(uncategorized),Silver Cross Wave,Maxi-Cosi,Mico Luxe,ADAPTER,false,false
(uncategorized),Silver Cross Wave,Maxi-Cosi,Coral XP,ADAPTER,false,false
(uncategorized),Silver Cross Wave,Clek,Liingo,ADAPTER,false,false
(uncategorized),Silver Cross Wave,Maxi-Cosi,Mico Pro,ADAPTER,false,false
(uncategorized),Silver Cross Wave,Maxi-Cosi,Peri 180,ADAPTER,false,false
(uncategorized),Silver Cross Wave 3,Nuna,PIPA RX,ADAPTER,false,false
(uncategorized),Silver Cross Wave 3,Maxi-Cosi,Coral XP,ADAPTER,false,false
(uncategorized),Silver Cross Wave 3,Maxi-Cosi,Peri 180,ADAPTER,false,false
(uncategorized),Silver Cross Wave 3,Chicco,Fit2,ADAPTER,false,false
(uncategorized),Silver Cross Wave 3,Cybex,Cloud T,ADAPTER,false,false
(uncategorized),Silver Cross Wave 3,Chicco,KeyFit 35,ADAPTER,false,false
(uncategorized),Silver Cross Wave 3,Nuna,PIPA Aire rx,ADAPTER,false,false
(uncategorized),Silver Cross Wave 3,Maxi-Cosi,Mico Luxe,ADAPTER,false,false
(uncategorized),Silver Cross Wave 3,Maxi-Cosi,Mico Pro,ADAPTER,false,false
(uncategorized),Silver Cross Wave 3,Cybex,Aton G,ADAPTER,false,false
(uncategorized),Stokke Yoyo 3,Cybex,Cloud T,ADAPTER,false,false
(uncategorized),Stokke Yoyo 3,Maxi-Cosi,Mico Luxe,ADAPTER,false,false
(uncategorized),Stokke Yoyo 3,Maxi-Cosi,Coral XP,ADAPTER,false,false
(uncategorized),Stokke Yoyo 3,Nuna,PIPA RX,ADAPTER,false,false
(uncategorized),Stokke Yoyo 3,Nuna,PIPA urbn,ADAPTER,false,false
(uncategorized),Stokke Yoyo 3,Nuna,PIPA Aire,ADAPTER,false,false
(uncategorized),Stokke Yoyo 3,Maxi-Cosi,Peri 180,ADAPTER,false,false
(uncategorized),Stokke Yoyo 3,Cybex,Aton G,ADAPTER,false,false
(uncategorized),Stokke Yoyo 3,Maxi-Cosi,Mico Pro,ADAPTER,false,false
(uncategorized),Stokke Yoyo 3,Nuna,PIPA Aire rx,ADAPTER,false,false
(uncategorized),Thule Glide 2,Britax,B-Safe Gen2 FlexFit,ADAPTER,false,false
(uncategorized),Thule Glide 2,Maxi-Cosi,Mico Pro,ADAPTER,false,false
(uncategorized),Thule Glide 2,Nuna,PIPA Aire,ADAPTER,false,false
(uncategorized),Thule Glide 2,Nuna,PIPA Aire rx,ADAPTER,false,false
(uncategorized),Thule Glide 2,Nuna,PIPA RX,ADAPTER,false,false
(uncategorized),Thule Glide 2,Peg Perego,Primo Viaggio 4-35,ADAPTER,false,false
(uncategorized),Thule Glide 2,Chicco,KeyFit 30,ADAPTER,false,false
(uncategorized),Thule Glide 2,Chicco,KeyFit 35,ADAPTER,false,false
(uncategorized),Thule Glide 2,UPPAbaby,Aria V2,ADAPTER,false,false
(uncategorized),Thule Glide 2,UPPAbaby,Mesa V3,ADAPTER,false,false
(uncategorized),Thule Glide 2,UPPAbaby,Mesa Max,ADAPTER,false,false
(uncategorized),Thule Glide 2,Maxi-Cosi,Peri 180,ADAPTER,false,false
(uncategorized),Thule Glide 2,Britax,B-Safe 35 Elite,ADAPTER,false,false
(uncategorized),Thule Glide 2,Britax,B-Safe 35,ADAPTER,false,false
(uncategorized),Thule Glide 2,Nuna,PIPA urbn,ADAPTER,false,false
(uncategorized),Thule Glide 2,Maxi-Cosi,Mico Luxe,ADAPTER,false,false
(uncategorized),Thule Glide 2,Maxi-Cosi,Coral XP,ADAPTER,false,false
(uncategorized),Thule Sleek,Chicco,KeyFit 30,ADAPTER,false,false
(uncategorized),Thule Sleek,Maxi-Cosi,Coral XP,ADAPTER,false,false
(uncategorized),Thule Sleek,Maxi-Cosi,Mico Luxe,ADAPTER,false,false
(uncategorized),Thule Sleek,Nuna,PIPA RX,ADAPTER,false,false
(uncategorized),Thule Sleek,Nuna,PIPA urbn,ADAPTER,false,false
(uncategorized),Thule Sleek,Nuna,PIPA Aire,ADAPTER,false,false
(uncategorized),Thule Sleek,Nuna,PIPA Aire rx,ADAPTER,false,false
(uncategorized),Thule Sleek,UPPAbaby,Mesa V3,ADAPTER,false,false
(uncategorized),Thule Sleek,UPPAbaby,Mesa Max,ADAPTER,false,false
(uncategorized),Thule Sleek,UPPAbaby,Aria,ADAPTER,false,false
(uncategorized),Thule Sleek,Chicco,KeyFit 35,ADAPTER,false,false
(uncategorized),Thule Sleek,UPPAbaby,Aria V2,ADAPTER,false,false
(uncategorized),Thule Sleek,Maxi-Cosi,Mico Pro,ADAPTER,false,false
(uncategorized),Thule Sleek,Maxi-Cosi,Peri 180,ADAPTER,false,false
(uncategorized),Thule Urban Glide 2,Britax,B-Safe 35 Elite,ADAPTER,false,false
(uncategorized),Thule Urban Glide 2,Nuna,PIPA Aire,ADAPTER,false,false
(uncategorized),Thule Urban Glide 2,Nuna,PIPA urbn,ADAPTER,false,false
(uncategorized),Thule Urban Glide 2,Nuna,PIPA RX,ADAPTER,false,false
(uncategorized),Thule Urban Glide 2,Maxi-Cosi,Mico Luxe,ADAPTER,false,false
(uncategorized),Thule Urban Glide 2,Maxi-Cosi,Coral XP,ADAPTER,false,false
(uncategorized),Thule Urban Glide 2,Maxi-Cosi,Peri 180,ADAPTER,false,false
(uncategorized),Thule Urban Glide 2,Maxi-Cosi,Mico Pro,ADAPTER,false,false
(uncategorized),Thule Urban Glide 2,Nuna,PIPA Aire rx,ADAPTER,false,false
(uncategorized),Thule Urban Glide 2,UPPAbaby,Mesa Max,ADAPTER,false,false
(uncategorized),Thule Urban Glide 2,Chicco,KeyFit 35,ADAPTER,false,false
(uncategorized),Thule Urban Glide 2,Peg Perego,Primo Viaggio 4-35,ADAPTER,false,false
(uncategorized),Thule Urban Glide 2,UPPAbaby,Mesa V3,ADAPTER,false,false
(uncategorized),Thule Urban Glide 2,UPPAbaby,Aria V2,ADAPTER,false,false
(uncategorized),Thule Urban Glide 2,Britax,B-Safe 35,ADAPTER,false,false
(uncategorized),Thule Urban Glide 2,Britax,B-Safe Gen2 FlexFit,ADAPTER,false,false
(uncategorized),Thule Urban Glide 2,Chicco,KeyFit 30,ADAPTER,false,false
(uncategorized),Thule Urban Glide 2,UPPAbaby,Aria,ADAPTER,false,false
(uncategorized),Thule Urban Glide 2 Double,UPPAbaby,Mesa V3,ADAPTER,false,false
(uncategorized),Thule Urban Glide 2 Double,Maxi-Cosi,Coral XP,ADAPTER,false,false
(uncategorized),Thule Urban Glide 2 Double,UPPAbaby,Aria V2,ADAPTER,false,false
(uncategorized),Thule Urban Glide 2 Double,UPPAbaby,Mesa Max,ADAPTER,false,false
(uncategorized),Thule Urban Glide 2 Double,UPPAbaby,Aria,ADAPTER,false,false
(uncategorized),Thule Urban Glide 2 Double,Maxi-Cosi,Peri 180,ADAPTER,false,false
(uncategorized),Thule Urban Glide 2 Double,Maxi-Cosi,Mico Pro,ADAPTER,false,false
(uncategorized),Thule Urban Glide 2 Double,Maxi-Cosi,Mico Luxe,ADAPTER,false,false
(uncategorized),UPPAbaby Cruz V2,Maxi-Cosi,Mico Luxe,ADAPTER,false,false
(uncategorized),UPPAbaby Cruz V2,Maxi-Cosi,Mico Pro,ADAPTER,false,false
(uncategorized),UPPAbaby Cruz V2,Nuna,PIPA RX,ADAPTER,false,false
(uncategorized),UPPAbaby Cruz V2,Chicco,Fit2,ADAPTER,false,false
(uncategorized),UPPAbaby Cruz V2,Clek,Liingo,LIMITED,false,false
(uncategorized),UPPAbaby Cruz V2,Nuna,PIPA Aire,ADAPTER,false,false
(uncategorized),UPPAbaby Cruz V2,UPPAbaby,Mesa V3,ADAPTER,true,true
(uncategorized),UPPAbaby Cruz V2,Maxi-Cosi,Peri 180,ADAPTER,false,false
(uncategorized),UPPAbaby Cruz V2,UPPAbaby,Aria V2,ADAPTER,true,true
(uncategorized),UPPAbaby Cruz V2,Maxi-Cosi,Coral XP,ADAPTER,false,false
(uncategorized),UPPAbaby Cruz V2,Clek,Liing,LIMITED,false,false
(uncategorized),UPPAbaby Cruz V2,Nuna,PIPA Aire rx,ADAPTER,false,false
(uncategorized),UPPAbaby Cruz V2,Nuna,PIPA urbn,ADAPTER,false,false
(uncategorized),UPPAbaby Cruz V2,Britax,Cypress S,ADAPTER,false,false
(uncategorized),UPPAbaby Cruz V2,Chicco,KeyFit 35,ADAPTER,false,false
(uncategorized),UPPAbaby Cruz V2,Britax,Willow S,ADAPTER,false,false
Full-Size,UPPAbaby Cruz V3,UPPAbaby,Aria,ADAPTER,true,true
Full-Size,UPPAbaby Cruz V3,Maxi-Cosi,Mico Pro,ADAPTER,false,false
Full-Size,UPPAbaby Cruz V3,Maxi-Cosi,Peri 180,ADAPTER,false,false
Full-Size,UPPAbaby Cruz V3,Maxi-Cosi,Coral XP,ADAPTER,false,false
Full-Size,UPPAbaby Cruz V3,Maxi-Cosi,Mico Luxe,ADAPTER,false,false
Full-Size,UPPAbaby Cruz V3,Nuna,PIPA RX,ADAPTER,false,false
Full-Size,UPPAbaby Cruz V3,Nuna,PIPA urbn,ADAPTER,false,false
Full-Size,UPPAbaby Cruz V3,UPPAbaby,Mesa V3,ADAPTER,true,true
Full-Size,UPPAbaby Cruz V3,UPPAbaby,Aria V2,ADAPTER,true,true
Full-Size,UPPAbaby Cruz V3,Clek,Liingo,LIMITED,false,false
Full-Size,UPPAbaby Cruz V3,Clek,Liing,LIMITED,false,false
Full-Size,UPPAbaby Cruz V3,Nuna,PIPA Aire,ADAPTER,false,false
Full-Size,UPPAbaby Cruz V3,Nuna,PIPA Aire rx,ADAPTER,false,false
Full-Size,UPPAbaby Cruz V3,UPPAbaby,Mesa Max,ADAPTER,true,true
Full-Size,UPPAbaby Cruz V3,Chicco,Fit2,ADAPTER,false,false
Full-Size,UPPAbaby Cruz V3,Chicco,KeyFit 35,ADAPTER,false,false
(uncategorized),UPPAbaby Minu V2,Maxi-Cosi,Mico Luxe,ADAPTER,false,false
(uncategorized),UPPAbaby Minu V2,UPPAbaby,Mesa Max,ADAPTER,false,false
(uncategorized),UPPAbaby Minu V2,Clek,Liingo,LIMITED,false,false
(uncategorized),UPPAbaby Minu V2,UPPAbaby,Aria,ADAPTER,false,false
(uncategorized),UPPAbaby Minu V2,Nuna,PIPA urbn,ADAPTER,false,false
(uncategorized),UPPAbaby Minu V2,Maxi-Cosi,Ambra,ADAPTER,true,true
(uncategorized),UPPAbaby Minu V2,Cybex,Cloud G Pro Comfort Extend,ADAPTER,true,true
(uncategorized),UPPAbaby Minu V2,Cybex,Cloud T,ADAPTER,true,true
(uncategorized),UPPAbaby Minu V2,Cybex,Aton G,ADAPTER,true,true
(uncategorized),UPPAbaby Minu V2,Nuna,PIPA Aire,ADAPTER,false,false
(uncategorized),UPPAbaby Minu V2,Nuna,PIPA RX,ADAPTER,false,false
(uncategorized),UPPAbaby Minu V2,Chicco,KeyFit 35,ADAPTER,false,false
(uncategorized),UPPAbaby Minu V2,Chicco,Fit2,ADAPTER,false,false
(uncategorized),UPPAbaby Minu V2,Maxi-Cosi,Peri 180,ADAPTER,false,false
(uncategorized),UPPAbaby Minu V2,Maxi-Cosi,Mico Pro,ADAPTER,false,false
(uncategorized),UPPAbaby Minu V2,Maxi-Cosi,Coral XP,ADAPTER,false,false
(uncategorized),UPPAbaby Minu V2,Clek,Liing,LIMITED,false,false
(uncategorized),UPPAbaby Minu V2,Nuna,PIPA Aire rx,ADAPTER,false,false
Travel,UPPAbaby Minu V3,Maxi-Cosi,Mico Pro,ADAPTER,false,false
Travel,UPPAbaby Minu V3,Nuna,PIPA Aire rx,ADAPTER,false,false
Travel,UPPAbaby Minu V3,Clek,Liingo,LIMITED,false,false
Travel,UPPAbaby Minu V3,Clek,Liing,LIMITED,false,false
Travel,UPPAbaby Minu V3,Chicco,Fit2,ADAPTER,false,false
Travel,UPPAbaby Minu V3,UPPAbaby,Mesa Max,ADAPTER,true,true
Travel,UPPAbaby Minu V3,UPPAbaby,Mesa V3,ADAPTER,true,true
Travel,UPPAbaby Minu V3,UPPAbaby,Aria V2,ADAPTER,true,true
Travel,UPPAbaby Minu V3,UPPAbaby,Aria,ADAPTER,true,true
Travel,UPPAbaby Minu V3,Cybex,Aton G,ADAPTER,true,true
Travel,UPPAbaby Minu V3,Cybex,Cloud T,ADAPTER,true,true
Travel,UPPAbaby Minu V3,Chicco,KeyFit 35,ADAPTER,false,false
Travel,UPPAbaby Minu V3,Maxi-Cosi,Ambra,ADAPTER,true,true
Travel,UPPAbaby Minu V3,Cybex,Cloud G Pro Comfort Extend,ADAPTER,true,true
Travel,UPPAbaby Minu V3,Maxi-Cosi,Peri 180,ADAPTER,false,false
Travel,UPPAbaby Minu V3,Maxi-Cosi,Coral XP,ADAPTER,false,false
Travel,UPPAbaby Minu V3,Maxi-Cosi,Mico Luxe,ADAPTER,false,false
Travel,UPPAbaby Minu V3,Nuna,PIPA Aire,ADAPTER,false,false
Travel,UPPAbaby Minu V3,Nuna,PIPA urbn,ADAPTER,false,false
Travel,UPPAbaby Minu V3,Nuna,PIPA RX,ADAPTER,false,false
(uncategorized),UPPAbaby Ridge,Maxi-Cosi,Peri 180,ADAPTER,true,true
(uncategorized),UPPAbaby Ridge,UPPAbaby,Mesa V3,ADAPTER,false,false
(uncategorized),UPPAbaby Ridge,Cybex,Cloud G Pro Comfort Extend,ADAPTER,true,true
(uncategorized),UPPAbaby Ridge,UPPAbaby,Mesa Max,ADAPTER,false,false
(uncategorized),UPPAbaby Ridge,Maxi-Cosi,Ambra,ADAPTER,true,true
(uncategorized),UPPAbaby Ridge,Maxi-Cosi,Mico Luxe,ADAPTER,true,true
(uncategorized),UPPAbaby Ridge,Maxi-Cosi,Coral XP,ADAPTER,true,true
(uncategorized),UPPAbaby Ridge,Cybex,Cloud T,ADAPTER,true,true
(uncategorized),UPPAbaby Ridge,Cybex,Aton G,ADAPTER,true,true
(uncategorized),UPPAbaby Ridge,Nuna,PIPA Aire rx,ADAPTER,true,true
(uncategorized),UPPAbaby Ridge,Nuna,PIPA Aire,ADAPTER,true,true
(uncategorized),UPPAbaby Ridge,Nuna,PIPA urbn,ADAPTER,true,true
(uncategorized),UPPAbaby Ridge,Nuna,PIPA RX,ADAPTER,true,true
(uncategorized),UPPAbaby Ridge,Maxi-Cosi,Mico Pro,ADAPTER,true,true
(uncategorized),UPPAbaby Vista V2,Cybex,Aton G,ADAPTER,true,true
(uncategorized),UPPAbaby Vista V2,Cybex,Cloud T,ADAPTER,true,true
(uncategorized),UPPAbaby Vista V2,Cybex,Cloud G Pro Comfort Extend,ADAPTER,true,true
(uncategorized),UPPAbaby Vista V2,Maxi-Cosi,Ambra,ADAPTER,true,true
(uncategorized),UPPAbaby Vista V2,Britax,Cypress S,ADAPTER,false,false
(uncategorized),UPPAbaby Vista V2,Britax,Willow S,ADAPTER,false,false
(uncategorized),UPPAbaby Vista V2,UPPAbaby,Aria V2,ADAPTER,true,true
(uncategorized),UPPAbaby Vista V2,UPPAbaby,Mesa V3,ADAPTER,true,true
(uncategorized),UPPAbaby Vista V2,Nuna,PIPA Aire,ADAPTER,false,false
(uncategorized),UPPAbaby Vista V2,Clek,Liingo,LIMITED,false,false
(uncategorized),UPPAbaby Vista V2,Clek,Liing,LIMITED,false,false
(uncategorized),UPPAbaby Vista V2,Nuna,PIPA urbn,ADAPTER,false,false
(uncategorized),UPPAbaby Vista V2,Nuna,PIPA RX,ADAPTER,false,false
(uncategorized),UPPAbaby Vista V2,Maxi-Cosi,Peri 180,ADAPTER,false,false
(uncategorized),UPPAbaby Vista V2,Maxi-Cosi,Coral XP,ADAPTER,false,false
(uncategorized),UPPAbaby Vista V2,Maxi-Cosi,Mico Luxe,ADAPTER,false,false
(uncategorized),UPPAbaby Vista V2,Nuna,PIPA Aire rx,ADAPTER,false,false
(uncategorized),UPPAbaby Vista V2,Chicco,Fit2,ADAPTER,false,false
(uncategorized),UPPAbaby Vista V2,Chicco,KeyFit 35,ADAPTER,false,false
(uncategorized),UPPAbaby Vista V2,Maxi-Cosi,Mico Pro,ADAPTER,false,false
Single-to-Double,UPPAbaby Vista V3,UPPAbaby,Aria,ADAPTER,true,true
Single-to-Double,UPPAbaby Vista V3,Chicco,Fit2,ADAPTER,false,false
Single-to-Double,UPPAbaby Vista V3,Maxi-Cosi,Mico Pro,ADAPTER,false,false
Single-to-Double,UPPAbaby Vista V3,Maxi-Cosi,Mico Luxe,ADAPTER,false,false
Single-to-Double,UPPAbaby Vista V3,Nuna,PIPA Aire,ADAPTER,false,false
Single-to-Double,UPPAbaby Vista V3,Nuna,PIPA urbn,ADAPTER,false,false
Single-to-Double,UPPAbaby Vista V3,Nuna,PIPA RX,ADAPTER,false,false
Single-to-Double,UPPAbaby Vista V3,Cybex,Aton G,ADAPTER,true,true
Single-to-Double,UPPAbaby Vista V3,Cybex,Cloud T,ADAPTER,true,true
Single-to-Double,UPPAbaby Vista V3,Chicco,KeyFit 35,ADAPTER,false,false
Single-to-Double,UPPAbaby Vista V3,Cybex,Cloud G Pro Comfort Extend,ADAPTER,true,true
Single-to-Double,UPPAbaby Vista V3,Maxi-Cosi,Ambra,ADAPTER,true,true
Single-to-Double,UPPAbaby Vista V3,UPPAbaby,Mesa Max,ADAPTER,true,true
Single-to-Double,UPPAbaby Vista V3,Clek,Liing,LIMITED,false,false
Single-to-Double,UPPAbaby Vista V3,Nuna,PIPA Aire rx,ADAPTER,false,false
Single-to-Double,UPPAbaby Vista V3,Maxi-Cosi,Peri 180,ADAPTER,false,false
Single-to-Double,UPPAbaby Vista V3,Maxi-Cosi,Coral XP,ADAPTER,false,false
Single-to-Double,UPPAbaby Vista V3,Clek,Liingo,LIMITED,false,false
Single-to-Double,UPPAbaby Vista V3,UPPAbaby,Aria V2,ADAPTER,true,true
Single-to-Double,UPPAbaby Vista V3,UPPAbaby,Mesa V3,ADAPTER,true,true
