Brand,Model,Overall,Nuna PIPA,Cybex Aton/Cloud,Maxi-Cosi Mico,Clek Liing,Britax Willow/B-Safe,Chicco KeyFit,Graco SnugRide,Peg Perego Primo Viaggio,UPPAbaby Mesa/Aria,Evenflo LiteMax,Baby Trend EZ-Lift,Orbit Baby,Joie carrier,Adapter,Source,Notes
Baby Jogger,City Mini 2,Sep.,Sep.,Sep.,Sep.,Sep.,,Sep.,Sep.,Sep.,,,,,,Baby Jogger car seat adapter (Graco; Chicco/Peg; Maxi-Cosi/Cybex/Nuna),babyjogger.com,City GO direct on some
Baby Jogger,City Mini Air,Sep.,Sep.,Sep.,Sep.,Sep.,,Sep.,Sep.,Sep.,,,,,,Baby Jogger car seat adapter (Graco; Chicco/Peg; Maxi-Cosi/Cybex/Nuna),babyjogger.com,City GO direct on some
Baby Jogger,City Mini Double,Sep.,Sep.,Sep.,Sep.,Sep.,,Sep.,Sep.,Sep.,,,,,,Baby Jogger car seat adapter (Graco; Chicco/Peg; Maxi-Cosi/Cybex/Nuna),babyjogger.com,City GO direct on some
Baby Jogger,City Mini GT2,Sep.,Sep.,Sep.,Sep.,Sep.,,Sep.,Sep.,Sep.,,,,,,Baby Jogger car seat adapter (Graco; Chicco/Peg; Maxi-Cosi/Cybex/Nuna),babyjogger.com,City GO direct on some
Baby Jogger,City Mini GT2 Double,Sep.,Sep.,Sep.,Sep.,Sep.,,Sep.,Sep.,Sep.,,,,,,Baby Jogger car seat adapter (Graco; Chicco/Peg; Maxi-Cosi/Cybex/Nuna),babyjogger.com,City GO direct on some
Baby Jogger,City Mini GT3,Sep.,Sep.,Sep.,Sep.,Sep.,,Sep.,Sep.,Sep.,,,,,,Baby Jogger car seat adapter (Graco; Chicco/Peg; Maxi-Cosi/Cybex/Nuna),babyjogger.com,City GO direct on some
Baby Jogger,City Mini GT3 All-Terrain,Sep.,Sep.,Sep.,Sep.,Sep.,,Sep.,Sep.,Sep.,,,,,,Baby Jogger car seat adapter (Graco; Chicco/Peg; Maxi-Cosi/Cybex/Nuna),babyjogger.com,City GO direct on some
Baby Jogger,City Mini GT3 Single,Sep.,Sep.,Sep.,Sep.,Sep.,,Sep.,Sep.,Sep.,,,,,,Baby Jogger car seat adapter (Graco; Chicco/Peg; Maxi-Cosi/Cybex/Nuna),babyjogger.com,City GO direct on some
Baby Jogger,City Prix Jogger,Sep.,Sep.,Sep.,Sep.,Sep.,,Sep.,Sep.,Sep.,,,,,,Baby Jogger car seat adapter (Graco; Chicco/Peg; Maxi-Cosi/Cybex/Nuna),babyjogger.com,City GO direct on some
Baby Jogger,City Prix Jogger x Bike Trailer,Review,,,,,,,,,,,,,,,—,Trailer bundle — not a clean stroller row
Baby Jogger,City Select 2,Sep.,Sep.,Sep.,Sep.,Sep.,,Sep.,Sep.,Sep.,,,,,,Baby Jogger car seat adapter (Graco; Chicco/Peg; Maxi-Cosi/Cybex/Nuna),babyjogger.com,City GO direct on some
Baby Jogger,City Sights,Sep.,Sep.,Sep.,Sep.,Sep.,,Sep.,Sep.,Sep.,,,,,,Baby Jogger car seat adapter (Graco; Chicco/Peg; Maxi-Cosi/Cybex/Nuna),babyjogger.com,City GO direct on some
Baby Jogger,City Tour 2,Sep.,Sep.,Sep.,Sep.,Sep.,,Sep.,Sep.,Sep.,,,,,,Baby Jogger car seat adapter (Graco; Chicco/Peg; Maxi-Cosi/Cybex/Nuna),babyjogger.com,City GO direct on some
Baby Jogger,City Tour 2 Double,Sep.,Sep.,Sep.,Sep.,Sep.,,Sep.,Sep.,Sep.,,,,,,Baby Jogger car seat adapter (Graco; Chicco/Peg; Maxi-Cosi/Cybex/Nuna),babyjogger.com,City GO direct on some
Baby Jogger,City Tour 2 Single,Sep.,Sep.,Sep.,Sep.,Sep.,,Sep.,Sep.,Sep.,,,,,,Baby Jogger car seat adapter (Graco; Chicco/Peg; Maxi-Cosi/Cybex/Nuna),babyjogger.com,City GO direct on some
Baby Jogger,Summit X3,Sep.,Sep.,Sep.,Sep.,Sep.,,Sep.,Sep.,Sep.,,,,,,Baby Jogger car seat adapter (Graco; Chicco/Peg; Maxi-Cosi/Cybex/Nuna),babyjogger.com,City GO direct on some
Baby Jogger,Summit X3 Double,Sep.,Sep.,Sep.,Sep.,Sep.,,Sep.,Sep.,Sep.,,,,,,Baby Jogger car seat adapter (Graco; Chicco/Peg; Maxi-Cosi/Cybex/Nuna),babyjogger.com,City GO direct on some
Baby Jogger,Summit X3 Double Jogging,Sep.,Sep.,Sep.,Sep.,Sep.,,Sep.,Sep.,Sep.,,,,,,Baby Jogger car seat adapter (Graco; Chicco/Peg; Maxi-Cosi/Cybex/Nuna),babyjogger.com,City GO direct on some
Baby Jogger,Summit X3 Single,Sep.,Sep.,Sep.,Sep.,Sep.,,Sep.,Sep.,Sep.,,,,,,Baby Jogger car seat adapter (Graco; Chicco/Peg; Maxi-Cosi/Cybex/Nuna),babyjogger.com,City GO direct on some
Baby Jogger,Summit X3 Single Jogging,Sep.,Sep.,Sep.,Sep.,Sep.,,Sep.,Sep.,Sep.,,,,,,Baby Jogger car seat adapter (Graco; Chicco/Peg; Maxi-Cosi/Cybex/Nuna),babyjogger.com,City GO direct on some
Baby Trend,Expedition 2-in-1,Direct,,,,,,,,,,,Direct,,,—,babytrend.com,EZ-Lift/Secure-Lift
Baby Trend,Expedition Zero Flat Jogger with LED Lights,Direct,,,,,,,,,,,Direct,,,—,babytrend.com,EZ-Lift/Secure-Lift
Babyzen,YOYO+,Sep.,Sep.,Sep.,Sep.,,,,,,,,,,,Babyzen / Stokke YOYO car seat adapter,stokke.com,Yoyo 3 = Babyzen YOYO
Bellini,Juno Auto-Folding,Review,,,,,,,,,,,,,,,—,Compact auto-fold — likely no infant seat; verify
Bellini,Juno Compact Auto-Folding,Review,,,,,,,,,,,,,,,—,Compact auto-fold — likely no infant seat; verify
BOB,Alterrain Pro,Sep.,Sep.,Sep.,Sep.,Sep.,Sep.,Sep.,Sep.,Sep.,,,,,,BOB infant car seat adapter (per Adapter Finder),bobgear.com,Britax/Graco/Chicco/Cybex/Nuna/Maxi-Cosi/Peg
BOB,Rambler,Review,,,,,Sep.,Sep.,Sep.,,,,,,,BOB infant car seat adapter (per Adapter Finder),bobgear.com,Older BOB — confirm current adapter
BOB,Renegade Wagon,None,,,,,,,,,,,,,,,bobgear.com,Wagon — confirm
BOB,Revolution Flex 3.0,Sep.,Sep.,Sep.,Sep.,Sep.,Sep.,Sep.,Sep.,Sep.,,,,,,BOB infant car seat adapter (per Adapter Finder),bobgear.com,Britax/Graco/Chicco/Cybex/Nuna/Maxi-Cosi/Peg
BOB,Revolution Flex 3.0 Duallie,Sep.,Sep.,Sep.,Sep.,Sep.,Sep.,Sep.,Sep.,Sep.,,,,,,BOB infant car seat adapter (per Adapter Finder),bobgear.com,Britax/Graco/Chicco/Cybex/Nuna/Maxi-Cosi/Peg
BOB,Wayfinder,Sep.,Sep.,Sep.,Sep.,Sep.,Sep.,Sep.,Sep.,Sep.,,,,,,BOB infant car seat adapter (per Adapter Finder),bobgear.com,Britax/Graco/Chicco/Cybex/Nuna/Maxi-Cosi/Peg
Britax,B-Clever,Sep.,,,,,Sep.,,,,,,,,,Britax Click & Go infant car seat adapter,us.britax.com,Willow via adapter
Britax,B-Lively,Sep.,,,,,Sep.,,,,,,,,,Britax Click & Go infant car seat adapter,us.britax.com,Willow via adapter
Britax,BOB - Wayfinder,Sep.,Sep.,Sep.,Sep.,Sep.,Sep.,Sep.,Sep.,Sep.,,,,,,BOB infant car seat adapter (per Adapter Finder),bobgear.com,Britax/Graco/Chicco/Cybex/Nuna/Maxi-Cosi/Peg
Britax,Brook+ Modular Baby,Direct,,,,,Direct,,,,,,,,,—,us.britax.com,Willow/Willow S/SC/Cypress
Britax,Grove Modular,Direct,,,,,Direct,,,,,,,,,—,us.britax.com,Willow/Willow S/SC/Cypress
Britax,Juniper On-The-Go,Review,,,,,Direct,,,,,,,,,Britax (confirm Juniper seat),us.britax.com,
Britax,Prism Modular,Direct,,,,,Direct,,,,,,,,,—,us.britax.com,Willow/Willow S/SC/Cypress
Bugaboo,Ant,None,,,,,,,,,,,,,,,bugaboo.com,No Bugaboo car seat adapter for this frame
Bugaboo,Bee 5,Sep.,Sep.,Sep.,Sep.,Sep.,,,,,,,,,,Bugaboo car seat adapter (sold separately),bugaboo.com,Bugaboo Turtle/Maxi-Cosi/Nuna/Cybex/Clek
Bugaboo,Butterfly,Sep.,Sep.,Sep.,Sep.,Sep.,,,,,,,,,,Bugaboo car seat adapter (sold separately),bugaboo.com,Bugaboo Turtle/Maxi-Cosi/Nuna/Cybex/Clek
Bugaboo,Butterfly 2,Sep.,Sep.,Sep.,Sep.,Sep.,,,,,,,,,,Bugaboo car seat adapter (sold separately),bugaboo.com,Bugaboo Turtle/Maxi-Cosi/Nuna/Cybex/Clek
Bugaboo,Butterfly 2 Complete,Sep.,Sep.,Sep.,Sep.,Sep.,,,,,,,,,,Bugaboo car seat adapter (sold separately),bugaboo.com,Bugaboo Turtle/Maxi-Cosi/Nuna/Cybex/Clek
Bugaboo,Butterfly Complete,Sep.,Sep.,Sep.,Sep.,Sep.,,,,,,,,,,Bugaboo car seat adapter (sold separately),bugaboo.com,Bugaboo Turtle/Maxi-Cosi/Nuna/Cybex/Clek
Bugaboo,Donkey 3,Sep.,Sep.,Sep.,Sep.,Sep.,,,,,,,,,,Bugaboo car seat adapter (sold separately),bugaboo.com,Bugaboo Turtle/Maxi-Cosi/Nuna/Cybex/Clek
Bugaboo,Donkey 5 Mono Single-to-Double,Sep.,Sep.,Sep.,Sep.,Sep.,,,,,,,,,,Bugaboo car seat adapter (sold separately),bugaboo.com,Bugaboo Turtle/Maxi-Cosi/Nuna/Cybex/Clek
Bugaboo,Donkey 6,Sep.,Sep.,Sep.,Sep.,Sep.,,,,,,,,,,Bugaboo car seat adapter (sold separately),bugaboo.com,Bugaboo Turtle/Maxi-Cosi/Nuna/Cybex/Clek
Bugaboo,Dragonfly,Incl.,Incl.,Incl.,Incl.,Incl.,,,,,,,,,,Bugaboo car seat adapter (included),bugaboo.com,Bugaboo Turtle/Maxi-Cosi/Nuna/Cybex/Clek
Bugaboo,Fox 2,Sep.,Sep.,Sep.,Sep.,Sep.,,,,,,,,,,Bugaboo car seat adapter (sold separately),bugaboo.com,Bugaboo Turtle/Maxi-Cosi/Nuna/Cybex/Clek
Bugaboo,Fox 5,Incl.,Incl.,Incl.,Incl.,Incl.,,,,,,,,,,Bugaboo car seat adapter (included),bugaboo.com,Bugaboo Turtle/Maxi-Cosi/Nuna/Cybex/Clek
Bugaboo,Kangaroo,None,,,,,,,,,,,,,,,bugaboo.com,No Bugaboo car seat adapter for this frame
Bumbleride,Era,Sep.,Sep.,Sep.,Sep.,Sep.,,Sep.,Sep.,,,,,,,Bumbleride car seat adapter (Indie/Speed/Era/Indie Twin),bumbleride.com,Indie Twin uses its own adapter
Bumbleride,Indie,Sep.,Sep.,Sep.,Sep.,Sep.,,Sep.,Sep.,,,,,,,Bumbleride car seat adapter (Indie/Speed/Era/Indie Twin),bumbleride.com,Indie Twin uses its own adapter
Bumbleride,Indie Twin,Sep.,Sep.,Sep.,Sep.,Sep.,,Sep.,Sep.,,,,,,,Bumbleride car seat adapter (Indie/Speed/Era/Indie Twin),bumbleride.com,Indie Twin uses its own adapter
Bumbleride,Indie Twin Double,Sep.,Sep.,Sep.,Sep.,Sep.,,Sep.,Sep.,,,,,,,Bumbleride car seat adapter (Indie/Speed/Era/Indie Twin),bumbleride.com,Indie Twin uses its own adapter
Bumbleride,Indie Twin Double Jogging,Sep.,Sep.,Sep.,Sep.,Sep.,,Sep.,Sep.,,,,,,,Bumbleride car seat adapter (Indie/Speed/Era/Indie Twin),bumbleride.com,Indie Twin uses its own adapter
Bumbleride,Speed,Sep.,Sep.,Sep.,Sep.,Sep.,,Sep.,Sep.,,,,,,,Bumbleride car seat adapter (Indie/Speed/Era/Indie Twin),bumbleride.com,Indie Twin uses its own adapter
Chicco,BravoFor2 Standing/Sitting Double,Direct,,,,,,Direct,,,,,,,,—,chiccousa.com,KeyFit/Fit2 click on; no adapter
Chicco,Bravo LE ClearTex Quick-Fold,Direct,,,,,,Direct,,,,,,,,—,chiccousa.com,KeyFit/Fit2 click on; no adapter
Chicco,Bravo Quick-Fold,Direct,,,,,,Direct,,,,,,,,—,chiccousa.com,KeyFit/Fit2 click on; no adapter
Chicco,Corso Flex Convertible,Direct,,,,,,Direct,,,,,,,,—,chiccousa.com,KeyFit/Fit2 click on; no adapter
Chicco,Corso Primo Modular,Direct,,,,,,Direct,,,,,,,,—,chiccousa.com,KeyFit/Fit2 click on; no adapter
Chicco,Cortina Together Double,Direct,,,,,,Direct,,,,,,,,—,chiccousa.com,KeyFit/Fit2 click on; no adapter
Chicco,Presto Self-Folding,Direct,,,,,,Direct,,,,,,,,—,chiccousa.com,KeyFit/Fit2 click on; no adapter
Chicco,TRE,Direct,,,,,,Direct,,,,,,,,—,chiccousa.com,KeyFit/Fit2 click on; no adapter
Chicco,TRE Jogging,Direct,,,,,,Direct,,,,,,,,—,chiccousa.com,KeyFit/Fit2 click on; no adapter
Cybex,e-Gazelle S,Sep.,Sep.,Sep.,Sep.,,,,,,,,,,,Cybex Gazelle S Car Seat Adapter,cybex-online.com,Cybex + Maxi-Cosi Mico 30 + Nuna PIPA
Cybex,LIBELLE Ultra Travel,Sep.,,Sep.,,,,,,,,,,,,Cybex model-specific adapter (Aton/Cloud),cybex-online.com,Cybex Aton/Cloud ONLY — Nuna/Maxi-Cosi not supported
CYBEX,Balios S Lux,Sep.,,Sep.,,,,,,,,,,,,Cybex model-specific adapter (Aton/Cloud),cybex-online.com,Cybex Aton/Cloud ONLY — Nuna/Maxi-Cosi not supported
CYBEX,Beezy,Sep.,,Sep.,,,,,,,,,,,,Cybex model-specific adapter (Aton/Cloud),cybex-online.com,Cybex Aton/Cloud ONLY — Nuna/Maxi-Cosi not supported
CYBEX,Coya,Sep.,,Sep.,,,,,,,,,,,,Cybex model-specific adapter (Aton/Cloud),cybex-online.com,Cybex Aton/Cloud ONLY — Nuna/Maxi-Cosi not supported
CYBEX,Eezy S Twist,Sep.,,Sep.,,,,,,,,,,,,Cybex model-specific adapter (Aton/Cloud),cybex-online.com,Cybex Aton/Cloud ONLY — Nuna/Maxi-Cosi not supported
CYBEX,Eos,Sep.,,Sep.,,,,,,,,,,,,Cybex model-specific adapter (Aton/Cloud),cybex-online.com,Cybex Aton/Cloud ONLY — Nuna/Maxi-Cosi not supported
CYBEX,Gazelle S,Sep.,Sep.,Sep.,Sep.,,,,,,,,,,,Cybex Gazelle S Car Seat Adapter,cybex-online.com,Cybex + Maxi-Cosi Mico 30 + Nuna PIPA
CYBEX,Melio,Sep.,,Sep.,,,,,,,,,,,,Cybex model-specific adapter (Aton/Cloud),cybex-online.com,Cybex Aton/Cloud ONLY — Nuna/Maxi-Cosi not supported
CYBEX,Mios,Incl.,Sep.,Incl.,Sep.,,,,,,,,,,,Cybex adapter (incl. for Cybex; Maxi-Cosi/Nuna compatible),cybex-online.com,
CYBEX,Priam,Incl.,Sep.,Incl.,Sep.,,,,,,,,,,,Cybex adapter (incl. for Cybex; Maxi-Cosi/Nuna compatible),cybex-online.com,
Delta,Children - Baby Gap 2-In-1 Carriage,None,,,,,,,,,,,,,,,deltachildren.com,Umbrella/lightweight — no infant seat
Delta,Children - BabyGap Classic,None,,,,,,,,,,,,,,,deltachildren.com,Umbrella/lightweight — no infant seat
Delta,Children - BabyGap Classic Side-by-Side Double,None,,,,,,,,,,,,,,,deltachildren.com,Umbrella/lightweight — no infant seat
Delta,Gap Classic Umbrella,None,,,,,,,,,,,,,,,deltachildren.com,Umbrella/lightweight — no infant seat
Delta,Jeep Adventureglyde,Sep.,,,,,,Sep.,,,,,,,,Delta Jeep Chicco KeyFit 30 adapter,deltachildren.com,Jeep jogger takes Chicco KeyFit 30 via Delta adapter
Delta Children,Icon Ultra Everyday & Travel,Review,,,,,,,,,,,,,,,—,Confirm infant-seat support
Delta Children,Jeep Aries,None,,,,,,,,,,,,,,,deltachildren.com,Lightweight/4-seat Jeep — no infant seat
Delta Children,Jeep Sport,Sep.,,,,,,Sep.,,,,,,,,Delta Jeep Chicco KeyFit 30 adapter,deltachildren.com,Jeep jogger takes Chicco KeyFit 30 via Delta adapter
Delta Children,Jeep Sport All-Terrain,Sep.,,,,,,Sep.,,,,,,,,Delta Jeep Chicco KeyFit 30 adapter,deltachildren.com,Jeep jogger takes Chicco KeyFit 30 via Delta adapter
Delta Children,Jeep Wrangler Deluxe 4 Seater,None,,,,,,,,,,,,,,,deltachildren.com,Lightweight/4-seat Jeep — no infant seat
DFY,R1,Review,,,,,,,,,,,,,,,—,Niche — no manufacturer list found
Doona,Liki Trike S3,Excluded,,,,,,,,,,,,,,,—,Doona excluded per task rules
Egg,Egg,Review,,Sep.,Sep.,,,,,,,,,,,Egg car seat adapter — verify,—,UK brand; confirm model + US seats
Ergobaby,Metro 3,Sep.,Sep.,Sep.,Sep.,,Sep.,,,,,,,,,Ergobaby Metro+/Metro 3 car seat adapter,ergobaby.com,Cybex/Nuna/Maxi-Cosi/BeSafe/Britax
Ergobaby,Metro 3 Compact,Sep.,Sep.,Sep.,Sep.,,Sep.,,,,,,,,,Ergobaby Metro+/Metro 3 car seat adapter,ergobaby.com,Cybex/Nuna/Maxi-Cosi/BeSafe/Britax
Ergobaby,Metro 3 Deluxe Baby,Sep.,Sep.,Sep.,Sep.,,Sep.,,,,,,,,,Ergobaby Metro+/Metro 3 car seat adapter,ergobaby.com,Cybex/Nuna/Maxi-Cosi/BeSafe/Britax
Ergobaby,Metro 3 Travel,Sep.,Sep.,Sep.,Sep.,,Sep.,,,,,,,,,Ergobaby Metro+/Metro 3 car seat adapter,ergobaby.com,Cybex/Nuna/Maxi-Cosi/BeSafe/Britax
Ergobaby,Metro+ Deluxe,Sep.,Sep.,Sep.,Sep.,,Sep.,,,,,,,,,Ergobaby Metro+/Metro 3 car seat adapter,ergobaby.com,Cybex/Nuna/Maxi-Cosi/BeSafe/Britax
Ergobaby,Metro+ Deluxe Baby,Sep.,Sep.,Sep.,Sep.,,Sep.,,,,,,,,,Ergobaby Metro+/Metro 3 car seat adapter,ergobaby.com,Cybex/Nuna/Maxi-Cosi/BeSafe/Britax
Evenflo,Hummingbird Carbon Fiber,None,,,,,,,,,,,,,,,evenflo.com,Ultra-compact — no car seat adapter
Evenflo,Hummingbird Carbon Fiber Lightweight,None,,,,,,,,,,,,,,,evenflo.com,Ultra-compact — no car seat adapter
Evenflo,Pivot Xpand Modular,Direct,,,,,,,,,,Direct,,,,—,evenflo.com,LiteMax/SecureMax click on
Evenflo,Pivot Xpand NXT,Direct,,,,,,,,,,Direct,,,,—,evenflo.com,LiteMax/SecureMax click on
Evenflo,Pivot Xplore,Sep.,,,,,,,,,,Sep.,,,,Evenflo Pivot Xplore Infant Car Seat Adapter,evenflo.com,LiteMax/SafeMax/SecureMax
Evenflo,Pivot Xplore All-Terrain,Sep.,,,,,,,,,,Sep.,,,,Evenflo Pivot Xplore Infant Car Seat Adapter,evenflo.com,LiteMax/SafeMax/SecureMax
Evenflo,Shyft Intuiti+,Direct,,,,,,,,,,Direct,,,,—,evenflo.com,LiteMax/SecureMax click on
Graco,FastAction Jogger LX,Direct,,,,,,,Direct,,,,,,,—,gracobaby.com,SnugRide Click Connect only
Graco,Merge,Direct,,,,,,,Direct,,,,,,,—,gracobaby.com,SnugRide Click Connect only
Graco,Modes Nest,Direct,,,,,,,Direct,,,,,,,—,gracobaby.com,SnugRide Click Connect only
Graco,Modes Nest2Grow,Direct,,,,,,,Direct,,,,,,,—,gracobaby.com,SnugRide Click Connect only
Graco,Modes Pramette,Direct,,,,,,,Direct,,,,,,,—,gracobaby.com,SnugRide Click Connect only
Graco,Outpace LX,Direct,,,,,,,Direct,,,,,,,—,gracobaby.com,SnugRide Click Connect only
Graco,Ready2Grow 2.0 Double,Direct,,,,,,,Direct,,,,,,,—,gracobaby.com,SnugRide Click Connect only
Graco,Ready2Grow LX 2.0 Double,Direct,,,,,,,Direct,,,,,,,—,gracobaby.com,SnugRide Click Connect only
Graco,Ready2Jet,Direct,,,,,,,Direct,,,,,,,—,gracobaby.com,SnugRide Click Connect only
Graco,Ready2Jet Compact,Direct,,,,,,,Direct,,,,,,,—,gracobaby.com,SnugRide Click Connect only
Guava Family,Roam,Sep.,Sep.,Sep.,,,Sep.,Sep.,Sep.,,Sep.,,,,,Guava Roam car seat adapter,guavafamily.com,Smooth terrain only with car seat
Guava Family,Roam Jogging,Sep.,Sep.,Sep.,,,Sep.,Sep.,Sep.,,Sep.,,,,,Guava Roam car seat adapter,guavafamily.com,Smooth terrain only with car seat
Ingenuity,3DSuite Modular,Review,,,,,,,,,,,,,,,—,Confirm InRight/own-seat click
Inglesina,Quid³,Sep.,Sep.,Sep.,Sep.,Sep.,,,,,,,,,,Inglesina Quid³ car seat adapter,inglesina.us,
Joie,Caraway Whirl,Incl.,,,,,,,,,,,,,Incl.,Joie car seat adapter (included),joiebaby.com,Joie gemm/i-Gemm/i-Snug; confirm US carrier
Joie,Chive,Incl.,,,,,,,,,,,,,Incl.,Joie car seat adapter (included),joiebaby.com,Joie gemm/i-Gemm/i-Snug; confirm US carrier
Joie,Chive Single to Double,Incl.,,,,,,,,,,,,,Incl.,Joie car seat adapter (included),joiebaby.com,Joie gemm/i-Gemm/i-Snug; confirm US carrier
Joie,Ginger,Incl.,,,,,,,,,,,,,Incl.,Joie car seat adapter (included),joiebaby.com,Joie gemm/i-Gemm/i-Snug; confirm US carrier
Joie,Ginger DLX,Incl.,,,,,,,,,,,,,Incl.,Joie car seat adapter (included),joiebaby.com,Joie gemm/i-Gemm/i-Snug; confirm US carrier
Joie,Hazel,Incl.,,,,,,,,,,,,,Incl.,Joie car seat adapter (included),joiebaby.com,Joie gemm/i-Gemm/i-Snug; confirm US carrier
Joie,Kava,Incl.,,,,,,,,,,,,,Incl.,Joie car seat adapter (included),joiebaby.com,Joie gemm/i-Gemm/i-Snug; confirm US carrier
Joie,Nutmeg,Incl.,,,,,,,,,,,,,Incl.,Joie car seat adapter (included),joiebaby.com,Joie gemm/i-Gemm/i-Snug; confirm US carrier
Joie,Poppy Whirl,Incl.,,,,,,,,,,,,,Incl.,Joie car seat adapter (included),joiebaby.com,Joie gemm/i-Gemm/i-Snug; confirm US carrier
Joie,Rosemary,Incl.,,,,,,,,,,,,,Incl.,Joie car seat adapter (included),joiebaby.com,Joie gemm/i-Gemm/i-Snug; confirm US carrier
Joie,Rosemary Double,Incl.,,,,,,,,,,,,,Incl.,Joie car seat adapter (included),joiebaby.com,Joie gemm/i-Gemm/i-Snug; confirm US carrier
Joie,Tansy,Incl.,,,,,,,,,,,,,Incl.,Joie car seat adapter (included),joiebaby.com,Joie gemm/i-Gemm/i-Snug; confirm US carrier
Joolz,Aer+,Sep.,Sep.,Sep.,Sep.,Sep.,Sep.,,,,,,,,,Joolz car seat adapter (Hub/Geo/Day/Aer),joolz.com,Maxi-Cosi/Cybex/Nuna/BeSafe/Britax
Joolz,Aer2,Sep.,Sep.,Sep.,Sep.,Sep.,Sep.,,,,,,,,,Joolz car seat adapter (Hub/Geo/Day/Aer),joolz.com,Maxi-Cosi/Cybex/Nuna/BeSafe/Britax
Joolz,Day,Sep.,Sep.,Sep.,Sep.,Sep.,Sep.,,,,,,,,,Joolz car seat adapter (Hub/Geo/Day/Aer),joolz.com,Maxi-Cosi/Cybex/Nuna/BeSafe/Britax
Joolz,Day+,Sep.,Sep.,Sep.,Sep.,Sep.,Sep.,,,,,,,,,Joolz car seat adapter (Hub/Geo/Day/Aer),joolz.com,Maxi-Cosi/Cybex/Nuna/BeSafe/Britax
Joolz,Day+ Complete,Sep.,Sep.,Sep.,Sep.,Sep.,Sep.,,,,,,,,,Joolz car seat adapter (Hub/Geo/Day/Aer),joolz.com,Maxi-Cosi/Cybex/Nuna/BeSafe/Britax
Joolz,Dot Ultra Travel,Sep.,Sep.,Sep.,Sep.,Sep.,Sep.,,,,,,,,,Joolz car seat adapter (Hub/Geo/Day/Aer),joolz.com,Maxi-Cosi/Cybex/Nuna/BeSafe/Britax
Joolz,Geo,Sep.,Sep.,Sep.,Sep.,Sep.,Sep.,,,,,,,,,Joolz car seat adapter (Hub/Geo/Day/Aer),joolz.com,Maxi-Cosi/Cybex/Nuna/BeSafe/Britax
Joolz,Hub,Sep.,Sep.,Sep.,Sep.,Sep.,Sep.,,,,,,,,,Joolz car seat adapter (Hub/Geo/Day/Aer),joolz.com,Maxi-Cosi/Cybex/Nuna/BeSafe/Britax
Joolz,Hub 2,Sep.,Sep.,Sep.,Sep.,Sep.,Sep.,,,,,,,,,Joolz car seat adapter (Hub/Geo/Day/Aer),joolz.com,Maxi-Cosi/Cybex/Nuna/BeSafe/Britax
Joovy,Caboose S,Sep.,Sep.,Sep.,Sep.,Sep.,Sep.,Sep.,Sep.,Sep.,,,,,,Joovy Caboose/Qool/Twin Roo+ adapter,joovy.com,
Joovy,Caboose Ultralight Graphite,Sep.,Sep.,Sep.,Sep.,Sep.,Sep.,Sep.,Sep.,Sep.,,,,,,Joovy Caboose/Qool/Twin Roo+ adapter,joovy.com,
Joovy,Qool,Sep.,Sep.,Sep.,Sep.,Sep.,Sep.,Sep.,Sep.,Sep.,,,,,,Joovy Caboose/Qool/Twin Roo+ adapter,joovy.com,
Joovy,Twin Roo+,Sep.,Sep.,Sep.,Sep.,Sep.,Sep.,Sep.,Sep.,Sep.,,,,,,Joovy Caboose/Qool/Twin Roo+ adapter,joovy.com,
Larktale,Caravan Coupe Quad,Sep.,Sep.,,Sep.,Sep.,,Sep.,,,,,,,,Larktale Caravan car seat adapter (Maxi-Cosi/Nuna/Clek; Chicco),larktale.com,Not Britax Willow/Cypress
Larktale,Caravan Coupe V2,Sep.,Sep.,,Sep.,Sep.,,Sep.,,,,,,,,Larktale Caravan car seat adapter (Maxi-Cosi/Nuna/Clek; Chicco),larktale.com,Not Britax Willow/Cypress
Larktale,Caravan Quad,Sep.,Sep.,,Sep.,Sep.,,Sep.,,,,,,,,Larktale Caravan car seat adapter (Maxi-Cosi/Nuna/Clek; Chicco),larktale.com,Not Britax Willow/Cypress
Maxi-Cosi,Fame Modular,Incl.,,,Incl.,,,,,,,,,,,Maxi-Cosi adapter (included),maxi-cosi.com,All Maxi-Cosi Mico seats
Maxi-Cosi,Lila,Sep.,,,Sep.,,,,,,,,,,,Maxi-Cosi Lila/Tayla adapter,maxi-cosi.com,
Maxi-Cosi,Oxford Cabin Travel,Incl.,,,Incl.,,,,,,,,,,,Maxi-Cosi adapter (included),maxi-cosi.com,All Maxi-Cosi Mico seats
Maxi-Cosi,Tayla,Incl.,,,Incl.,,,,,,,,,,,Maxi-Cosi adapter (included),maxi-cosi.com,All Maxi-Cosi Mico seats
Maxi-Cosi,Tayla Max Modular,Incl.,,,Incl.,,,,,,,,,,,Maxi-Cosi adapter (included),maxi-cosi.com,All Maxi-Cosi Mico seats
Mercedes,Amg Gt² Single,Review,,,Sep.,,,,,,,,,,,Hartan/Mercedes adapter (Maxi-Cosi) — verify,—,Hartan-made; confirm exact seats
Mercedes,Performance Single,Review,,,Sep.,,,,,,,,,,,Hartan/Mercedes adapter (Maxi-Cosi) — verify,—,Hartan-made; confirm exact seats
Mima,Creo,Sep.,Sep.,Sep.,Sep.,Sep.,,,,,,,,,,Mima Xari/Zigi/Creo car seat adapter,mimakidsusa.com,
Mima,Miro,Review,Sep.,Sep.,Sep.,Sep.,,,,,,,,,,Mima Xari/Zigi/Creo car seat adapter,mimakidsusa.com,Miro: confirm adapter
Mima,Xari,Sep.,Sep.,Sep.,Sep.,Sep.,,,,,,,,,,Mima Xari/Zigi/Creo car seat adapter,mimakidsusa.com,
Mima,Xari Sport,Sep.,Sep.,Sep.,Sep.,Sep.,,,,,,,,,,Mima Xari/Zigi/Creo car seat adapter,mimakidsusa.com,
Mima,Zigi,Sep.,Sep.,Sep.,Sep.,Sep.,,,,,,,,,,Mima Xari/Zigi/Creo car seat adapter,mimakidsusa.com,
Mockingbird,Single,Sep.,Sep.,Sep.,Sep.,Sep.,Sep.,Sep.,Sep.,,Sep.,,,,,Mockingbird car seat adapter (40+ seats),hellomockingbird.com,Mesa Max/Aria not in double
Mockingbird,Single 3.0,Sep.,Sep.,Sep.,Sep.,Sep.,Sep.,Sep.,Sep.,,Sep.,,,,,Mockingbird car seat adapter (40+ seats),hellomockingbird.com,Mesa Max/Aria not in double
Mockingbird,Single-to-Double,Sep.,Sep.,Sep.,Sep.,Sep.,Sep.,Sep.,Sep.,,Sep.,,,,,Mockingbird car seat adapter (40+ seats),hellomockingbird.com,Mesa Max/Aria not in double
Mockingbird,Single-to-Double 3.0,Sep.,Sep.,Sep.,Sep.,Sep.,Sep.,Sep.,Sep.,,Sep.,,,,,Mockingbird car seat adapter (40+ seats),hellomockingbird.com,Mesa Max/Aria not in double
Momcozy,ChangeGo Baby,Excluded,,,,,,,,,,,,,,,—,Not a stroller (changing station)
Momcozy,Clickgo,Review,,,,,,,,,,,,,,,—,Compact — confirm own seat vs none
Momcozy,ClickGo Lightweight,Review,,,,,,,,,,,,,,,—,Compact — confirm own seat vs none
Mompush,Lithe Double,None,,,,,,,,,,,,,,,mompush.com,Integrated seat — cannot use car seat
Mompush,Lithe V2,None,,,,,,,,,,,,,,,mompush.com,Integrated seat — cannot use car seat
Mompush,Meteor 2,Incl.,Incl.,Incl.,Incl.,,,,,,,,,,,Mompush car seat adapter (included),mompush.com,
Mompush,Ultimate 2 Seat,Incl.,Incl.,Incl.,Incl.,,,,,,,,,,,Mompush car seat adapter (included),mompush.com,
Mompush,Velo Travel,Sep.,Sep.,Sep.,Sep.,,,,,,,,,,,Mompush Velo car seat adapter,mompush.com,
Mompush,Wiz,Sep.,Sep.,Sep.,Sep.,,,Sep.,,,,,,,,Mompush Wiz car seat adapter (+ separate Chicco),mompush.com,
Nuna,BMW x SWIV,Incl.,Incl.,,,,,,,,,,,,,Nuna ring adapter (included),nunababy.com,Closed ecosystem — Nuna PIPA only
Nuna,DEMI icon,Incl.,Incl.,,,,,,,,,,,,,Nuna ring adapter (included),nunababy.com,Closed ecosystem — Nuna PIPA only
Nuna,DEMI next,Incl.,Incl.,,,,,,,,,,,,,Nuna ring adapter (included),nunababy.com,Closed ecosystem — Nuna PIPA only
Nuna,MIXX next,Incl.,Incl.,,,,,,,,,,,,,Nuna ring adapter (included),nunababy.com,Closed ecosystem — Nuna PIPA only
Nuna,Mixx Next Bmw,Incl.,Incl.,,,,,,,,,,,,,Nuna ring adapter (included),nunababy.com,Closed ecosystem — Nuna PIPA only
Nuna,Mixx Next With Magnetic Buckle,Incl.,Incl.,,,,,,,,,,,,,Nuna ring adapter (included),nunababy.com,Closed ecosystem — Nuna PIPA only
Nuna,SWIV,Incl.,Incl.,,,,,,,,,,,,,Nuna ring adapter (included),nunababy.com,Closed ecosystem — Nuna PIPA only
Nuna,TAVO next,Incl.,Incl.,,,,,,,,,,,,,Nuna ring adapter (included),nunababy.com,Closed ecosystem — Nuna PIPA only
Nuna,Tavo Next Granite,Incl.,Incl.,,,,,,,,,,,,,Nuna ring adapter (included),nunababy.com,Closed ecosystem — Nuna PIPA only
Nuna,TRIV LX,Incl.,Incl.,,,,,,,,,,,,,Nuna ring adapter (included),nunababy.com,Closed ecosystem — Nuna PIPA only
Nuna,TRIV next,Incl.,Incl.,,,,,,,,,,,,,Nuna ring adapter (included),nunababy.com,Closed ecosystem — Nuna PIPA only
Nuna,Triv Next Bmw,Incl.,Incl.,,,,,,,,,,,,,Nuna ring adapter (included),nunababy.com,Closed ecosystem — Nuna PIPA only
Nuna,Triv Next With Magnetic Buckle Caviar/Chocolate,Incl.,Incl.,,,,,,,,,,,,,Nuna ring adapter (included),nunababy.com,Closed ecosystem — Nuna PIPA only
Nuna,Triv Next W Magnetic Buckle,Incl.,Incl.,,,,,,,,,,,,,Nuna ring adapter (included),nunababy.com,Closed ecosystem — Nuna PIPA only
Nuna,Trvl Double,Incl.,Incl.,,,,,,,,,,,,,Nuna ring adapter (included),nunababy.com,Closed ecosystem — Nuna PIPA only
Nuna,TRVL Dubl,Incl.,Incl.,,,,,,,,,,,,,Nuna ring adapter (included),nunababy.com,Closed ecosystem — Nuna PIPA only
Nuna,TRVL Easy Fold Compact,Incl.,Incl.,,,,,,,,,,,,,Nuna ring adapter (included),nunababy.com,Closed ecosystem — Nuna PIPA only
Nuna,TRVL lx,Incl.,Incl.,,,,,,,,,,,,,Nuna ring adapter (included),nunababy.com,Closed ecosystem — Nuna PIPA only
Nuna,VIAA Cabn,Incl.,Incl.,,,,,,,,,,,,,Nuna ring adapter (included),nunababy.com,Closed ecosystem — Nuna PIPA only
Nuna,x BMW MIXX next,Incl.,Incl.,,,,,,,,,,,,,Nuna ring adapter (included),nunababy.com,Closed ecosystem — Nuna PIPA only
Nuna,x BMW TRIV next,Incl.,Incl.,,,,,,,,,,,,,Nuna ring adapter (included),nunababy.com,Closed ecosystem — Nuna PIPA only
Nuna,x BMW TRVL lx,Incl.,Incl.,,,,,,,,,,,,,Nuna ring adapter (included),nunababy.com,Closed ecosystem — Nuna PIPA only
Orbit Baby,G5,Direct + Sep.,Sep.,Sep.,Sep.,,,,,,,,,Direct,,Orbit Baby Infant Car Seat Stroller Adapter,orbitbaby.com,X5: confirm same as G5
Orbit Baby,M+,Direct + Sep.,Sep.,Sep.,Sep.,,,,,,,,,Direct,,Orbit Baby Infant Car Seat Stroller Adapter,orbitbaby.com,X5: confirm same as G5
Orbit Baby,X5,Direct + Sep.,Sep.,Sep.,Sep.,,,,,,,,,Direct,,Orbit Baby Infant Car Seat Stroller Adapter,orbitbaby.com,X5: confirm same as G5
Peg Perego,City Loop,Direct + Sep.,Sep.,Sep.,Sep.,Sep.,,Sep.,Sep.,Direct,,,,,,Primo Viaggio Links (direct); Foldable Car Seat Adapter (other brands),us.pegperego.com,
Peg Perego,Selfie,Review,,,,,,,,Direct,,,,,,Primo Viaggio Links,us.pegperego.com,Carry-on/compact — confirm Links support
Peg Perego,Vivace,Direct,,,,,,,,Direct,,,,,,Peg Perego Primo Viaggio Links,us.pegperego.com,Primo Viaggio 4-35
Peg Perego,Vivace Single,Direct,,,,,,,,Direct,,,,,,Peg Perego Primo Viaggio Links,us.pegperego.com,Primo Viaggio 4-35
Peg Perego,Volo,Review,,,,,,,,Direct,,,,,,Primo Viaggio Links,us.pegperego.com,Carry-on/compact — confirm Links support
Peg Perego,Volo Ultra Carry On Compliant Travel,Review,,,,,,,,Direct,,,,,,Primo Viaggio Links,us.pegperego.com,Carry-on/compact — confirm Links support
Peg Perego,Volo Ultra Carry On Compliant Travel Strolle,Review,,,,,,,,Direct,,,,,,Primo Viaggio Links,us.pegperego.com,Carry-on/compact — confirm Links support
Peg Perego,YPSI,Direct,,,,,,,,Direct,,,,,,Peg Perego Primo Viaggio Links,us.pegperego.com,Primo Viaggio 4-35
Peg Perego,Z4,Direct,,,,,,,,Direct,,,,,,Peg Perego Primo Viaggio Links,us.pegperego.com,Primo Viaggio 4-35
Radio Flyer,Voya XT Baby,None,,,,,,,,,,,,,,,radioflyer.com,Stroller-wagon — confirm
Romer,Tura,Review,,,,,Direct,,,,,,,,,Britax-Römer Click & Go — verify,—,Confirm US Baby-Safe seat
Safety 1st,Disney Baby Character Umbrella,None,,,,,,,,,,,,,,,safety1st.com,Umbrella/wagon — no infant car seat
Safety 1st,Easy-Fold,None,,,,,,,,,,,,,,,safety1st.com,Umbrella/wagon — no infant car seat
Safety 1st,Easy-Fold Compact,None,,,,,,,,,,,,,,,safety1st.com,Umbrella/wagon — no infant car seat
Safety 1st,Summit Quad Wagon,None,,,,,,,,,,,,,,,safety1st.com,Umbrella/wagon — no infant car seat
Silver Cross,Breez,Sep.,Sep.,Sep.,Sep.,Sep.,,,,,,,,,,Silver Cross car seat adapter (model-specific),silvercrossus.com,Nuna/Cybex/Maxi-Cosi/Clek
Silver Cross,Clic,Sep.,Sep.,Sep.,Sep.,Sep.,,,,,,,,,,Silver Cross car seat adapter (model-specific),silvercrossus.com,Nuna/Cybex/Maxi-Cosi/Clek
Silver Cross,Clic Compact,Sep.,Sep.,Sep.,Sep.,Sep.,,,,,,,,,,Silver Cross car seat adapter (model-specific),silvercrossus.com,Nuna/Cybex/Maxi-Cosi/Clek
Silver Cross,Comet,Sep.,Sep.,Sep.,Sep.,Sep.,,,,,,,,,,Silver Cross car seat adapter (model-specific),silvercrossus.com,Nuna/Cybex/Maxi-Cosi/Clek
Silver Cross,Cove 2,Sep.,Sep.,Sep.,Sep.,Sep.,,,,,,,,,,Silver Cross car seat adapter (model-specific),silvercrossus.com,Nuna/Cybex/Maxi-Cosi/Clek
Silver Cross,Dune,Sep.,Sep.,Sep.,Sep.,Sep.,,,,,,,,,,Silver Cross car seat adapter (model-specific),silvercrossus.com,Nuna/Cybex/Maxi-Cosi/Clek
Silver Cross,Dune 2,Sep.,Sep.,Sep.,Sep.,Sep.,,,,,,,,,,Silver Cross car seat adapter (model-specific),silvercrossus.com,Nuna/Cybex/Maxi-Cosi/Clek
Silver Cross,Jet 5,Sep.,Sep.,Sep.,Sep.,Sep.,,,,,,,,,,Silver Cross car seat adapter (model-specific),silvercrossus.com,Nuna/Cybex/Maxi-Cosi/Clek
Silver Cross,Jet Double,Sep.,Sep.,Sep.,Sep.,Sep.,,,,,,,,,,Silver Cross car seat adapter (model-specific),silvercrossus.com,Nuna/Cybex/Maxi-Cosi/Clek
Silver Cross,Nia Travel,Sep.,Sep.,Sep.,Sep.,Sep.,,,,,,,,,,Silver Cross car seat adapter (model-specific),silvercrossus.com,Nuna/Cybex/Maxi-Cosi/Clek
Silver Cross,Reef,Sep.,Sep.,Sep.,Sep.,Sep.,,,,,,,,,,Silver Cross car seat adapter (model-specific),silvercrossus.com,Nuna/Cybex/Maxi-Cosi/Clek
Silver Cross,Reef 2,Sep.,Sep.,Sep.,Sep.,Sep.,,,,,,,,,,Silver Cross car seat adapter (model-specific),silvercrossus.com,Nuna/Cybex/Maxi-Cosi/Clek
Silver Cross,Wave,Sep.,Sep.,Sep.,Sep.,Sep.,,,,,,,,,,Silver Cross car seat adapter (model-specific),silvercrossus.com,Nuna/Cybex/Maxi-Cosi/Clek
Silver Cross,Wave 3,Sep.,Sep.,Sep.,Sep.,Sep.,,,,,,,,,,Silver Cross car seat adapter (model-specific),silvercrossus.com,Nuna/Cybex/Maxi-Cosi/Clek
Silver Cross,Wave 3 Single to Double,Sep.,Sep.,Sep.,Sep.,Sep.,,,,,,,,,,Silver Cross car seat adapter (model-specific),silvercrossus.com,Nuna/Cybex/Maxi-Cosi/Clek
Stokke,Yoyo 3,Sep.,Sep.,Sep.,Sep.,,,,,,,,,,,Babyzen / Stokke YOYO car seat adapter,stokke.com,Yoyo 3 = Babyzen YOYO
Thule,Chariot Cross 2 Double,None,,,,,,,,,,,,,,Thule Chariot infant sling (not a car seat),thule.com,"Uses Thule infant SLING, not a standard infant car seat"
Thule,Chariot Cross 2 Single,None,,,,,,,,,,,,,,Thule Chariot infant sling (not a car seat),thule.com,"Uses Thule infant SLING, not a standard infant car seat"
Thule,Chariot Sport 2 Double,None,,,,,,,,,,,,,,Thule Chariot infant sling (not a car seat),thule.com,"Uses Thule infant SLING, not a standard infant car seat"
Thule,Chariot Sport 2 Single,None,,,,,,,,,,,,,,Thule Chariot infant sling (not a car seat),thule.com,"Uses Thule infant SLING, not a standard infant car seat"
Thule,Glide 2,Sep.,Sep.,Sep.,Sep.,Sep.,,Sep.,,,,,,,,Thule Urban Glide / Spring / Sleek car seat adapter,thule.com,UG2 vs UG3 adapters not interchangeable
Thule,Sleek,Sep.,Sep.,Sep.,Sep.,Sep.,,Sep.,,,,,,,,Thule Urban Glide / Spring / Sleek car seat adapter,thule.com,UG2 vs UG3 adapters not interchangeable
Thule,Spring 2,Sep.,Sep.,Sep.,Sep.,Sep.,,Sep.,,,,,,,,Thule Urban Glide / Spring / Sleek car seat adapter,thule.com,UG2 vs UG3 adapters not interchangeable
Thule,Urban Glide 2,Sep.,Sep.,Sep.,Sep.,Sep.,,Sep.,,,,,,,,Thule Urban Glide / Spring / Sleek car seat adapter,thule.com,UG2 vs UG3 adapters not interchangeable
Thule,Urban Glide 2 Double,Sep.,Sep.,Sep.,Sep.,Sep.,,Sep.,,,,,,,,Thule Urban Glide / Spring / Sleek car seat adapter,thule.com,UG2 vs UG3 adapters not interchangeable
Thule,Urban Glide 3,Sep.,Sep.,Sep.,Sep.,Sep.,,Sep.,,,,,,,,Thule Urban Glide / Spring / Sleek car seat adapter,thule.com,UG2 vs UG3 adapters not interchangeable
Thule,Urban Glide 3 Double,Sep.,Sep.,Sep.,Sep.,Sep.,,Sep.,,,,,,,,Thule Urban Glide / Spring / Sleek car seat adapter,thule.com,UG2 vs UG3 adapters not interchangeable
Thule,Urban Glide 4-wheel,Sep.,Sep.,Sep.,Sep.,Sep.,,Sep.,,,,,,,,Thule Urban Glide / Spring / Sleek car seat adapter,thule.com,UG2 vs UG3 adapters not interchangeable
Thule,Urban Glide 4-Wheel Single Child,Sep.,Sep.,Sep.,Sep.,Sep.,,Sep.,,,,,,,,Thule Urban Glide / Spring / Sleek car seat adapter,thule.com,UG2 vs UG3 adapters not interchangeable
UPPAbaby,Cruz V2,Direct + Sep.,Sep.,Sep.,Sep.,Sep.,,Sep.,,,Direct,,,,,UPPAbaby Vista/Cruz adapter (Maxi-Cosi/Nuna/Cybex/Clek); Chicco adapter; Mesa direct,uppababy.com,Mesa/Aria click on directly
UPPAbaby,Cruz V3,Direct + Sep.,Sep.,Sep.,Sep.,Sep.,,Sep.,,,Direct,,,,,UPPAbaby Vista/Cruz adapter (Maxi-Cosi/Nuna/Cybex/Clek); Chicco adapter; Mesa direct,uppababy.com,Mesa/Aria click on directly
UPPAbaby,G-LUXE,None,,,,,,,,,,,,,,,uppababy.com,Umbrella — no adapter
UPPAbaby,Minu Duo,Sep.,Sep.,Sep.,Sep.,Sep.,,,,,Sep.,,,,,UPPAbaby Minu/Ridge adapter (Mesa/Aria or Maxi-Cosi/Nuna/Cybex),uppababy.com,
UPPAbaby,Minu Duo Side By Side Double,Sep.,Sep.,Sep.,Sep.,Sep.,,,,,Sep.,,,,,UPPAbaby Minu/Ridge adapter (Mesa/Aria or Maxi-Cosi/Nuna/Cybex),uppababy.com,
UPPAbaby,Minu V2,Sep.,Sep.,Sep.,Sep.,Sep.,,,,,Sep.,,,,,UPPAbaby Minu/Ridge adapter (Mesa/Aria or Maxi-Cosi/Nuna/Cybex),uppababy.com,
UPPAbaby,Minu V3,Sep.,Sep.,Sep.,Sep.,Sep.,,,,,Sep.,,,,,UPPAbaby Minu/Ridge adapter (Mesa/Aria or Maxi-Cosi/Nuna/Cybex),uppababy.com,
UPPAbaby,Ridge,Sep.,Sep.,Sep.,Sep.,Sep.,,,,,Sep.,,,,,UPPAbaby Minu/Ridge adapter (Mesa/Aria or Maxi-Cosi/Nuna/Cybex),uppababy.com,
UPPAbaby,Ridge V2,Sep.,Sep.,Sep.,Sep.,Sep.,,,,,Sep.,,,,,UPPAbaby Minu/Ridge adapter (Mesa/Aria or Maxi-Cosi/Nuna/Cybex),uppababy.com,
UPPAbaby,Vista V2,Direct + Sep.,Sep.,Sep.,Sep.,Sep.,,Sep.,,,Direct,,,,,UPPAbaby Vista/Cruz adapter (Maxi-Cosi/Nuna/Cybex/Clek); Chicco adapter; Mesa direct,uppababy.com,Mesa/Aria click on directly
UPPAbaby,Vista V3,Direct + Sep.,Sep.,Sep.,Sep.,Sep.,,Sep.,,,Direct,,,,,UPPAbaby Vista/Cruz adapter (Maxi-Cosi/Nuna/Cybex/Clek); Chicco adapter; Mesa direct,uppababy.com,Mesa/Aria click on directly
Veer,All-Terrain Cruiser,Sep.,Sep.,Sep.,Sep.,Sep.,,,,,,,,,,Veer Cruiser / Switchback ICS adapter,goveer.com,Veer frames only
Veer,Cruiser,Sep.,Sep.,Sep.,Sep.,Sep.,,,,,,,,,,Veer Cruiser / Switchback ICS adapter,goveer.com,Veer frames only
Veer,Cruiser City,Sep.,Sep.,Sep.,Sep.,Sep.,,,,,,,,,,Veer Cruiser / Switchback ICS adapter,goveer.com,Veer frames only
Veer,Cruiser City XL Essentials,Sep.,Sep.,Sep.,Sep.,Sep.,,,,,,,,,,Veer Cruiser / Switchback ICS adapter,goveer.com,Veer frames only
Veer,Cruiser Wagon Comfort Seat for Toddlers,None,,,,,,,,,,,,,,,goveer.com,Toddler-seat / nap config — not an infant car seat
Veer,Cruiser Wagon XL Comfort Seat for Toddlers,None,,,,,,,,,,,,,,,goveer.com,Toddler-seat / nap config — not an infant car seat
Veer,Cruiser XL Nap System,None,,,,,,,,,,,,,,,goveer.com,Toddler-seat / nap config — not an infant car seat
Veer,Switch&Jog,Sep.,Sep.,Sep.,Sep.,Sep.,,,,,,,,,,Veer Cruiser / Switchback ICS adapter,goveer.com,Veer frames only
Veer,Switch&Jog Jogging,Sep.,Sep.,Sep.,Sep.,Sep.,,,,,,,,,,Veer Cruiser / Switchback ICS adapter,goveer.com,Veer frames only
Veer,Switch&Roll,Sep.,Sep.,Sep.,Sep.,Sep.,,,,,,,,,,Veer Cruiser / Switchback ICS adapter,goveer.com,Veer frames only
WonderFold,L2 Double 2-Seater,Sep.,Sep.,Sep.,Sep.,Sep.,Sep.,Sep.,Sep.,,Sep.,,,,,"WonderFold Car Seat Adapter (W & L Series, 360°)",wonderfold.com,W4 two adapters; W2 one
WonderFold,Volkswagon Special Edition Double,Sep.,Sep.,Sep.,Sep.,Sep.,Sep.,Sep.,Sep.,,Sep.,,,,,"WonderFold Car Seat Adapter (W & L Series, 360°)",wonderfold.com,W4 two adapters; W2 one
WonderFold,W2 Luxe Double,Sep.,Sep.,Sep.,Sep.,Sep.,Sep.,Sep.,Sep.,,Sep.,,,,,"WonderFold Car Seat Adapter (W & L Series, 360°)",wonderfold.com,W4 two adapters; W2 one
WonderFold,W4 Luxe Pro Quad,Sep.,Sep.,Sep.,Sep.,Sep.,Sep.,Sep.,Sep.,,Sep.,,,,,"WonderFold Car Seat Adapter (W & L Series, 360°)",wonderfold.com,W4 two adapters; W2 one
WonderFold Wagon,L2 Double,Sep.,Sep.,Sep.,Sep.,Sep.,Sep.,Sep.,Sep.,,Sep.,,,,,"WonderFold Car Seat Adapter (W & L Series, 360°)",wonderfold.com,W4 two adapters; W2 one
WonderFold Wagon,L4 Quad,Sep.,Sep.,Sep.,Sep.,Sep.,Sep.,Sep.,Sep.,,Sep.,,,,,"WonderFold Car Seat Adapter (W & L Series, 360°)",wonderfold.com,W4 two adapters; W2 one
WonderFold Wagon,VW Edition Quad,Sep.,Sep.,Sep.,Sep.,Sep.,Sep.,Sep.,Sep.,,Sep.,,,,,"WonderFold Car Seat Adapter (W & L Series, 360°)",wonderfold.com,W4 two adapters; W2 one
WonderFold Wagon,W2 Elite Pro,Sep.,Sep.,Sep.,Sep.,Sep.,Sep.,Sep.,Sep.,,Sep.,,,,,"WonderFold Car Seat Adapter (W & L Series, 360°)",wonderfold.com,W4 two adapters; W2 one
WonderFold Wagon,W2 Luxe Pro Double Seater,Sep.,Sep.,Sep.,Sep.,Sep.,Sep.,Sep.,Sep.,,Sep.,,,,,"WonderFold Car Seat Adapter (W & L Series, 360°)",wonderfold.com,W4 two adapters; W2 one
WonderFold Wagon,W4 Elite Pro,Sep.,Sep.,Sep.,Sep.,Sep.,Sep.,Sep.,Sep.,,Sep.,,,,,"WonderFold Car Seat Adapter (W & L Series, 360°)",wonderfold.com,W4 two adapters; W2 one
WonderFold Wagon,W4 Luxe Pro,Sep.,Sep.,Sep.,Sep.,Sep.,Sep.,Sep.,Sep.,,Sep.,,,,,"WonderFold Car Seat Adapter (W & L Series, 360°)",wonderfold.com,W4 two adapters; W2 one
WonderFold Wagon,W6 Luxe Pro,Sep.,Sep.,Sep.,Sep.,Sep.,Sep.,Sep.,Sep.,,Sep.,,,,,"WonderFold Car Seat Adapter (W & L Series, 360°)",wonderfold.com,W4 two adapters; W2 one
Zoe,The Journey,Sep.,Sep.,Sep.,Sep.,Sep.,Sep.,Sep.,,,,Sep.,,,,Zoe The Journey car seat adapter (Chicco; Nuna/Maxi-Cosi/Cybex/Britax),zoebaby.com,Traveler: confirm shares Journey adapter
Zoe,Traveler,Sep.,Sep.,Sep.,Sep.,Sep.,Sep.,Sep.,,,,Sep.,,,,Zoe The Journey car seat adapter (Chicco; Nuna/Maxi-Cosi/Cybex/Britax),zoebaby.com,Traveler: confirm shares Journey adapter
