brand,stroller,triggerSeat,family,action
Bugaboo,Bugaboo Butterfly,Nuna PIPA Aire,Donkey / Dragonfly / Butterfly / Fox,skip-existing
Bugaboo,Bugaboo Butterfly,Nuna PIPA Aire rx,Donkey / Dragonfly / Butterfly / Fox,skip-existing
Bugaboo,Bugaboo Butterfly,Nuna PIPA RX,Donkey / Dragonfly / Butterfly / Fox,skip-existing
Bugaboo,Bugaboo Butterfly,Nuna PIPA urbn,Donkey / Dragonfly / Butterfly / Fox,skip-existing
Bugaboo,Bugaboo Butterfly 2,Nuna PIPA Aire,Donkey / Dragonfly / Butterfly / Fox,skip-existing
Bugaboo,Bugaboo Butterfly 2,Nuna PIPA Aire rx,Donkey / Dragonfly / Butterfly / Fox,skip-existing
Bugaboo,Bugaboo Butterfly 2,Nuna PIPA RX,Donkey / Dragonfly / Butterfly / Fox,skip-existing
Bugaboo,Bugaboo Butterfly 2,Nuna PIPA urbn,Donkey / Dragonfly / Butterfly / Fox,skip-existing
Bugaboo,Bugaboo Donkey 5 Mono Single-to-Double,Nuna PIPA Aire,Donkey / Dragonfly / Butterfly / Fox,skip-existing
Bugaboo,Bugaboo Donkey 5 Mono Single-to-Double,Nuna PIPA Aire rx,Donkey / Dragonfly / Butterfly / Fox,skip-existing
Bugaboo,Bugaboo Donkey 5 Mono Single-to-Double,Nuna PIPA RX,Donkey / Dragonfly / Butterfly / Fox,skip-existing
Bugaboo,Bugaboo Donkey 5 Mono Single-to-Double,Nuna PIPA urbn,Donkey / Dragonfly / Butterfly / Fox,skip-existing
Bugaboo,Bugaboo Donkey 6,Nuna PIPA Aire,Donkey / Dragonfly / Butterfly / Fox,skip-existing
Bugaboo,Bugaboo Donkey 6,Nuna PIPA Aire rx,Donkey / Dragonfly / Butterfly / Fox,skip-existing
Bugaboo,Bugaboo Donkey 6,Nuna PIPA RX,Donkey / Dragonfly / Butterfly / Fox,skip-existing
Bugaboo,Bugaboo Donkey 6,Nuna PIPA urbn,Donkey / Dragonfly / Butterfly / Fox,skip-existing
Bugaboo,Bugaboo Dragonfly,Nuna PIPA Aire,Donkey / Dragonfly / Butterfly / Fox,skip-existing
Bugaboo,Bugaboo Dragonfly,Nuna PIPA Aire rx,Donkey / Dragonfly / Butterfly / Fox,skip-existing
Bugaboo,Bugaboo Dragonfly,Nuna PIPA RX,Donkey / Dragonfly / Butterfly / Fox,skip-existing
Bugaboo,Bugaboo Dragonfly,Nuna PIPA urbn,Donkey / Dragonfly / Butterfly / Fox,skip-existing
Bugaboo,Bugaboo Dragonfly Plus,Nuna PIPA Aire,Donkey / Dragonfly / Butterfly / Fox,skip-existing
Bugaboo,Bugaboo Dragonfly Plus,Nuna PIPA Aire rx,Donkey / Dragonfly / Butterfly / Fox,skip-existing
Bugaboo,Bugaboo Dragonfly Plus,Nuna PIPA RX,Donkey / Dragonfly / Butterfly / Fox,skip-existing
Bugaboo,Bugaboo Dragonfly Plus,Nuna PIPA urbn,Donkey / Dragonfly / Butterfly / Fox,skip-existing
Bugaboo,Bugaboo Fox 5,Nuna PIPA Aire,Donkey / Dragonfly / Butterfly / Fox,skip-existing
Bugaboo,Bugaboo Fox 5,Nuna PIPA Aire rx,Donkey / Dragonfly / Butterfly / Fox,skip-existing
Bugaboo,Bugaboo Fox 5,Nuna PIPA RX,Donkey / Dragonfly / Butterfly / Fox,skip-existing
Bugaboo,Bugaboo Fox 5,Nuna PIPA urbn,Donkey / Dragonfly / Butterfly / Fox,skip-existing
Joolz,Joolz Dot Ultra Travel,Nuna PIPA Aire,Dot / Geo / Hub,skip-existing
Joolz,Joolz Dot Ultra Travel,Nuna PIPA Aire rx,Dot / Geo / Hub,skip-existing
Joolz,Joolz Dot Ultra Travel,Nuna PIPA RX,Dot / Geo / Hub,skip-existing
Joolz,Joolz Dot Ultra Travel,Nuna PIPA urbn,Dot / Geo / Hub,skip-existing
Joolz,Joolz Geo,Nuna PIPA Aire,Dot / Geo / Hub,skip-existing
Joolz,Joolz Geo,Nuna PIPA Aire rx,Dot / Geo / Hub,skip-existing
Joolz,Joolz Geo,Nuna PIPA RX,Dot / Geo / Hub,skip-existing
Joolz,Joolz Geo,Nuna PIPA urbn,Dot / Geo / Hub,skip-existing
Joolz,Joolz Hub2,Nuna PIPA Aire,Dot / Geo / Hub,skip-existing
Joolz,Joolz Hub2,Nuna PIPA Aire rx,Dot / Geo / Hub,skip-existing
Joolz,Joolz Hub2,Nuna PIPA RX,Dot / Geo / Hub,skip-existing
Joolz,Joolz Hub2,Nuna PIPA urbn,Dot / Geo / Hub,skip-existing
Mima,Mima Creo,Nuna PIPA Aire,Miro / Xari / Zigi / Creo,skip-existing
Mima,Mima Creo,Nuna PIPA Aire rx,Miro / Xari / Zigi / Creo,skip-existing
Mima,Mima Creo,Nuna PIPA RX,Miro / Xari / Zigi / Creo,skip-existing
Mima,Mima Creo,Nuna PIPA urbn,Miro / Xari / Zigi / Creo,skip-existing
Mima,Mima Miro,Nuna PIPA Aire,Miro / Xari / Zigi / Creo,skip-existing
Mima,Mima Miro,Nuna PIPA Aire rx,Miro / Xari / Zigi / Creo,skip-existing
Mima,Mima Miro,Nuna PIPA RX,Miro / Xari / Zigi / Creo,skip-existing
Mima,Mima Miro,Nuna PIPA urbn,Miro / Xari / Zigi / Creo,skip-existing
Mima,Mima Xari,Nuna PIPA Aire,Miro / Xari / Zigi / Creo,skip-existing
Mima,Mima Xari,Nuna PIPA Aire rx,Miro / Xari / Zigi / Creo,skip-existing
Mima,Mima Xari,Nuna PIPA RX,Miro / Xari / Zigi / Creo,skip-existing
Mima,Mima Xari,Nuna PIPA urbn,Miro / Xari / Zigi / Creo,skip-existing
Mima,Mima Xari Max,Nuna PIPA Aire,Miro / Xari / Zigi / Creo,skip-existing
Mima,Mima Xari Max,Nuna PIPA Aire rx,Miro / Xari / Zigi / Creo,skip-existing
Mima,Mima Xari Max,Nuna PIPA RX,Miro / Xari / Zigi / Creo,skip-existing
Mima,Mima Xari Max,Nuna PIPA urbn,Miro / Xari / Zigi / Creo,skip-existing
Mima,Mima Xari Sport,Nuna PIPA Aire,Miro / Xari / Zigi / Creo,skip-existing
Mima,Mima Xari Sport,Nuna PIPA Aire rx,Miro / Xari / Zigi / Creo,skip-existing
Mima,Mima Xari Sport,Nuna PIPA RX,Miro / Xari / Zigi / Creo,skip-existing
Mima,Mima Xari Sport,Nuna PIPA urbn,Miro / Xari / Zigi / Creo,skip-existing
Mima,Mima Zigi,Nuna PIPA Aire,Miro / Xari / Zigi / Creo,skip-existing
Mima,Mima Zigi,Nuna PIPA Aire rx,Miro / Xari / Zigi / Creo,skip-existing
Mima,Mima Zigi,Nuna PIPA RX,Miro / Xari / Zigi / Creo,skip-existing
Mima,Mima Zigi,Nuna PIPA urbn,Miro / Xari / Zigi / Creo,skip-existing
Zoe,Zoe The Journey,Nuna PIPA Aire,all Zoe strollers,skip-existing
Zoe,Zoe The Journey,Nuna PIPA Aire rx,all Zoe strollers,skip-existing
Zoe,Zoe The Journey,Nuna PIPA RX,all Zoe strollers,skip-existing
Zoe,Zoe The Journey,Nuna PIPA urbn,all Zoe strollers,skip-existing
Zoe,Zoe Tour,Nuna PIPA Aire,all Zoe strollers,skip-existing
Zoe,Zoe Tour,Nuna PIPA Aire rx,all Zoe strollers,skip-existing
Zoe,Zoe Tour,Nuna PIPA RX,all Zoe strollers,skip-existing
Zoe,Zoe Tour,Nuna PIPA urbn,all Zoe strollers,skip-existing
Zoe,Zoe Traveler,Nuna PIPA Aire,all Zoe strollers,skip-existing
Zoe,Zoe Traveler,Nuna PIPA Aire rx,all Zoe strollers,skip-existing
Zoe,Zoe Traveler,Nuna PIPA RX,all Zoe strollers,skip-existing
Zoe,Zoe Traveler,Nuna PIPA urbn,all Zoe strollers,skip-existing
Zoe,Zoe Twin,Nuna PIPA Aire,all Zoe strollers,skip-existing
Zoe,Zoe Twin,Nuna PIPA Aire rx,all Zoe strollers,skip-existing
Zoe,Zoe Twin,Nuna PIPA RX,all Zoe strollers,skip-existing
Zoe,Zoe Twin,Nuna PIPA urbn,all Zoe strollers,skip-existing
Zoe,Zoe Tour,Nuna PIPA Aire,Tour / Twin / Trio / Tribe,skip-existing
Zoe,Zoe Tour,Nuna PIPA Aire rx,Tour / Twin / Trio / Tribe,skip-existing
Zoe,Zoe Tour,Nuna PIPA RX,Tour / Twin / Trio / Tribe,skip-existing
Zoe,Zoe Tour,Nuna PIPA urbn,Tour / Twin / Trio / Tribe,skip-existing
Zoe,Zoe Tour,UPPAbaby Aria,Tour / Twin / Trio / Tribe,skip-existing
Zoe,Zoe Tour,UPPAbaby Aria V2,Tour / Twin / Trio / Tribe,skip-existing
Zoe,Zoe Tour,UPPAbaby Mesa Max,Tour / Twin / Trio / Tribe,skip-existing
Zoe,Zoe Tour,UPPAbaby Mesa V3,Tour / Twin / Trio / Tribe,skip-existing
Zoe,Zoe Tour,Graco GoMax,Tour / Twin / Trio / Tribe,skip-existing
Zoe,Zoe Tour,Graco SnugRide Lite LX,Tour / Twin / Trio / Tribe,skip-existing
Zoe,Zoe Tour,Graco SnugRide SnugFit,Tour / Twin / Trio / Tribe,skip-existing
Zoe,Zoe Tour,Graco SnugRide SnugFit DLX,Tour / Twin / Trio / Tribe,skip-existing
Zoe,Zoe Tour,Graco SnugRide SnugFit LX,Tour / Twin / Trio / Tribe,skip-existing
Zoe,Zoe Tour,Chicco Fit2,Tour / Twin / Trio / Tribe,skip-existing
Zoe,Zoe Tour,Chicco KeyFit 30,Tour / Twin / Trio / Tribe,skip-existing
Zoe,Zoe Tour,Chicco KeyFit 30 ClearTex,Tour / Twin / Trio / Tribe,skip-existing
Zoe,Zoe Tour,Chicco KeyFit 35,Tour / Twin / Trio / Tribe,skip-existing
Zoe,Zoe Tour,Chicco KeyFit Max ClearTex,Tour / Twin / Trio / Tribe,skip-existing
Zoe,Zoe Tour,Chicco KeyFit Max Zip ClearLux,Tour / Twin / Trio / Tribe,skip-existing
Zoe,Zoe Tour,Chicco KeyFit Max Zip ClearTex,Tour / Twin / Trio / Tribe,skip-existing
Zoe,Zoe Twin,Nuna PIPA Aire,Tour / Twin / Trio / Tribe,skip-existing
Zoe,Zoe Twin,Nuna PIPA Aire rx,Tour / Twin / Trio / Tribe,skip-existing
Zoe,Zoe Twin,Nuna PIPA RX,Tour / Twin / Trio / Tribe,skip-existing
Zoe,Zoe Twin,Nuna PIPA urbn,Tour / Twin / Trio / Tribe,skip-existing
Zoe,Zoe Twin,UPPAbaby Aria,Tour / Twin / Trio / Tribe,skip-existing
Zoe,Zoe Twin,UPPAbaby Aria V2,Tour / Twin / Trio / Tribe,skip-existing
Zoe,Zoe Twin,UPPAbaby Mesa Max,Tour / Twin / Trio / Tribe,skip-existing
Zoe,Zoe Twin,UPPAbaby Mesa V3,Tour / Twin / Trio / Tribe,skip-existing
Zoe,Zoe Twin,Graco GoMax,Tour / Twin / Trio / Tribe,skip-existing
Zoe,Zoe Twin,Graco SnugRide Lite LX,Tour / Twin / Trio / Tribe,skip-existing
Zoe,Zoe Twin,Graco SnugRide SnugFit,Tour / Twin / Trio / Tribe,skip-existing
Zoe,Zoe Twin,Graco SnugRide SnugFit DLX,Tour / Twin / Trio / Tribe,skip-existing
Zoe,Zoe Twin,Graco SnugRide SnugFit LX,Tour / Twin / Trio / Tribe,skip-existing
Zoe,Zoe Twin,Chicco Fit2,Tour / Twin / Trio / Tribe,skip-existing
Zoe,Zoe Twin,Chicco KeyFit 30,Tour / Twin / Trio / Tribe,skip-existing
Zoe,Zoe Twin,Chicco KeyFit 30 ClearTex,Tour / Twin / Trio / Tribe,skip-existing
Zoe,Zoe Twin,Chicco KeyFit 35,Tour / Twin / Trio / Tribe,skip-existing
Zoe,Zoe Twin,Chicco KeyFit Max ClearTex,Tour / Twin / Trio / Tribe,skip-existing
Zoe,Zoe Twin,Chicco KeyFit Max Zip ClearLux,Tour / Twin / Trio / Tribe,skip-existing
Zoe,Zoe Twin,Chicco KeyFit Max Zip ClearTex,Tour / Twin / Trio / Tribe,skip-existing
Zoe,Zoe The Journey,Nuna PIPA Aire,The Journey,skip-existing
Zoe,Zoe The Journey,Nuna PIPA Aire rx,The Journey,skip-existing
Zoe,Zoe The Journey,Nuna PIPA RX,The Journey,skip-existing
Zoe,Zoe The Journey,Nuna PIPA urbn,The Journey,skip-existing
Zoe,Zoe The Journey,Chicco Fit2,The Journey,skip-existing
Zoe,Zoe The Journey,Chicco KeyFit 30,The Journey,skip-existing
Zoe,Zoe The Journey,Chicco KeyFit 30 ClearTex,The Journey,skip-existing
Zoe,Zoe The Journey,Chicco KeyFit 35,The Journey,skip-existing
Zoe,Zoe The Journey,Chicco KeyFit Max ClearTex,The Journey,skip-existing
Zoe,Zoe The Journey,Chicco KeyFit Max Zip ClearLux,The Journey,skip-existing
Zoe,Zoe The Journey,Chicco KeyFit Max Zip ClearTex,The Journey,skip-existing
Ergobaby,Ergobaby Metro 3,Nuna PIPA Aire,Metro / Metro+,skip-existing
Ergobaby,Ergobaby Metro 3,Nuna PIPA Aire rx,Metro / Metro+,skip-existing
Ergobaby,Ergobaby Metro 3,Nuna PIPA RX,Metro / Metro+,skip-existing
Ergobaby,Ergobaby Metro 3,Nuna PIPA urbn,Metro / Metro+,skip-existing
Ergobaby,Ergobaby Metro 3 Compact,Nuna PIPA Aire,Metro / Metro+,skip-existing
Ergobaby,Ergobaby Metro 3 Compact,Nuna PIPA Aire rx,Metro / Metro+,skip-existing
Ergobaby,Ergobaby Metro 3 Compact,Nuna PIPA RX,Metro / Metro+,skip-existing
Ergobaby,Ergobaby Metro 3 Compact,Nuna PIPA urbn,Metro / Metro+,skip-existing
Ergobaby,Ergobaby Metro 3 Deluxe Baby,Nuna PIPA Aire,Metro / Metro+,skip-existing
Ergobaby,Ergobaby Metro 3 Deluxe Baby,Nuna PIPA Aire rx,Metro / Metro+,skip-existing
Ergobaby,Ergobaby Metro 3 Deluxe Baby,Nuna PIPA RX,Metro / Metro+,skip-existing
Ergobaby,Ergobaby Metro 3 Deluxe Baby,Nuna PIPA urbn,Metro / Metro+,skip-existing
Ergobaby,Ergobaby Metro 3 Travel,Nuna PIPA Aire,Metro / Metro+,skip-existing
Ergobaby,Ergobaby Metro 3 Travel,Nuna PIPA Aire rx,Metro / Metro+,skip-existing
Ergobaby,Ergobaby Metro 3 Travel,Nuna PIPA RX,Metro / Metro+,skip-existing
Ergobaby,Ergobaby Metro 3 Travel,Nuna PIPA urbn,Metro / Metro+,skip-existing
Ergobaby,Ergobaby Metro+ Deluxe,Nuna PIPA Aire,Metro / Metro+,skip-existing
Ergobaby,Ergobaby Metro+ Deluxe,Nuna PIPA Aire rx,Metro / Metro+,skip-existing
Ergobaby,Ergobaby Metro+ Deluxe,Nuna PIPA RX,Metro / Metro+,skip-existing
Ergobaby,Ergobaby Metro+ Deluxe,Nuna PIPA urbn,Metro / Metro+,skip-existing
Ergobaby,Ergobaby Metro+ Deluxe Baby,Nuna PIPA Aire,Metro / Metro+,skip-existing
Ergobaby,Ergobaby Metro+ Deluxe Baby,Nuna PIPA Aire rx,Metro / Metro+,skip-existing
Ergobaby,Ergobaby Metro+ Deluxe Baby,Nuna PIPA RX,Metro / Metro+,skip-existing
Ergobaby,Ergobaby Metro+ Deluxe Baby,Nuna PIPA urbn,Metro / Metro+,skip-existing
Mompush,Mompush Meteor 2,Nuna PIPA Aire,Ultimate / Meteor / Velo,skip-existing
Mompush,Mompush Meteor 2,Nuna PIPA Aire rx,Ultimate / Meteor / Velo,skip-existing
Mompush,Mompush Meteor 2,Nuna PIPA RX,Ultimate / Meteor / Velo,skip-existing
Mompush,Mompush Meteor 2,Nuna PIPA urbn,Ultimate / Meteor / Velo,skip-existing
Mompush,Mompush Ultimate 2 Seat,Nuna PIPA Aire,Ultimate / Meteor / Velo,skip-existing
Mompush,Mompush Ultimate 2 Seat,Nuna PIPA Aire rx,Ultimate / Meteor / Velo,skip-existing
Mompush,Mompush Ultimate 2 Seat,Nuna PIPA RX,Ultimate / Meteor / Velo,skip-existing
Mompush,Mompush Ultimate 2 Seat,Nuna PIPA urbn,Ultimate / Meteor / Velo,skip-existing
Mompush,Mompush Velo Travel,Nuna PIPA Aire,Ultimate / Meteor / Velo,skip-existing
Mompush,Mompush Velo Travel,Nuna PIPA Aire rx,Ultimate / Meteor / Velo,skip-existing
Mompush,Mompush Velo Travel,Nuna PIPA RX,Ultimate / Meteor / Velo,skip-existing
Mompush,Mompush Velo Travel,Nuna PIPA urbn,Ultimate / Meteor / Velo,skip-existing
Mompush,Mompush Wiz,Nuna PIPA Aire,Wiz,skip-existing
Mompush,Mompush Wiz,Nuna PIPA Aire rx,Wiz,skip-existing
Mompush,Mompush Wiz,Nuna PIPA RX,Wiz,skip-existing
Mompush,Mompush Wiz,Nuna PIPA urbn,Wiz,skip-existing
Mompush,Mompush Wiz,Chicco Fit2,Wiz,skip-existing
Mompush,Mompush Wiz,Chicco KeyFit 30,Wiz,skip-existing
Mompush,Mompush Wiz,Chicco KeyFit 30 ClearTex,Wiz,skip-existing
Mompush,Mompush Wiz,Chicco KeyFit 35,Wiz,skip-existing
Mompush,Mompush Wiz,Chicco KeyFit Max ClearTex,Wiz,skip-existing
Mompush,Mompush Wiz,Chicco KeyFit Max Zip ClearLux,Wiz,skip-existing
Mompush,Mompush Wiz,Chicco KeyFit Max Zip ClearTex,Wiz,skip-existing
Mercedes,Mercedes Amg Gt² Single,Nuna PIPA Aire,Mercedes-Benz (Hartan),skip-existing
Mercedes,Mercedes Amg Gt² Single,Nuna PIPA Aire rx,Mercedes-Benz (Hartan),skip-existing
Mercedes,Mercedes Amg Gt² Single,Nuna PIPA RX,Mercedes-Benz (Hartan),skip-existing
Mercedes,Mercedes Amg Gt² Single,Nuna PIPA urbn,Mercedes-Benz (Hartan),skip-existing
Mercedes,Mercedes Performance Single,Nuna PIPA Aire,Mercedes-Benz (Hartan),skip-existing
Mercedes,Mercedes Performance Single,Nuna PIPA Aire rx,Mercedes-Benz (Hartan),skip-existing
Mercedes,Mercedes Performance Single,Nuna PIPA RX,Mercedes-Benz (Hartan),skip-existing
Mercedes,Mercedes Performance Single,Nuna PIPA urbn,Mercedes-Benz (Hartan),skip-existing
Peg Perego,Peg Perego City Loop,Nuna PIPA Aire,City Loop,skip-existing
Peg Perego,Peg Perego City Loop,Nuna PIPA Aire rx,City Loop,skip-existing
Peg Perego,Peg Perego City Loop,Nuna PIPA RX,City Loop,skip-existing
Peg Perego,Peg Perego City Loop,Nuna PIPA urbn,City Loop,skip-existing
Orbit Baby,Orbit Baby G5,Nuna PIPA Aire,all Orbit Baby strollers,skip-existing
Orbit Baby,Orbit Baby G5,Nuna PIPA Aire rx,all Orbit Baby strollers,skip-existing
Orbit Baby,Orbit Baby G5,Nuna PIPA RX,all Orbit Baby strollers,skip-existing
Orbit Baby,Orbit Baby G5,Nuna PIPA urbn,all Orbit Baby strollers,skip-existing
Orbit Baby,Orbit Baby M+,Nuna PIPA Aire,all Orbit Baby strollers,skip-existing
Orbit Baby,Orbit Baby M+,Nuna PIPA Aire rx,all Orbit Baby strollers,skip-existing
Orbit Baby,Orbit Baby M+,Nuna PIPA RX,all Orbit Baby strollers,skip-existing
Orbit Baby,Orbit Baby M+,Nuna PIPA urbn,all Orbit Baby strollers,skip-existing
Orbit Baby,Orbit Baby X5,Nuna PIPA Aire,all Orbit Baby strollers,skip-existing
Orbit Baby,Orbit Baby X5,Nuna PIPA Aire rx,all Orbit Baby strollers,skip-existing
Orbit Baby,Orbit Baby X5,Nuna PIPA RX,all Orbit Baby strollers,skip-existing
Orbit Baby,Orbit Baby X5,Nuna PIPA urbn,all Orbit Baby strollers,skip-existing
Thule,Thule Glide 2,Nuna PIPA Aire,Urban Glide / Glide / Spring / Sleek / Shine,skip-existing
Thule,Thule Glide 2,Nuna PIPA Aire rx,Urban Glide / Glide / Spring / Sleek / Shine,skip-existing
Thule,Thule Glide 2,Nuna PIPA RX,Urban Glide / Glide / Spring / Sleek / Shine,skip-existing
Thule,Thule Glide 2,Nuna PIPA urbn,Urban Glide / Glide / Spring / Sleek / Shine,skip-existing
Thule,Thule Shine,Nuna PIPA Aire,Urban Glide / Glide / Spring / Sleek / Shine,skip-existing
Thule,Thule Shine,Nuna PIPA Aire rx,Urban Glide / Glide / Spring / Sleek / Shine,skip-existing
Thule,Thule Shine,Nuna PIPA RX,Urban Glide / Glide / Spring / Sleek / Shine,skip-existing
Thule,Thule Shine,Nuna PIPA urbn,Urban Glide / Glide / Spring / Sleek / Shine,skip-existing
Thule,Thule Sleek,Nuna PIPA Aire,Urban Glide / Glide / Spring / Sleek / Shine,skip-existing
Thule,Thule Sleek,Nuna PIPA Aire rx,Urban Glide / Glide / Spring / Sleek / Shine,skip-existing
Thule,Thule Sleek,Nuna PIPA RX,Urban Glide / Glide / Spring / Sleek / Shine,skip-existing
Thule,Thule Sleek,Nuna PIPA urbn,Urban Glide / Glide / Spring / Sleek / Shine,skip-existing
Thule,Thule Spring 2,Nuna PIPA Aire,Urban Glide / Glide / Spring / Sleek / Shine,skip-existing
Thule,Thule Spring 2,Nuna PIPA Aire rx,Urban Glide / Glide / Spring / Sleek / Shine,skip-existing
Thule,Thule Spring 2,Nuna PIPA RX,Urban Glide / Glide / Spring / Sleek / Shine,skip-existing
Thule,Thule Spring 2,Nuna PIPA urbn,Urban Glide / Glide / Spring / Sleek / Shine,skip-existing
Thule,Thule Urban Glide 2,Nuna PIPA Aire,Urban Glide / Glide / Spring / Sleek / Shine,skip-existing
Thule,Thule Urban Glide 2,Nuna PIPA Aire rx,Urban Glide / Glide / Spring / Sleek / Shine,skip-existing
Thule,Thule Urban Glide 2,Nuna PIPA RX,Urban Glide / Glide / Spring / Sleek / Shine,skip-existing
Thule,Thule Urban Glide 2,Nuna PIPA urbn,Urban Glide / Glide / Spring / Sleek / Shine,skip-existing
Thule,Thule Urban Glide 2 Double,Nuna PIPA Aire,Urban Glide / Glide / Spring / Sleek / Shine,skip-existing
Thule,Thule Urban Glide 2 Double,Nuna PIPA Aire rx,Urban Glide / Glide / Spring / Sleek / Shine,skip-existing
Thule,Thule Urban Glide 2 Double,Nuna PIPA RX,Urban Glide / Glide / Spring / Sleek / Shine,skip-existing
Thule,Thule Urban Glide 2 Double,Nuna PIPA urbn,Urban Glide / Glide / Spring / Sleek / Shine,skip-existing
Thule,Thule Urban Glide 3,Nuna PIPA Aire,Urban Glide / Glide / Spring / Sleek / Shine,skip-existing
Thule,Thule Urban Glide 3,Nuna PIPA Aire rx,Urban Glide / Glide / Spring / Sleek / Shine,skip-existing
Thule,Thule Urban Glide 3,Nuna PIPA RX,Urban Glide / Glide / Spring / Sleek / Shine,skip-existing
Thule,Thule Urban Glide 3,Nuna PIPA urbn,Urban Glide / Glide / Spring / Sleek / Shine,skip-existing
Thule,Thule Urban Glide 3 Double,Nuna PIPA Aire,Urban Glide / Glide / Spring / Sleek / Shine,skip-existing
Thule,Thule Urban Glide 3 Double,Nuna PIPA Aire rx,Urban Glide / Glide / Spring / Sleek / Shine,skip-existing
Thule,Thule Urban Glide 3 Double,Nuna PIPA RX,Urban Glide / Glide / Spring / Sleek / Shine,skip-existing
Thule,Thule Urban Glide 3 Double,Nuna PIPA urbn,Urban Glide / Glide / Spring / Sleek / Shine,skip-existing
Thule,Thule Urban Glide 4-wheel,Nuna PIPA Aire,Urban Glide / Glide / Spring / Sleek / Shine,skip-existing
Thule,Thule Urban Glide 4-wheel,Nuna PIPA Aire rx,Urban Glide / Glide / Spring / Sleek / Shine,skip-existing
Thule,Thule Urban Glide 4-wheel,Nuna PIPA RX,Urban Glide / Glide / Spring / Sleek / Shine,skip-existing
Thule,Thule Urban Glide 4-wheel,Nuna PIPA urbn,Urban Glide / Glide / Spring / Sleek / Shine,skip-existing
Thule,Thule Urban Glide 4-Wheel Single Child,Nuna PIPA Aire,Urban Glide / Glide / Spring / Sleek / Shine,skip-existing
Thule,Thule Urban Glide 4-Wheel Single Child,Nuna PIPA Aire rx,Urban Glide / Glide / Spring / Sleek / Shine,skip-existing
Thule,Thule Urban Glide 4-Wheel Single Child,Nuna PIPA RX,Urban Glide / Glide / Spring / Sleek / Shine,skip-existing
Thule,Thule Urban Glide 4-Wheel Single Child,Nuna PIPA urbn,Urban Glide / Glide / Spring / Sleek / Shine,skip-existing
UPPAbaby,UPPAbaby Cruz V2,Nuna PIPA Aire,Vista / Cruz / Minu / Ridge,skip-existing
UPPAbaby,UPPAbaby Cruz V2,Nuna PIPA Aire rx,Vista / Cruz / Minu / Ridge,skip-existing
UPPAbaby,UPPAbaby Cruz V2,Nuna PIPA RX,Vista / Cruz / Minu / Ridge,skip-existing
UPPAbaby,UPPAbaby Cruz V2,Nuna PIPA urbn,Vista / Cruz / Minu / Ridge,skip-existing
UPPAbaby,UPPAbaby Cruz V2,Chicco Fit2,Vista / Cruz / Minu / Ridge,skip-existing
UPPAbaby,UPPAbaby Cruz V2,Chicco KeyFit 30,Vista / Cruz / Minu / Ridge,skip-existing
UPPAbaby,UPPAbaby Cruz V2,Chicco KeyFit 30 ClearTex,Vista / Cruz / Minu / Ridge,skip-existing
UPPAbaby,UPPAbaby Cruz V2,Chicco KeyFit 35,Vista / Cruz / Minu / Ridge,skip-existing
UPPAbaby,UPPAbaby Cruz V2,Chicco KeyFit Max ClearTex,Vista / Cruz / Minu / Ridge,skip-existing
UPPAbaby,UPPAbaby Cruz V2,Chicco KeyFit Max Zip ClearLux,Vista / Cruz / Minu / Ridge,skip-existing
UPPAbaby,UPPAbaby Cruz V2,Chicco KeyFit Max Zip ClearTex,Vista / Cruz / Minu / Ridge,skip-existing
UPPAbaby,UPPAbaby Cruz V3,Nuna PIPA Aire,Vista / Cruz / Minu / Ridge,skip-existing
UPPAbaby,UPPAbaby Cruz V3,Nuna PIPA Aire rx,Vista / Cruz / Minu / Ridge,skip-existing
UPPAbaby,UPPAbaby Cruz V3,Nuna PIPA RX,Vista / Cruz / Minu / Ridge,skip-existing
UPPAbaby,UPPAbaby Cruz V3,Nuna PIPA urbn,Vista / Cruz / Minu / Ridge,skip-existing
UPPAbaby,UPPAbaby Cruz V3,Chicco Fit2,Vista / Cruz / Minu / Ridge,skip-existing
UPPAbaby,UPPAbaby Cruz V3,Chicco KeyFit 30,Vista / Cruz / Minu / Ridge,skip-existing
UPPAbaby,UPPAbaby Cruz V3,Chicco KeyFit 30 ClearTex,Vista / Cruz / Minu / Ridge,skip-existing
UPPAbaby,UPPAbaby Cruz V3,Chicco KeyFit 35,Vista / Cruz / Minu / Ridge,skip-existing
UPPAbaby,UPPAbaby Cruz V3,Chicco KeyFit Max ClearTex,Vista / Cruz / Minu / Ridge,skip-existing
UPPAbaby,UPPAbaby Cruz V3,Chicco KeyFit Max Zip ClearLux,Vista / Cruz / Minu / Ridge,skip-existing
UPPAbaby,UPPAbaby Cruz V3,Chicco KeyFit Max Zip ClearTex,Vista / Cruz / Minu / Ridge,skip-existing
UPPAbaby,UPPAbaby Minu Duo,Nuna PIPA Aire,Vista / Cruz / Minu / Ridge,skip-existing
UPPAbaby,UPPAbaby Minu Duo,Nuna PIPA Aire rx,Vista / Cruz / Minu / Ridge,skip-existing
UPPAbaby,UPPAbaby Minu Duo,Nuna PIPA RX,Vista / Cruz / Minu / Ridge,skip-existing
UPPAbaby,UPPAbaby Minu Duo,Nuna PIPA urbn,Vista / Cruz / Minu / Ridge,skip-existing
UPPAbaby,UPPAbaby Minu Duo,Chicco Fit2,Vista / Cruz / Minu / Ridge,skip-existing
UPPAbaby,UPPAbaby Minu Duo,Chicco KeyFit 30,Vista / Cruz / Minu / Ridge,skip-existing
UPPAbaby,UPPAbaby Minu Duo,Chicco KeyFit 30 ClearTex,Vista / Cruz / Minu / Ridge,skip-existing
UPPAbaby,UPPAbaby Minu Duo,Chicco KeyFit 35,Vista / Cruz / Minu / Ridge,skip-existing
UPPAbaby,UPPAbaby Minu Duo,Chicco KeyFit Max ClearTex,Vista / Cruz / Minu / Ridge,skip-existing
UPPAbaby,UPPAbaby Minu Duo,Chicco KeyFit Max Zip ClearLux,Vista / Cruz / Minu / Ridge,skip-existing
UPPAbaby,UPPAbaby Minu Duo,Chicco KeyFit Max Zip ClearTex,Vista / Cruz / Minu / Ridge,skip-existing
UPPAbaby,UPPAbaby Minu Duo Side By Side Double,Nuna PIPA Aire,Vista / Cruz / Minu / Ridge,skip-existing
UPPAbaby,UPPAbaby Minu Duo Side By Side Double,Nuna PIPA Aire rx,Vista / Cruz / Minu / Ridge,skip-existing
UPPAbaby,UPPAbaby Minu Duo Side By Side Double,Nuna PIPA RX,Vista / Cruz / Minu / Ridge,skip-existing
UPPAbaby,UPPAbaby Minu Duo Side By Side Double,Nuna PIPA urbn,Vista / Cruz / Minu / Ridge,skip-existing
UPPAbaby,UPPAbaby Minu Duo Side By Side Double,Chicco Fit2,Vista / Cruz / Minu / Ridge,skip-existing
UPPAbaby,UPPAbaby Minu Duo Side By Side Double,Chicco KeyFit 30,Vista / Cruz / Minu / Ridge,skip-existing
UPPAbaby,UPPAbaby Minu Duo Side By Side Double,Chicco KeyFit 30 ClearTex,Vista / Cruz / Minu / Ridge,skip-existing
UPPAbaby,UPPAbaby Minu Duo Side By Side Double,Chicco KeyFit 35,Vista / Cruz / Minu / Ridge,skip-existing
UPPAbaby,UPPAbaby Minu Duo Side By Side Double,Chicco KeyFit Max ClearTex,Vista / Cruz / Minu / Ridge,skip-existing
UPPAbaby,UPPAbaby Minu Duo Side By Side Double,Chicco KeyFit Max Zip ClearLux,Vista / Cruz / Minu / Ridge,skip-existing
UPPAbaby,UPPAbaby Minu Duo Side By Side Double,Chicco KeyFit Max Zip ClearTex,Vista / Cruz / Minu / Ridge,skip-existing
UPPAbaby,UPPAbaby Minu V2,Nuna PIPA Aire,Vista / Cruz / Minu / Ridge,skip-existing
UPPAbaby,UPPAbaby Minu V2,Nuna PIPA Aire rx,Vista / Cruz / Minu / Ridge,skip-existing
UPPAbaby,UPPAbaby Minu V2,Nuna PIPA RX,Vista / Cruz / Minu / Ridge,skip-existing
UPPAbaby,UPPAbaby Minu V2,Nuna PIPA urbn,Vista / Cruz / Minu / Ridge,skip-existing
UPPAbaby,UPPAbaby Minu V2,Chicco Fit2,Vista / Cruz / Minu / Ridge,skip-existing
UPPAbaby,UPPAbaby Minu V2,Chicco KeyFit 30,Vista / Cruz / Minu / Ridge,skip-existing
UPPAbaby,UPPAbaby Minu V2,Chicco KeyFit 30 ClearTex,Vista / Cruz / Minu / Ridge,skip-existing
UPPAbaby,UPPAbaby Minu V2,Chicco KeyFit 35,Vista / Cruz / Minu / Ridge,skip-existing
UPPAbaby,UPPAbaby Minu V2,Chicco KeyFit Max ClearTex,Vista / Cruz / Minu / Ridge,skip-existing
UPPAbaby,UPPAbaby Minu V2,Chicco KeyFit Max Zip ClearLux,Vista / Cruz / Minu / Ridge,skip-existing
UPPAbaby,UPPAbaby Minu V2,Chicco KeyFit Max Zip ClearTex,Vista / Cruz / Minu / Ridge,skip-existing
UPPAbaby,UPPAbaby Minu V3,Nuna PIPA Aire,Vista / Cruz / Minu / Ridge,skip-existing
UPPAbaby,UPPAbaby Minu V3,Nuna PIPA Aire rx,Vista / Cruz / Minu / Ridge,skip-existing
UPPAbaby,UPPAbaby Minu V3,Nuna PIPA RX,Vista / Cruz / Minu / Ridge,skip-existing
UPPAbaby,UPPAbaby Minu V3,Nuna PIPA urbn,Vista / Cruz / Minu / Ridge,skip-existing
UPPAbaby,UPPAbaby Minu V3,Chicco Fit2,Vista / Cruz / Minu / Ridge,skip-existing
UPPAbaby,UPPAbaby Minu V3,Chicco KeyFit 30,Vista / Cruz / Minu / Ridge,skip-existing
UPPAbaby,UPPAbaby Minu V3,Chicco KeyFit 30 ClearTex,Vista / Cruz / Minu / Ridge,skip-existing
UPPAbaby,UPPAbaby Minu V3,Chicco KeyFit 35,Vista / Cruz / Minu / Ridge,skip-existing
UPPAbaby,UPPAbaby Minu V3,Chicco KeyFit Max ClearTex,Vista / Cruz / Minu / Ridge,skip-existing
UPPAbaby,UPPAbaby Minu V3,Chicco KeyFit Max Zip ClearLux,Vista / Cruz / Minu / Ridge,skip-existing
UPPAbaby,UPPAbaby Minu V3,Chicco KeyFit Max Zip ClearTex,Vista / Cruz / Minu / Ridge,skip-existing
UPPAbaby,UPPAbaby Ridge,Nuna PIPA Aire,Vista / Cruz / Minu / Ridge,skip-existing
UPPAbaby,UPPAbaby Ridge,Nuna PIPA Aire rx,Vista / Cruz / Minu / Ridge,skip-existing
UPPAbaby,UPPAbaby Ridge,Nuna PIPA RX,Vista / Cruz / Minu / Ridge,skip-existing
UPPAbaby,UPPAbaby Ridge,Nuna PIPA urbn,Vista / Cruz / Minu / Ridge,skip-existing
UPPAbaby,UPPAbaby Ridge,Chicco Fit2,Vista / Cruz / Minu / Ridge,skip-existing
UPPAbaby,UPPAbaby Ridge,Chicco KeyFit 30,Vista / Cruz / Minu / Ridge,skip-existing
UPPAbaby,UPPAbaby Ridge,Chicco KeyFit 30 ClearTex,Vista / Cruz / Minu / Ridge,skip-existing
UPPAbaby,UPPAbaby Ridge,Chicco KeyFit 35,Vista / Cruz / Minu / Ridge,skip-existing
UPPAbaby,UPPAbaby Ridge,Chicco KeyFit Max ClearTex,Vista / Cruz / Minu / Ridge,skip-existing
UPPAbaby,UPPAbaby Ridge,Chicco KeyFit Max Zip ClearLux,Vista / Cruz / Minu / Ridge,skip-existing
UPPAbaby,UPPAbaby Ridge,Chicco KeyFit Max Zip ClearTex,Vista / Cruz / Minu / Ridge,skip-existing
UPPAbaby,UPPAbaby Ridge V2,Nuna PIPA Aire,Vista / Cruz / Minu / Ridge,skip-existing
UPPAbaby,UPPAbaby Ridge V2,Nuna PIPA Aire rx,Vista / Cruz / Minu / Ridge,skip-existing
UPPAbaby,UPPAbaby Ridge V2,Nuna PIPA RX,Vista / Cruz / Minu / Ridge,skip-existing
UPPAbaby,UPPAbaby Ridge V2,Nuna PIPA urbn,Vista / Cruz / Minu / Ridge,skip-existing
UPPAbaby,UPPAbaby Ridge V2,Chicco Fit2,Vista / Cruz / Minu / Ridge,skip-existing
UPPAbaby,UPPAbaby Ridge V2,Chicco KeyFit 30,Vista / Cruz / Minu / Ridge,skip-existing
UPPAbaby,UPPAbaby Ridge V2,Chicco KeyFit 30 ClearTex,Vista / Cruz / Minu / Ridge,skip-existing
UPPAbaby,UPPAbaby Ridge V2,Chicco KeyFit 35,Vista / Cruz / Minu / Ridge,skip-existing
UPPAbaby,UPPAbaby Ridge V2,Chicco KeyFit Max ClearTex,Vista / Cruz / Minu / Ridge,skip-existing
UPPAbaby,UPPAbaby Ridge V2,Chicco KeyFit Max Zip ClearLux,Vista / Cruz / Minu / Ridge,skip-existing
UPPAbaby,UPPAbaby Ridge V2,Chicco KeyFit Max Zip ClearTex,Vista / Cruz / Minu / Ridge,skip-existing
UPPAbaby,UPPAbaby Vista V2,Nuna PIPA Aire,Vista / Cruz / Minu / Ridge,skip-existing
UPPAbaby,UPPAbaby Vista V2,Nuna PIPA Aire rx,Vista / Cruz / Minu / Ridge,skip-existing
UPPAbaby,UPPAbaby Vista V2,Nuna PIPA RX,Vista / Cruz / Minu / Ridge,skip-existing
UPPAbaby,UPPAbaby Vista V2,Nuna PIPA urbn,Vista / Cruz / Minu / Ridge,skip-existing
UPPAbaby,UPPAbaby Vista V2,Chicco Fit2,Vista / Cruz / Minu / Ridge,skip-existing
UPPAbaby,UPPAbaby Vista V2,Chicco KeyFit 30,Vista / Cruz / Minu / Ridge,skip-existing
UPPAbaby,UPPAbaby Vista V2,Chicco KeyFit 30 ClearTex,Vista / Cruz / Minu / Ridge,skip-existing
UPPAbaby,UPPAbaby Vista V2,Chicco KeyFit 35,Vista / Cruz / Minu / Ridge,skip-existing
UPPAbaby,UPPAbaby Vista V2,Chicco KeyFit Max ClearTex,Vista / Cruz / Minu / Ridge,skip-existing
UPPAbaby,UPPAbaby Vista V2,Chicco KeyFit Max Zip ClearLux,Vista / Cruz / Minu / Ridge,skip-existing
UPPAbaby,UPPAbaby Vista V2,Chicco KeyFit Max Zip ClearTex,Vista / Cruz / Minu / Ridge,skip-existing
UPPAbaby,UPPAbaby Vista V3,Nuna PIPA Aire,Vista / Cruz / Minu / Ridge,skip-existing
UPPAbaby,UPPAbaby Vista V3,Nuna PIPA Aire rx,Vista / Cruz / Minu / Ridge,skip-existing
UPPAbaby,UPPAbaby Vista V3,Nuna PIPA RX,Vista / Cruz / Minu / Ridge,skip-existing
UPPAbaby,UPPAbaby Vista V3,Nuna PIPA urbn,Vista / Cruz / Minu / Ridge,skip-existing
UPPAbaby,UPPAbaby Vista V3,Chicco Fit2,Vista / Cruz / Minu / Ridge,skip-existing
UPPAbaby,UPPAbaby Vista V3,Chicco KeyFit 30,Vista / Cruz / Minu / Ridge,skip-existing
UPPAbaby,UPPAbaby Vista V3,Chicco KeyFit 30 ClearTex,Vista / Cruz / Minu / Ridge,skip-existing
UPPAbaby,UPPAbaby Vista V3,Chicco KeyFit 35,Vista / Cruz / Minu / Ridge,skip-existing
UPPAbaby,UPPAbaby Vista V3,Chicco KeyFit Max ClearTex,Vista / Cruz / Minu / Ridge,skip-existing
UPPAbaby,UPPAbaby Vista V3,Chicco KeyFit Max Zip ClearLux,Vista / Cruz / Minu / Ridge,skip-existing
UPPAbaby,UPPAbaby Vista V3,Chicco KeyFit Max Zip ClearTex,Vista / Cruz / Minu / Ridge,skip-existing
BOB,BOB Alterrain Pro,Nuna PIPA Aire,Wayfinder / Revolution / Alterrain,skip-existing
BOB,BOB Alterrain Pro,Nuna PIPA Aire rx,Wayfinder / Revolution / Alterrain,skip-existing
BOB,BOB Alterrain Pro,Nuna PIPA RX,Wayfinder / Revolution / Alterrain,skip-existing
BOB,BOB Alterrain Pro,Nuna PIPA urbn,Wayfinder / Revolution / Alterrain,skip-existing
BOB,BOB Revolution Flex 3.0,Nuna PIPA Aire,Wayfinder / Revolution / Alterrain,skip-existing
BOB,BOB Revolution Flex 3.0,Nuna PIPA Aire rx,Wayfinder / Revolution / Alterrain,skip-existing
BOB,BOB Revolution Flex 3.0,Nuna PIPA RX,Wayfinder / Revolution / Alterrain,skip-existing
BOB,BOB Revolution Flex 3.0,Nuna PIPA urbn,Wayfinder / Revolution / Alterrain,skip-existing
BOB,BOB Revolution Flex 3.0 Duallie,Nuna PIPA Aire,Wayfinder / Revolution / Alterrain,skip-existing
BOB,BOB Revolution Flex 3.0 Duallie,Nuna PIPA Aire rx,Wayfinder / Revolution / Alterrain,skip-existing
BOB,BOB Revolution Flex 3.0 Duallie,Nuna PIPA RX,Wayfinder / Revolution / Alterrain,skip-existing
BOB,BOB Revolution Flex 3.0 Duallie,Nuna PIPA urbn,Wayfinder / Revolution / Alterrain,skip-existing
BOB,BOB Wayfinder,Nuna PIPA Aire,Wayfinder / Revolution / Alterrain,skip-existing
BOB,BOB Wayfinder,Nuna PIPA Aire rx,Wayfinder / Revolution / Alterrain,skip-existing
BOB,BOB Wayfinder,Nuna PIPA RX,Wayfinder / Revolution / Alterrain,skip-existing
BOB,BOB Wayfinder,Nuna PIPA urbn,Wayfinder / Revolution / Alterrain,skip-existing
Silver Cross,Silver Cross Breez,Nuna PIPA Aire,all Silver Cross frames,skip-existing
Silver Cross,Silver Cross Breez,Nuna PIPA Aire rx,all Silver Cross frames,skip-existing
Silver Cross,Silver Cross Breez,Nuna PIPA RX,all Silver Cross frames,skip-existing
Silver Cross,Silver Cross Breez,Nuna PIPA urbn,all Silver Cross frames,skip-existing
Silver Cross,Silver Cross Comet,Nuna PIPA Aire,all Silver Cross frames,skip-existing
Silver Cross,Silver Cross Comet,Nuna PIPA Aire rx,all Silver Cross frames,skip-existing
Silver Cross,Silver Cross Comet,Nuna PIPA RX,all Silver Cross frames,skip-existing
Silver Cross,Silver Cross Comet,Nuna PIPA urbn,all Silver Cross frames,skip-existing
Silver Cross,Silver Cross Cove 2,Nuna PIPA Aire,all Silver Cross frames,skip-existing
Silver Cross,Silver Cross Cove 2,Nuna PIPA Aire rx,all Silver Cross frames,skip-existing
Silver Cross,Silver Cross Cove 2,Nuna PIPA RX,all Silver Cross frames,skip-existing
Silver Cross,Silver Cross Cove 2,Nuna PIPA urbn,all Silver Cross frames,skip-existing
Silver Cross,Silver Cross Dune,Nuna PIPA Aire,all Silver Cross frames,skip-existing
Silver Cross,Silver Cross Dune,Nuna PIPA Aire rx,all Silver Cross frames,skip-existing
Silver Cross,Silver Cross Dune,Nuna PIPA RX,all Silver Cross frames,skip-existing
Silver Cross,Silver Cross Dune,Nuna PIPA urbn,all Silver Cross frames,skip-existing
Silver Cross,Silver Cross Dune 2,Nuna PIPA Aire,all Silver Cross frames,skip-existing
Silver Cross,Silver Cross Dune 2,Nuna PIPA Aire rx,all Silver Cross frames,skip-existing
Silver Cross,Silver Cross Dune 2,Nuna PIPA RX,all Silver Cross frames,skip-existing
Silver Cross,Silver Cross Dune 2,Nuna PIPA urbn,all Silver Cross frames,skip-existing
Silver Cross,Silver Cross Jet 5,Nuna PIPA Aire,all Silver Cross frames,skip-existing
Silver Cross,Silver Cross Jet 5,Nuna PIPA Aire rx,all Silver Cross frames,skip-existing
Silver Cross,Silver Cross Jet 5,Nuna PIPA RX,all Silver Cross frames,skip-existing
Silver Cross,Silver Cross Jet 5,Nuna PIPA urbn,all Silver Cross frames,skip-existing
Silver Cross,Silver Cross Jet Double,Nuna PIPA Aire,all Silver Cross frames,skip-existing
Silver Cross,Silver Cross Jet Double,Nuna PIPA Aire rx,all Silver Cross frames,skip-existing
Silver Cross,Silver Cross Jet Double,Nuna PIPA RX,all Silver Cross frames,skip-existing
Silver Cross,Silver Cross Jet Double,Nuna PIPA urbn,all Silver Cross frames,skip-existing
Silver Cross,Silver Cross Nia Travel,Nuna PIPA Aire,all Silver Cross frames,skip-existing
Silver Cross,Silver Cross Nia Travel,Nuna PIPA Aire rx,all Silver Cross frames,skip-existing
Silver Cross,Silver Cross Nia Travel,Nuna PIPA RX,all Silver Cross frames,skip-existing
Silver Cross,Silver Cross Nia Travel,Nuna PIPA urbn,all Silver Cross frames,skip-existing
Silver Cross,Silver Cross Reef,Nuna PIPA Aire,all Silver Cross frames,skip-existing
Silver Cross,Silver Cross Reef,Nuna PIPA Aire rx,all Silver Cross frames,skip-existing
Silver Cross,Silver Cross Reef,Nuna PIPA RX,all Silver Cross frames,skip-existing
Silver Cross,Silver Cross Reef,Nuna PIPA urbn,all Silver Cross frames,skip-existing
Silver Cross,Silver Cross Reef 2,Nuna PIPA Aire,all Silver Cross frames,skip-existing
Silver Cross,Silver Cross Reef 2,Nuna PIPA Aire rx,all Silver Cross frames,skip-existing
Silver Cross,Silver Cross Reef 2,Nuna PIPA RX,all Silver Cross frames,skip-existing
Silver Cross,Silver Cross Reef 2,Nuna PIPA urbn,all Silver Cross frames,skip-existing
Silver Cross,Silver Cross Wave,Nuna PIPA Aire,all Silver Cross frames,skip-existing
Silver Cross,Silver Cross Wave,Nuna PIPA Aire rx,all Silver Cross frames,skip-existing
Silver Cross,Silver Cross Wave,Nuna PIPA RX,all Silver Cross frames,skip-existing
Silver Cross,Silver Cross Wave,Nuna PIPA urbn,all Silver Cross frames,skip-existing
Silver Cross,Silver Cross Wave 3,Nuna PIPA Aire,all Silver Cross frames,skip-existing
Silver Cross,Silver Cross Wave 3,Nuna PIPA Aire rx,all Silver Cross frames,skip-existing
Silver Cross,Silver Cross Wave 3,Nuna PIPA RX,all Silver Cross frames,skip-existing
Silver Cross,Silver Cross Wave 3,Nuna PIPA urbn,all Silver Cross frames,skip-existing
Silver Cross,Silver Cross Wave 3 Single to Double,Nuna PIPA Aire,all Silver Cross frames,skip-existing
Silver Cross,Silver Cross Wave 3 Single to Double,Nuna PIPA Aire rx,all Silver Cross frames,skip-existing
Silver Cross,Silver Cross Wave 3 Single to Double,Nuna PIPA RX,all Silver Cross frames,skip-existing
Silver Cross,Silver Cross Wave 3 Single to Double,Nuna PIPA urbn,all Silver Cross frames,skip-existing
Guava Family,Guava Family Roam,Nuna PIPA Aire,Roam,skip-existing
Guava Family,Guava Family Roam,Nuna PIPA Aire rx,Roam,skip-existing
Guava Family,Guava Family Roam,Nuna PIPA RX,Roam,skip-existing
Guava Family,Guava Family Roam,Nuna PIPA urbn,Roam,skip-existing
Guava Family,Guava Family Roam Jogging,Nuna PIPA Aire,Roam,skip-existing
Guava Family,Guava Family Roam Jogging,Nuna PIPA Aire rx,Roam,skip-existing
Guava Family,Guava Family Roam Jogging,Nuna PIPA RX,Roam,skip-existing
Guava Family,Guava Family Roam Jogging,Nuna PIPA urbn,Roam,skip-existing
Baby Jogger,Baby Jogger City Mini Air,Nuna PIPA Aire,City Prix / City Mini Air,skip-existing
Baby Jogger,Baby Jogger City Mini Air,Nuna PIPA Aire rx,City Prix / City Mini Air,skip-existing
Baby Jogger,Baby Jogger City Mini Air,Nuna PIPA RX,City Prix / City Mini Air,skip-existing
Baby Jogger,Baby Jogger City Mini Air,Nuna PIPA urbn,City Prix / City Mini Air,skip-existing
WonderFold,WonderFold Wagon L2 Double,Nuna PIPA Aire,W & L Series,skip-existing
WonderFold,WonderFold Wagon L2 Double,Nuna PIPA Aire rx,W & L Series,skip-existing
WonderFold,WonderFold Wagon L2 Double,Nuna PIPA RX,W & L Series,skip-existing
WonderFold,WonderFold Wagon L2 Double,Nuna PIPA urbn,W & L Series,skip-existing
WonderFold,WonderFold Wagon L2 Double,Graco GoMax,W & L Series,skip-existing
WonderFold,WonderFold Wagon L2 Double,Graco SnugRide Lite LX,W & L Series,skip-existing
WonderFold,WonderFold Wagon L2 Double,Graco SnugRide SnugFit,W & L Series,skip-existing
WonderFold,WonderFold Wagon L2 Double,Graco SnugRide SnugFit DLX,W & L Series,skip-existing
WonderFold,WonderFold Wagon L2 Double,Graco SnugRide SnugFit LX,W & L Series,skip-existing
WonderFold,WonderFold Wagon L2 Double,Chicco Fit2,W & L Series,skip-existing
WonderFold,WonderFold Wagon L2 Double,Chicco KeyFit 30,W & L Series,skip-existing
WonderFold,WonderFold Wagon L2 Double,Chicco KeyFit 30 ClearTex,W & L Series,skip-existing
WonderFold,WonderFold Wagon L2 Double,Chicco KeyFit 35,W & L Series,skip-existing
WonderFold,WonderFold Wagon L2 Double,Chicco KeyFit Max ClearTex,W & L Series,skip-existing
WonderFold,WonderFold Wagon L2 Double,Chicco KeyFit Max Zip ClearLux,W & L Series,skip-existing
WonderFold,WonderFold Wagon L2 Double,Chicco KeyFit Max Zip ClearTex,W & L Series,skip-existing
WonderFold,WonderFold Wagon L2 Double,UPPAbaby Aria,W & L Series,skip-existing
WonderFold,WonderFold Wagon L2 Double,UPPAbaby Aria V2,W & L Series,skip-existing
WonderFold,WonderFold Wagon L2 Double,UPPAbaby Mesa Max,W & L Series,skip-existing
WonderFold,WonderFold Wagon L2 Double,UPPAbaby Mesa V3,W & L Series,skip-existing
WonderFold,WonderFold L2 Double 2-Seater,Nuna PIPA Aire,W & L Series,skip-existing
WonderFold,WonderFold L2 Double 2-Seater,Nuna PIPA Aire rx,W & L Series,skip-existing
WonderFold,WonderFold L2 Double 2-Seater,Nuna PIPA RX,W & L Series,skip-existing
WonderFold,WonderFold L2 Double 2-Seater,Nuna PIPA urbn,W & L Series,skip-existing
WonderFold,WonderFold L2 Double 2-Seater,Graco GoMax,W & L Series,skip-existing
WonderFold,WonderFold L2 Double 2-Seater,Graco SnugRide Lite LX,W & L Series,skip-existing
WonderFold,WonderFold L2 Double 2-Seater,Graco SnugRide SnugFit,W & L Series,skip-existing
WonderFold,WonderFold L2 Double 2-Seater,Graco SnugRide SnugFit DLX,W & L Series,skip-existing
WonderFold,WonderFold L2 Double 2-Seater,Graco SnugRide SnugFit LX,W & L Series,skip-existing
WonderFold,WonderFold L2 Double 2-Seater,Chicco Fit2,W & L Series,skip-existing
WonderFold,WonderFold L2 Double 2-Seater,Chicco KeyFit 30,W & L Series,skip-existing
WonderFold,WonderFold L2 Double 2-Seater,Chicco KeyFit 30 ClearTex,W & L Series,skip-existing
WonderFold,WonderFold L2 Double 2-Seater,Chicco KeyFit 35,W & L Series,skip-existing
WonderFold,WonderFold L2 Double 2-Seater,Chicco KeyFit Max ClearTex,W & L Series,skip-existing
WonderFold,WonderFold L2 Double 2-Seater,Chicco KeyFit Max Zip ClearLux,W & L Series,skip-existing
WonderFold,WonderFold L2 Double 2-Seater,Chicco KeyFit Max Zip ClearTex,W & L Series,skip-existing
WonderFold,WonderFold L2 Double 2-Seater,UPPAbaby Aria,W & L Series,skip-existing
WonderFold,WonderFold L2 Double 2-Seater,UPPAbaby Aria V2,W & L Series,skip-existing
WonderFold,WonderFold L2 Double 2-Seater,UPPAbaby Mesa Max,W & L Series,skip-existing
WonderFold,WonderFold L2 Double 2-Seater,UPPAbaby Mesa V3,W & L Series,skip-existing
WonderFold,WonderFold Wagon L4 Quad,Nuna PIPA Aire,W & L Series,skip-existing
WonderFold,WonderFold Wagon L4 Quad,Nuna PIPA Aire rx,W & L Series,skip-existing
WonderFold,WonderFold Wagon L4 Quad,Nuna PIPA RX,W & L Series,skip-existing
WonderFold,WonderFold Wagon L4 Quad,Nuna PIPA urbn,W & L Series,skip-existing
WonderFold,WonderFold Wagon L4 Quad,Graco GoMax,W & L Series,skip-existing
WonderFold,WonderFold Wagon L4 Quad,Graco SnugRide Lite LX,W & L Series,skip-existing
WonderFold,WonderFold Wagon L4 Quad,Graco SnugRide SnugFit,W & L Series,skip-existing
WonderFold,WonderFold Wagon L4 Quad,Graco SnugRide SnugFit DLX,W & L Series,skip-existing
WonderFold,WonderFold Wagon L4 Quad,Graco SnugRide SnugFit LX,W & L Series,skip-existing
WonderFold,WonderFold Wagon L4 Quad,Chicco Fit2,W & L Series,skip-existing
WonderFold,WonderFold Wagon L4 Quad,Chicco KeyFit 30,W & L Series,skip-existing
WonderFold,WonderFold Wagon L4 Quad,Chicco KeyFit 30 ClearTex,W & L Series,skip-existing
WonderFold,WonderFold Wagon L4 Quad,Chicco KeyFit 35,W & L Series,skip-existing
WonderFold,WonderFold Wagon L4 Quad,Chicco KeyFit Max ClearTex,W & L Series,skip-existing
WonderFold,WonderFold Wagon L4 Quad,Chicco KeyFit Max Zip ClearLux,W & L Series,skip-existing
WonderFold,WonderFold Wagon L4 Quad,Chicco KeyFit Max Zip ClearTex,W & L Series,skip-existing
WonderFold,WonderFold Wagon L4 Quad,UPPAbaby Aria,W & L Series,skip-existing
WonderFold,WonderFold Wagon L4 Quad,UPPAbaby Aria V2,W & L Series,skip-existing
WonderFold,WonderFold Wagon L4 Quad,UPPAbaby Mesa Max,W & L Series,skip-existing
WonderFold,WonderFold Wagon L4 Quad,UPPAbaby Mesa V3,W & L Series,skip-existing
WonderFold,WonderFold Volkswagon Special Edition Double,Nuna PIPA Aire,W & L Series,skip-existing
WonderFold,WonderFold Volkswagon Special Edition Double,Nuna PIPA Aire rx,W & L Series,skip-existing
WonderFold,WonderFold Volkswagon Special Edition Double,Nuna PIPA RX,W & L Series,skip-existing
WonderFold,WonderFold Volkswagon Special Edition Double,Nuna PIPA urbn,W & L Series,skip-existing
WonderFold,WonderFold Volkswagon Special Edition Double,Graco GoMax,W & L Series,skip-existing
WonderFold,WonderFold Volkswagon Special Edition Double,Graco SnugRide Lite LX,W & L Series,skip-existing
WonderFold,WonderFold Volkswagon Special Edition Double,Graco SnugRide SnugFit,W & L Series,skip-existing
WonderFold,WonderFold Volkswagon Special Edition Double,Graco SnugRide SnugFit DLX,W & L Series,skip-existing
WonderFold,WonderFold Volkswagon Special Edition Double,Graco SnugRide SnugFit LX,W & L Series,skip-existing
WonderFold,WonderFold Volkswagon Special Edition Double,Chicco Fit2,W & L Series,skip-existing
WonderFold,WonderFold Volkswagon Special Edition Double,Chicco KeyFit 30,W & L Series,skip-existing
WonderFold,WonderFold Volkswagon Special Edition Double,Chicco KeyFit 30 ClearTex,W & L Series,skip-existing
WonderFold,WonderFold Volkswagon Special Edition Double,Chicco KeyFit 35,W & L Series,skip-existing
WonderFold,WonderFold Volkswagon Special Edition Double,Chicco KeyFit Max ClearTex,W & L Series,skip-existing
WonderFold,WonderFold Volkswagon Special Edition Double,Chicco KeyFit Max Zip ClearLux,W & L Series,skip-existing
WonderFold,WonderFold Volkswagon Special Edition Double,Chicco KeyFit Max Zip ClearTex,W & L Series,skip-existing
WonderFold,WonderFold Volkswagon Special Edition Double,UPPAbaby Aria,W & L Series,skip-existing
WonderFold,WonderFold Volkswagon Special Edition Double,UPPAbaby Aria V2,W & L Series,skip-existing
WonderFold,WonderFold Volkswagon Special Edition Double,UPPAbaby Mesa Max,W & L Series,skip-existing
WonderFold,WonderFold Volkswagon Special Edition Double,UPPAbaby Mesa V3,W & L Series,skip-existing
WonderFold,WonderFold Wagon VW Edition Quad,Nuna PIPA Aire,W & L Series,skip-existing
WonderFold,WonderFold Wagon VW Edition Quad,Nuna PIPA Aire rx,W & L Series,skip-existing
WonderFold,WonderFold Wagon VW Edition Quad,Nuna PIPA RX,W & L Series,skip-existing
WonderFold,WonderFold Wagon VW Edition Quad,Nuna PIPA urbn,W & L Series,skip-existing
WonderFold,WonderFold Wagon VW Edition Quad,Graco GoMax,W & L Series,skip-existing
WonderFold,WonderFold Wagon VW Edition Quad,Graco SnugRide Lite LX,W & L Series,skip-existing
WonderFold,WonderFold Wagon VW Edition Quad,Graco SnugRide SnugFit,W & L Series,skip-existing
WonderFold,WonderFold Wagon VW Edition Quad,Graco SnugRide SnugFit DLX,W & L Series,skip-existing
WonderFold,WonderFold Wagon VW Edition Quad,Graco SnugRide SnugFit LX,W & L Series,skip-existing
WonderFold,WonderFold Wagon VW Edition Quad,Chicco Fit2,W & L Series,skip-existing
WonderFold,WonderFold Wagon VW Edition Quad,Chicco KeyFit 30,W & L Series,skip-existing
WonderFold,WonderFold Wagon VW Edition Quad,Chicco KeyFit 30 ClearTex,W & L Series,skip-existing
WonderFold,WonderFold Wagon VW Edition Quad,Chicco KeyFit 35,W & L Series,skip-existing
WonderFold,WonderFold Wagon VW Edition Quad,Chicco KeyFit Max ClearTex,W & L Series,skip-existing
WonderFold,WonderFold Wagon VW Edition Quad,Chicco KeyFit Max Zip ClearLux,W & L Series,skip-existing
WonderFold,WonderFold Wagon VW Edition Quad,Chicco KeyFit Max Zip ClearTex,W & L Series,skip-existing
WonderFold,WonderFold Wagon VW Edition Quad,UPPAbaby Aria,W & L Series,skip-existing
WonderFold,WonderFold Wagon VW Edition Quad,UPPAbaby Aria V2,W & L Series,skip-existing
WonderFold,WonderFold Wagon VW Edition Quad,UPPAbaby Mesa Max,W & L Series,skip-existing
WonderFold,WonderFold Wagon VW Edition Quad,UPPAbaby Mesa V3,W & L Series,skip-existing
WonderFold,WonderFold Wagon W2 Elite Pro,Nuna PIPA Aire,W & L Series,skip-existing
WonderFold,WonderFold Wagon W2 Elite Pro,Nuna PIPA Aire rx,W & L Series,skip-existing
WonderFold,WonderFold Wagon W2 Elite Pro,Nuna PIPA RX,W & L Series,skip-existing
WonderFold,WonderFold Wagon W2 Elite Pro,Nuna PIPA urbn,W & L Series,skip-existing
WonderFold,WonderFold Wagon W2 Elite Pro,Graco GoMax,W & L Series,skip-existing
WonderFold,WonderFold Wagon W2 Elite Pro,Graco SnugRide Lite LX,W & L Series,skip-existing
WonderFold,WonderFold Wagon W2 Elite Pro,Graco SnugRide SnugFit,W & L Series,skip-existing
WonderFold,WonderFold Wagon W2 Elite Pro,Graco SnugRide SnugFit DLX,W & L Series,skip-existing
WonderFold,WonderFold Wagon W2 Elite Pro,Graco SnugRide SnugFit LX,W & L Series,skip-existing
WonderFold,WonderFold Wagon W2 Elite Pro,Chicco Fit2,W & L Series,skip-existing
WonderFold,WonderFold Wagon W2 Elite Pro,Chicco KeyFit 30,W & L Series,skip-existing
WonderFold,WonderFold Wagon W2 Elite Pro,Chicco KeyFit 30 ClearTex,W & L Series,skip-existing
WonderFold,WonderFold Wagon W2 Elite Pro,Chicco KeyFit 35,W & L Series,skip-existing
WonderFold,WonderFold Wagon W2 Elite Pro,Chicco KeyFit Max ClearTex,W & L Series,skip-existing
WonderFold,WonderFold Wagon W2 Elite Pro,Chicco KeyFit Max Zip ClearLux,W & L Series,skip-existing
WonderFold,WonderFold Wagon W2 Elite Pro,Chicco KeyFit Max Zip ClearTex,W & L Series,skip-existing
WonderFold,WonderFold Wagon W2 Elite Pro,UPPAbaby Aria,W & L Series,skip-existing
WonderFold,WonderFold Wagon W2 Elite Pro,UPPAbaby Aria V2,W & L Series,skip-existing
WonderFold,WonderFold Wagon W2 Elite Pro,UPPAbaby Mesa Max,W & L Series,skip-existing
WonderFold,WonderFold Wagon W2 Elite Pro,UPPAbaby Mesa V3,W & L Series,skip-existing
WonderFold,WonderFold W2 Luxe Double,Nuna PIPA Aire,W & L Series,skip-existing
WonderFold,WonderFold W2 Luxe Double,Nuna PIPA Aire rx,W & L Series,skip-existing
WonderFold,WonderFold W2 Luxe Double,Nuna PIPA RX,W & L Series,skip-existing
WonderFold,WonderFold W2 Luxe Double,Nuna PIPA urbn,W & L Series,skip-existing
WonderFold,WonderFold W2 Luxe Double,Graco GoMax,W & L Series,skip-existing
WonderFold,WonderFold W2 Luxe Double,Graco SnugRide Lite LX,W & L Series,skip-existing
WonderFold,WonderFold W2 Luxe Double,Graco SnugRide SnugFit,W & L Series,skip-existing
WonderFold,WonderFold W2 Luxe Double,Graco SnugRide SnugFit DLX,W & L Series,skip-existing
WonderFold,WonderFold W2 Luxe Double,Graco SnugRide SnugFit LX,W & L Series,skip-existing
WonderFold,WonderFold W2 Luxe Double,Chicco Fit2,W & L Series,skip-existing
WonderFold,WonderFold W2 Luxe Double,Chicco KeyFit 30,W & L Series,skip-existing
WonderFold,WonderFold W2 Luxe Double,Chicco KeyFit 30 ClearTex,W & L Series,skip-existing
WonderFold,WonderFold W2 Luxe Double,Chicco KeyFit 35,W & L Series,skip-existing
WonderFold,WonderFold W2 Luxe Double,Chicco KeyFit Max ClearTex,W & L Series,skip-existing
WonderFold,WonderFold W2 Luxe Double,Chicco KeyFit Max Zip ClearLux,W & L Series,skip-existing
WonderFold,WonderFold W2 Luxe Double,Chicco KeyFit Max Zip ClearTex,W & L Series,skip-existing
WonderFold,WonderFold W2 Luxe Double,UPPAbaby Aria,W & L Series,skip-existing
WonderFold,WonderFold W2 Luxe Double,UPPAbaby Aria V2,W & L Series,skip-existing
WonderFold,WonderFold W2 Luxe Double,UPPAbaby Mesa Max,W & L Series,skip-existing
WonderFold,WonderFold W2 Luxe Double,UPPAbaby Mesa V3,W & L Series,skip-existing
WonderFold,WonderFold Wagon W2 Luxe Pro Double Seater,Nuna PIPA Aire,W & L Series,skip-existing
WonderFold,WonderFold Wagon W2 Luxe Pro Double Seater,Nuna PIPA Aire rx,W & L Series,skip-existing
WonderFold,WonderFold Wagon W2 Luxe Pro Double Seater,Nuna PIPA RX,W & L Series,skip-existing
WonderFold,WonderFold Wagon W2 Luxe Pro Double Seater,Nuna PIPA urbn,W & L Series,skip-existing
WonderFold,WonderFold Wagon W2 Luxe Pro Double Seater,Graco GoMax,W & L Series,skip-existing
WonderFold,WonderFold Wagon W2 Luxe Pro Double Seater,Graco SnugRide Lite LX,W & L Series,skip-existing
WonderFold,WonderFold Wagon W2 Luxe Pro Double Seater,Graco SnugRide SnugFit,W & L Series,skip-existing
WonderFold,WonderFold Wagon W2 Luxe Pro Double Seater,Graco SnugRide SnugFit DLX,W & L Series,skip-existing
WonderFold,WonderFold Wagon W2 Luxe Pro Double Seater,Graco SnugRide SnugFit LX,W & L Series,skip-existing
WonderFold,WonderFold Wagon W2 Luxe Pro Double Seater,Chicco Fit2,W & L Series,skip-existing
WonderFold,WonderFold Wagon W2 Luxe Pro Double Seater,Chicco KeyFit 30,W & L Series,skip-existing
WonderFold,WonderFold Wagon W2 Luxe Pro Double Seater,Chicco KeyFit 30 ClearTex,W & L Series,skip-existing
WonderFold,WonderFold Wagon W2 Luxe Pro Double Seater,Chicco KeyFit 35,W & L Series,skip-existing
WonderFold,WonderFold Wagon W2 Luxe Pro Double Seater,Chicco KeyFit Max ClearTex,W & L Series,skip-existing
WonderFold,WonderFold Wagon W2 Luxe Pro Double Seater,Chicco KeyFit Max Zip ClearLux,W & L Series,skip-existing
WonderFold,WonderFold Wagon W2 Luxe Pro Double Seater,Chicco KeyFit Max Zip ClearTex,W & L Series,skip-existing
WonderFold,WonderFold Wagon W2 Luxe Pro Double Seater,UPPAbaby Aria,W & L Series,skip-existing
WonderFold,WonderFold Wagon W2 Luxe Pro Double Seater,UPPAbaby Aria V2,W & L Series,skip-existing
WonderFold,WonderFold Wagon W2 Luxe Pro Double Seater,UPPAbaby Mesa Max,W & L Series,skip-existing
WonderFold,WonderFold Wagon W2 Luxe Pro Double Seater,UPPAbaby Mesa V3,W & L Series,skip-existing
WonderFold,WonderFold Wagon W4 Elite Pro,Nuna PIPA Aire,W & L Series,skip-existing
WonderFold,WonderFold Wagon W4 Elite Pro,Nuna PIPA Aire rx,W & L Series,skip-existing
WonderFold,WonderFold Wagon W4 Elite Pro,Nuna PIPA RX,W & L Series,skip-existing
WonderFold,WonderFold Wagon W4 Elite Pro,Nuna PIPA urbn,W & L Series,skip-existing
WonderFold,WonderFold Wagon W4 Elite Pro,Graco GoMax,W & L Series,skip-existing
WonderFold,WonderFold Wagon W4 Elite Pro,Graco SnugRide Lite LX,W & L Series,skip-existing
WonderFold,WonderFold Wagon W4 Elite Pro,Graco SnugRide SnugFit,W & L Series,skip-existing
WonderFold,WonderFold Wagon W4 Elite Pro,Graco SnugRide SnugFit DLX,W & L Series,skip-existing
WonderFold,WonderFold Wagon W4 Elite Pro,Graco SnugRide SnugFit LX,W & L Series,skip-existing
WonderFold,WonderFold Wagon W4 Elite Pro,Chicco Fit2,W & L Series,skip-existing
WonderFold,WonderFold Wagon W4 Elite Pro,Chicco KeyFit 30,W & L Series,skip-existing
WonderFold,WonderFold Wagon W4 Elite Pro,Chicco KeyFit 30 ClearTex,W & L Series,skip-existing
WonderFold,WonderFold Wagon W4 Elite Pro,Chicco KeyFit 35,W & L Series,skip-existing
WonderFold,WonderFold Wagon W4 Elite Pro,Chicco KeyFit Max ClearTex,W & L Series,skip-existing
WonderFold,WonderFold Wagon W4 Elite Pro,Chicco KeyFit Max Zip ClearLux,W & L Series,skip-existing
WonderFold,WonderFold Wagon W4 Elite Pro,Chicco KeyFit Max Zip ClearTex,W & L Series,skip-existing
WonderFold,WonderFold Wagon W4 Elite Pro,UPPAbaby Aria,W & L Series,skip-existing
WonderFold,WonderFold Wagon W4 Elite Pro,UPPAbaby Aria V2,W & L Series,skip-existing
WonderFold,WonderFold Wagon W4 Elite Pro,UPPAbaby Mesa Max,W & L Series,skip-existing
WonderFold,WonderFold Wagon W4 Elite Pro,UPPAbaby Mesa V3,W & L Series,skip-existing
WonderFold,WonderFold Wagon W4 Luxe Pro,Nuna PIPA Aire,W & L Series,skip-existing
WonderFold,WonderFold Wagon W4 Luxe Pro,Nuna PIPA Aire rx,W & L Series,skip-existing
WonderFold,WonderFold Wagon W4 Luxe Pro,Nuna PIPA RX,W & L Series,skip-existing
WonderFold,WonderFold Wagon W4 Luxe Pro,Nuna PIPA urbn,W & L Series,skip-existing
WonderFold,WonderFold Wagon W4 Luxe Pro,Graco GoMax,W & L Series,skip-existing
WonderFold,WonderFold Wagon W4 Luxe Pro,Graco SnugRide Lite LX,W & L Series,skip-existing
WonderFold,WonderFold Wagon W4 Luxe Pro,Graco SnugRide SnugFit,W & L Series,skip-existing
WonderFold,WonderFold Wagon W4 Luxe Pro,Graco SnugRide SnugFit DLX,W & L Series,skip-existing
WonderFold,WonderFold Wagon W4 Luxe Pro,Graco SnugRide SnugFit LX,W & L Series,skip-existing
WonderFold,WonderFold Wagon W4 Luxe Pro,Chicco Fit2,W & L Series,skip-existing
WonderFold,WonderFold Wagon W4 Luxe Pro,Chicco KeyFit 30,W & L Series,skip-existing
WonderFold,WonderFold Wagon W4 Luxe Pro,Chicco KeyFit 30 ClearTex,W & L Series,skip-existing
WonderFold,WonderFold Wagon W4 Luxe Pro,Chicco KeyFit 35,W & L Series,skip-existing
WonderFold,WonderFold Wagon W4 Luxe Pro,Chicco KeyFit Max ClearTex,W & L Series,skip-existing
WonderFold,WonderFold Wagon W4 Luxe Pro,Chicco KeyFit Max Zip ClearLux,W & L Series,skip-existing
WonderFold,WonderFold Wagon W4 Luxe Pro,Chicco KeyFit Max Zip ClearTex,W & L Series,skip-existing
WonderFold,WonderFold Wagon W4 Luxe Pro,UPPAbaby Aria,W & L Series,skip-existing
WonderFold,WonderFold Wagon W4 Luxe Pro,UPPAbaby Aria V2,W & L Series,skip-existing
WonderFold,WonderFold Wagon W4 Luxe Pro,UPPAbaby Mesa Max,W & L Series,skip-existing
WonderFold,WonderFold Wagon W4 Luxe Pro,UPPAbaby Mesa V3,W & L Series,skip-existing
WonderFold,WonderFold W4 Luxe Pro Quad,Nuna PIPA Aire,W & L Series,skip-existing
WonderFold,WonderFold W4 Luxe Pro Quad,Nuna PIPA Aire rx,W & L Series,skip-existing
WonderFold,WonderFold W4 Luxe Pro Quad,Nuna PIPA RX,W & L Series,skip-existing
WonderFold,WonderFold W4 Luxe Pro Quad,Nuna PIPA urbn,W & L Series,skip-existing
WonderFold,WonderFold W4 Luxe Pro Quad,Graco GoMax,W & L Series,skip-existing
WonderFold,WonderFold W4 Luxe Pro Quad,Graco SnugRide Lite LX,W & L Series,skip-existing
WonderFold,WonderFold W4 Luxe Pro Quad,Graco SnugRide SnugFit,W & L Series,skip-existing
WonderFold,WonderFold W4 Luxe Pro Quad,Graco SnugRide SnugFit DLX,W & L Series,skip-existing
WonderFold,WonderFold W4 Luxe Pro Quad,Graco SnugRide SnugFit LX,W & L Series,skip-existing
WonderFold,WonderFold W4 Luxe Pro Quad,Chicco Fit2,W & L Series,skip-existing
WonderFold,WonderFold W4 Luxe Pro Quad,Chicco KeyFit 30,W & L Series,skip-existing
WonderFold,WonderFold W4 Luxe Pro Quad,Chicco KeyFit 30 ClearTex,W & L Series,skip-existing
WonderFold,WonderFold W4 Luxe Pro Quad,Chicco KeyFit 35,W & L Series,skip-existing
WonderFold,WonderFold W4 Luxe Pro Quad,Chicco KeyFit Max ClearTex,W & L Series,skip-existing
WonderFold,WonderFold W4 Luxe Pro Quad,Chicco KeyFit Max Zip ClearLux,W & L Series,skip-existing
WonderFold,WonderFold W4 Luxe Pro Quad,Chicco KeyFit Max Zip ClearTex,W & L Series,skip-existing
WonderFold,WonderFold W4 Luxe Pro Quad,UPPAbaby Aria,W & L Series,skip-existing
WonderFold,WonderFold W4 Luxe Pro Quad,UPPAbaby Aria V2,W & L Series,skip-existing
WonderFold,WonderFold W4 Luxe Pro Quad,UPPAbaby Mesa Max,W & L Series,skip-existing
WonderFold,WonderFold W4 Luxe Pro Quad,UPPAbaby Mesa V3,W & L Series,skip-existing
WonderFold,WonderFold Wagon W6 Luxe Pro,Nuna PIPA Aire,W & L Series,skip-existing
WonderFold,WonderFold Wagon W6 Luxe Pro,Nuna PIPA Aire rx,W & L Series,skip-existing
WonderFold,WonderFold Wagon W6 Luxe Pro,Nuna PIPA RX,W & L Series,skip-existing
WonderFold,WonderFold Wagon W6 Luxe Pro,Nuna PIPA urbn,W & L Series,skip-existing
WonderFold,WonderFold Wagon W6 Luxe Pro,Graco GoMax,W & L Series,skip-existing
WonderFold,WonderFold Wagon W6 Luxe Pro,Graco SnugRide Lite LX,W & L Series,skip-existing
WonderFold,WonderFold Wagon W6 Luxe Pro,Graco SnugRide SnugFit,W & L Series,skip-existing
WonderFold,WonderFold Wagon W6 Luxe Pro,Graco SnugRide SnugFit DLX,W & L Series,skip-existing
WonderFold,WonderFold Wagon W6 Luxe Pro,Graco SnugRide SnugFit LX,W & L Series,skip-existing
WonderFold,WonderFold Wagon W6 Luxe Pro,Chicco Fit2,W & L Series,skip-existing
WonderFold,WonderFold Wagon W6 Luxe Pro,Chicco KeyFit 30,W & L Series,skip-existing
WonderFold,WonderFold Wagon W6 Luxe Pro,Chicco KeyFit 30 ClearTex,W & L Series,skip-existing
WonderFold,WonderFold Wagon W6 Luxe Pro,Chicco KeyFit 35,W & L Series,skip-existing
WonderFold,WonderFold Wagon W6 Luxe Pro,Chicco KeyFit Max ClearTex,W & L Series,skip-existing
WonderFold,WonderFold Wagon W6 Luxe Pro,Chicco KeyFit Max Zip ClearLux,W & L Series,skip-existing
WonderFold,WonderFold Wagon W6 Luxe Pro,Chicco KeyFit Max Zip ClearTex,W & L Series,skip-existing
WonderFold,WonderFold Wagon W6 Luxe Pro,UPPAbaby Aria,W & L Series,skip-existing
WonderFold,WonderFold Wagon W6 Luxe Pro,UPPAbaby Aria V2,W & L Series,skip-existing
WonderFold,WonderFold Wagon W6 Luxe Pro,UPPAbaby Mesa Max,W & L Series,skip-existing
WonderFold,WonderFold Wagon W6 Luxe Pro,UPPAbaby Mesa V3,W & L Series,skip-existing
Veer,Veer Switch&Jog,Nuna PIPA Aire,Switchback (&Roll / &Jog),skip-existing
Veer,Veer Switch&Jog,Nuna PIPA Aire rx,Switchback (&Roll / &Jog),skip-existing
Veer,Veer Switch&Jog,Nuna PIPA RX,Switchback (&Roll / &Jog),skip-existing
Veer,Veer Switch&Jog,Nuna PIPA urbn,Switchback (&Roll / &Jog),skip-existing
Veer,Veer Switch&Jog,UPPAbaby Aria,Switchback (&Roll / &Jog),skip-existing
Veer,Veer Switch&Jog,UPPAbaby Aria V2,Switchback (&Roll / &Jog),skip-existing
Veer,Veer Switch&Jog,UPPAbaby Mesa Max,Switchback (&Roll / &Jog),skip-existing
Veer,Veer Switch&Jog,UPPAbaby Mesa V3,Switchback (&Roll / &Jog),skip-existing
Veer,Veer Switch&Jog,Graco GoMax,Switchback (&Roll / &Jog),skip-existing
Veer,Veer Switch&Jog,Graco SnugRide Lite LX,Switchback (&Roll / &Jog),skip-existing
Veer,Veer Switch&Jog,Graco SnugRide SnugFit,Switchback (&Roll / &Jog),skip-existing
Veer,Veer Switch&Jog,Graco SnugRide SnugFit DLX,Switchback (&Roll / &Jog),skip-existing
Veer,Veer Switch&Jog,Graco SnugRide SnugFit LX,Switchback (&Roll / &Jog),skip-existing
Veer,Veer Switch&Jog,Britax B-Safe 35,Switchback (&Roll / &Jog),skip-existing
Veer,Veer Switch&Jog,Britax B-Safe 35 Elite,Switchback (&Roll / &Jog),skip-existing
Veer,Veer Switch&Jog,Britax B-Safe Gen2,Switchback (&Roll / &Jog),skip-existing
Veer,Veer Switch&Jog,Britax B-Safe Gen2 FlexFit,Switchback (&Roll / &Jog),skip-existing
Veer,Veer Switch&Jog,Britax Cypress S,Switchback (&Roll / &Jog),skip-existing
Veer,Veer Switch&Jog,Britax Willow S,Switchback (&Roll / &Jog),skip-existing
Veer,Veer Switch&Jog,Britax Willow SC,Switchback (&Roll / &Jog),skip-existing
Veer,Veer Switch&Jog Jogging,Nuna PIPA Aire,Switchback (&Roll / &Jog),skip-existing
Veer,Veer Switch&Jog Jogging,Nuna PIPA Aire rx,Switchback (&Roll / &Jog),skip-existing
Veer,Veer Switch&Jog Jogging,Nuna PIPA RX,Switchback (&Roll / &Jog),skip-existing
Veer,Veer Switch&Jog Jogging,Nuna PIPA urbn,Switchback (&Roll / &Jog),skip-existing
Veer,Veer Switch&Jog Jogging,UPPAbaby Aria,Switchback (&Roll / &Jog),skip-existing
Veer,Veer Switch&Jog Jogging,UPPAbaby Aria V2,Switchback (&Roll / &Jog),skip-existing
Veer,Veer Switch&Jog Jogging,UPPAbaby Mesa Max,Switchback (&Roll / &Jog),skip-existing
Veer,Veer Switch&Jog Jogging,UPPAbaby Mesa V3,Switchback (&Roll / &Jog),skip-existing
Veer,Veer Switch&Jog Jogging,Graco GoMax,Switchback (&Roll / &Jog),skip-existing
Veer,Veer Switch&Jog Jogging,Graco SnugRide Lite LX,Switchback (&Roll / &Jog),skip-existing
Veer,Veer Switch&Jog Jogging,Graco SnugRide SnugFit,Switchback (&Roll / &Jog),skip-existing
Veer,Veer Switch&Jog Jogging,Graco SnugRide SnugFit DLX,Switchback (&Roll / &Jog),skip-existing
Veer,Veer Switch&Jog Jogging,Graco SnugRide SnugFit LX,Switchback (&Roll / &Jog),skip-existing
Veer,Veer Switch&Jog Jogging,Britax B-Safe 35,Switchback (&Roll / &Jog),skip-existing
Veer,Veer Switch&Jog Jogging,Britax B-Safe 35 Elite,Switchback (&Roll / &Jog),skip-existing
Veer,Veer Switch&Jog Jogging,Britax B-Safe Gen2,Switchback (&Roll / &Jog),skip-existing
Veer,Veer Switch&Jog Jogging,Britax B-Safe Gen2 FlexFit,Switchback (&Roll / &Jog),skip-existing
Veer,Veer Switch&Jog Jogging,Britax Cypress S,Switchback (&Roll / &Jog),skip-existing
Veer,Veer Switch&Jog Jogging,Britax Willow S,Switchback (&Roll / &Jog),skip-existing
Veer,Veer Switch&Jog Jogging,Britax Willow SC,Switchback (&Roll / &Jog),skip-existing
Veer,Veer Switch&Roll,Nuna PIPA Aire,Switchback (&Roll / &Jog),skip-existing
Veer,Veer Switch&Roll,Nuna PIPA Aire rx,Switchback (&Roll / &Jog),skip-existing
Veer,Veer Switch&Roll,Nuna PIPA RX,Switchback (&Roll / &Jog),skip-existing
Veer,Veer Switch&Roll,Nuna PIPA urbn,Switchback (&Roll / &Jog),skip-existing
Veer,Veer Switch&Roll,UPPAbaby Aria,Switchback (&Roll / &Jog),skip-existing
Veer,Veer Switch&Roll,UPPAbaby Aria V2,Switchback (&Roll / &Jog),skip-existing
Veer,Veer Switch&Roll,UPPAbaby Mesa Max,Switchback (&Roll / &Jog),skip-existing
Veer,Veer Switch&Roll,UPPAbaby Mesa V3,Switchback (&Roll / &Jog),skip-existing
Veer,Veer Switch&Roll,Graco GoMax,Switchback (&Roll / &Jog),skip-existing
Veer,Veer Switch&Roll,Graco SnugRide Lite LX,Switchback (&Roll / &Jog),skip-existing
Veer,Veer Switch&Roll,Graco SnugRide SnugFit,Switchback (&Roll / &Jog),skip-existing
Veer,Veer Switch&Roll,Graco SnugRide SnugFit DLX,Switchback (&Roll / &Jog),skip-existing
Veer,Veer Switch&Roll,Graco SnugRide SnugFit LX,Switchback (&Roll / &Jog),skip-existing
Veer,Veer Switch&Roll,Britax B-Safe 35,Switchback (&Roll / &Jog),skip-existing
Veer,Veer Switch&Roll,Britax B-Safe 35 Elite,Switchback (&Roll / &Jog),skip-existing
Veer,Veer Switch&Roll,Britax B-Safe Gen2,Switchback (&Roll / &Jog),skip-existing
Veer,Veer Switch&Roll,Britax B-Safe Gen2 FlexFit,Switchback (&Roll / &Jog),skip-existing
Veer,Veer Switch&Roll,Britax Cypress S,Switchback (&Roll / &Jog),skip-existing
Veer,Veer Switch&Roll,Britax Willow S,Switchback (&Roll / &Jog),skip-existing
Veer,Veer Switch&Roll,Britax Willow SC,Switchback (&Roll / &Jog),skip-existing
Veer,Veer All-Terrain Cruiser,Nuna PIPA Aire,Cruiser / Cruiser City / All-Terrain,skip-existing
Veer,Veer All-Terrain Cruiser,Nuna PIPA Aire rx,Cruiser / Cruiser City / All-Terrain,skip-existing
Veer,Veer All-Terrain Cruiser,Nuna PIPA RX,Cruiser / Cruiser City / All-Terrain,skip-existing
Veer,Veer All-Terrain Cruiser,Nuna PIPA urbn,Cruiser / Cruiser City / All-Terrain,skip-existing
Veer,Veer All-Terrain Cruiser,UPPAbaby Aria,Cruiser / Cruiser City / All-Terrain,skip-existing
Veer,Veer All-Terrain Cruiser,UPPAbaby Aria V2,Cruiser / Cruiser City / All-Terrain,skip-existing
Veer,Veer All-Terrain Cruiser,UPPAbaby Mesa Max,Cruiser / Cruiser City / All-Terrain,skip-existing
Veer,Veer All-Terrain Cruiser,UPPAbaby Mesa V3,Cruiser / Cruiser City / All-Terrain,skip-existing
Veer,Veer Cruiser,Nuna PIPA Aire,Cruiser / Cruiser City / All-Terrain,skip-existing
Veer,Veer Cruiser,Nuna PIPA Aire rx,Cruiser / Cruiser City / All-Terrain,skip-existing
Veer,Veer Cruiser,Nuna PIPA RX,Cruiser / Cruiser City / All-Terrain,skip-existing
Veer,Veer Cruiser,Nuna PIPA urbn,Cruiser / Cruiser City / All-Terrain,skip-existing
Veer,Veer Cruiser,UPPAbaby Aria,Cruiser / Cruiser City / All-Terrain,skip-existing
Veer,Veer Cruiser,UPPAbaby Aria V2,Cruiser / Cruiser City / All-Terrain,skip-existing
Veer,Veer Cruiser,UPPAbaby Mesa Max,Cruiser / Cruiser City / All-Terrain,skip-existing
Veer,Veer Cruiser,UPPAbaby Mesa V3,Cruiser / Cruiser City / All-Terrain,skip-existing
Veer,Veer Cruiser City,Nuna PIPA Aire,Cruiser / Cruiser City / All-Terrain,skip-existing
Veer,Veer Cruiser City,Nuna PIPA Aire rx,Cruiser / Cruiser City / All-Terrain,skip-existing
Veer,Veer Cruiser City,Nuna PIPA RX,Cruiser / Cruiser City / All-Terrain,skip-existing
Veer,Veer Cruiser City,Nuna PIPA urbn,Cruiser / Cruiser City / All-Terrain,skip-existing
Veer,Veer Cruiser City,UPPAbaby Aria,Cruiser / Cruiser City / All-Terrain,skip-existing
Veer,Veer Cruiser City,UPPAbaby Aria V2,Cruiser / Cruiser City / All-Terrain,skip-existing
Veer,Veer Cruiser City,UPPAbaby Mesa Max,Cruiser / Cruiser City / All-Terrain,skip-existing
Veer,Veer Cruiser City,UPPAbaby Mesa V3,Cruiser / Cruiser City / All-Terrain,skip-existing
Veer,Veer Cruiser City XL Essentials,Nuna PIPA Aire,Cruiser / Cruiser City / All-Terrain,skip-existing
Veer,Veer Cruiser City XL Essentials,Nuna PIPA Aire rx,Cruiser / Cruiser City / All-Terrain,skip-existing
Veer,Veer Cruiser City XL Essentials,Nuna PIPA RX,Cruiser / Cruiser City / All-Terrain,skip-existing
Veer,Veer Cruiser City XL Essentials,Nuna PIPA urbn,Cruiser / Cruiser City / All-Terrain,skip-existing
Veer,Veer Cruiser City XL Essentials,UPPAbaby Aria,Cruiser / Cruiser City / All-Terrain,skip-existing
Veer,Veer Cruiser City XL Essentials,UPPAbaby Aria V2,Cruiser / Cruiser City / All-Terrain,skip-existing
Veer,Veer Cruiser City XL Essentials,UPPAbaby Mesa Max,Cruiser / Cruiser City / All-Terrain,skip-existing
Veer,Veer Cruiser City XL Essentials,UPPAbaby Mesa V3,Cruiser / Cruiser City / All-Terrain,skip-existing
Bumbleride,Bumbleride Era,Nuna PIPA Aire,Era / Indie / Speed / Indie Twin,skip-existing
Bumbleride,Bumbleride Era,Nuna PIPA Aire rx,Era / Indie / Speed / Indie Twin,skip-existing
Bumbleride,Bumbleride Era,Nuna PIPA RX,Era / Indie / Speed / Indie Twin,skip-existing
Bumbleride,Bumbleride Era,Nuna PIPA urbn,Era / Indie / Speed / Indie Twin,skip-existing
Bumbleride,Bumbleride Era,Graco GoMax,Era / Indie / Speed / Indie Twin,skip-existing
Bumbleride,Bumbleride Era,Graco SnugRide Lite LX,Era / Indie / Speed / Indie Twin,skip-existing
Bumbleride,Bumbleride Era,Graco SnugRide SnugFit,Era / Indie / Speed / Indie Twin,skip-existing
Bumbleride,Bumbleride Era,Graco SnugRide SnugFit DLX,Era / Indie / Speed / Indie Twin,skip-existing
Bumbleride,Bumbleride Era,Graco SnugRide SnugFit LX,Era / Indie / Speed / Indie Twin,skip-existing
Bumbleride,Bumbleride Era,Chicco Fit2,Era / Indie / Speed / Indie Twin,skip-existing
Bumbleride,Bumbleride Era,Chicco KeyFit 30,Era / Indie / Speed / Indie Twin,skip-existing
Bumbleride,Bumbleride Era,Chicco KeyFit 30 ClearTex,Era / Indie / Speed / Indie Twin,skip-existing
Bumbleride,Bumbleride Era,Chicco KeyFit 35,Era / Indie / Speed / Indie Twin,skip-existing
Bumbleride,Bumbleride Era,Chicco KeyFit Max ClearTex,Era / Indie / Speed / Indie Twin,skip-existing
Bumbleride,Bumbleride Era,Chicco KeyFit Max Zip ClearLux,Era / Indie / Speed / Indie Twin,skip-existing
Bumbleride,Bumbleride Era,Chicco KeyFit Max Zip ClearTex,Era / Indie / Speed / Indie Twin,skip-existing
Bumbleride,Bumbleride Indie,Nuna PIPA Aire,Era / Indie / Speed / Indie Twin,skip-existing
Bumbleride,Bumbleride Indie,Nuna PIPA Aire rx,Era / Indie / Speed / Indie Twin,skip-existing
Bumbleride,Bumbleride Indie,Nuna PIPA RX,Era / Indie / Speed / Indie Twin,skip-existing
Bumbleride,Bumbleride Indie,Nuna PIPA urbn,Era / Indie / Speed / Indie Twin,skip-existing
Bumbleride,Bumbleride Indie,Graco GoMax,Era / Indie / Speed / Indie Twin,skip-existing
Bumbleride,Bumbleride Indie,Graco SnugRide Lite LX,Era / Indie / Speed / Indie Twin,skip-existing
Bumbleride,Bumbleride Indie,Graco SnugRide SnugFit,Era / Indie / Speed / Indie Twin,skip-existing
Bumbleride,Bumbleride Indie,Graco SnugRide SnugFit DLX,Era / Indie / Speed / Indie Twin,skip-existing
Bumbleride,Bumbleride Indie,Graco SnugRide SnugFit LX,Era / Indie / Speed / Indie Twin,skip-existing
Bumbleride,Bumbleride Indie,Chicco Fit2,Era / Indie / Speed / Indie Twin,skip-existing
Bumbleride,Bumbleride Indie,Chicco KeyFit 30,Era / Indie / Speed / Indie Twin,skip-existing
Bumbleride,Bumbleride Indie,Chicco KeyFit 30 ClearTex,Era / Indie / Speed / Indie Twin,skip-existing
Bumbleride,Bumbleride Indie,Chicco KeyFit 35,Era / Indie / Speed / Indie Twin,skip-existing
Bumbleride,Bumbleride Indie,Chicco KeyFit Max ClearTex,Era / Indie / Speed / Indie Twin,skip-existing
Bumbleride,Bumbleride Indie,Chicco KeyFit Max Zip ClearLux,Era / Indie / Speed / Indie Twin,skip-existing
Bumbleride,Bumbleride Indie,Chicco KeyFit Max Zip ClearTex,Era / Indie / Speed / Indie Twin,skip-existing
Bumbleride,Bumbleride Indie Twin,Nuna PIPA Aire,Era / Indie / Speed / Indie Twin,skip-existing
Bumbleride,Bumbleride Indie Twin,Nuna PIPA Aire rx,Era / Indie / Speed / Indie Twin,skip-existing
Bumbleride,Bumbleride Indie Twin,Nuna PIPA RX,Era / Indie / Speed / Indie Twin,skip-existing
Bumbleride,Bumbleride Indie Twin,Nuna PIPA urbn,Era / Indie / Speed / Indie Twin,skip-existing
Bumbleride,Bumbleride Indie Twin,Graco GoMax,Era / Indie / Speed / Indie Twin,skip-existing
Bumbleride,Bumbleride Indie Twin,Graco SnugRide Lite LX,Era / Indie / Speed / Indie Twin,skip-existing
Bumbleride,Bumbleride Indie Twin,Graco SnugRide SnugFit,Era / Indie / Speed / Indie Twin,skip-existing
Bumbleride,Bumbleride Indie Twin,Graco SnugRide SnugFit DLX,Era / Indie / Speed / Indie Twin,skip-existing
Bumbleride,Bumbleride Indie Twin,Graco SnugRide SnugFit LX,Era / Indie / Speed / Indie Twin,skip-existing
Bumbleride,Bumbleride Indie Twin,Chicco Fit2,Era / Indie / Speed / Indie Twin,skip-existing
Bumbleride,Bumbleride Indie Twin,Chicco KeyFit 30,Era / Indie / Speed / Indie Twin,skip-existing
Bumbleride,Bumbleride Indie Twin,Chicco KeyFit 30 ClearTex,Era / Indie / Speed / Indie Twin,skip-existing
Bumbleride,Bumbleride Indie Twin,Chicco KeyFit 35,Era / Indie / Speed / Indie Twin,skip-existing
Bumbleride,Bumbleride Indie Twin,Chicco KeyFit Max ClearTex,Era / Indie / Speed / Indie Twin,skip-existing
Bumbleride,Bumbleride Indie Twin,Chicco KeyFit Max Zip ClearLux,Era / Indie / Speed / Indie Twin,skip-existing
Bumbleride,Bumbleride Indie Twin,Chicco KeyFit Max Zip ClearTex,Era / Indie / Speed / Indie Twin,skip-existing
Bumbleride,Bumbleride Speed,Nuna PIPA Aire,Era / Indie / Speed / Indie Twin,skip-existing
Bumbleride,Bumbleride Speed,Nuna PIPA Aire rx,Era / Indie / Speed / Indie Twin,skip-existing
Bumbleride,Bumbleride Speed,Nuna PIPA RX,Era / Indie / Speed / Indie Twin,skip-existing
Bumbleride,Bumbleride Speed,Nuna PIPA urbn,Era / Indie / Speed / Indie Twin,skip-existing
Bumbleride,Bumbleride Speed,Graco GoMax,Era / Indie / Speed / Indie Twin,skip-existing
Bumbleride,Bumbleride Speed,Graco SnugRide Lite LX,Era / Indie / Speed / Indie Twin,skip-existing
Bumbleride,Bumbleride Speed,Graco SnugRide SnugFit,Era / Indie / Speed / Indie Twin,skip-existing
Bumbleride,Bumbleride Speed,Graco SnugRide SnugFit DLX,Era / Indie / Speed / Indie Twin,skip-existing
Bumbleride,Bumbleride Speed,Graco SnugRide SnugFit LX,Era / Indie / Speed / Indie Twin,skip-existing
Bumbleride,Bumbleride Speed,Chicco Fit2,Era / Indie / Speed / Indie Twin,skip-existing
Bumbleride,Bumbleride Speed,Chicco KeyFit 30,Era / Indie / Speed / Indie Twin,skip-existing
Bumbleride,Bumbleride Speed,Chicco KeyFit 30 ClearTex,Era / Indie / Speed / Indie Twin,skip-existing
Bumbleride,Bumbleride Speed,Chicco KeyFit 35,Era / Indie / Speed / Indie Twin,skip-existing
Bumbleride,Bumbleride Speed,Chicco KeyFit Max ClearTex,Era / Indie / Speed / Indie Twin,skip-existing
Bumbleride,Bumbleride Speed,Chicco KeyFit Max Zip ClearLux,Era / Indie / Speed / Indie Twin,skip-existing
Bumbleride,Bumbleride Speed,Chicco KeyFit Max Zip ClearTex,Era / Indie / Speed / Indie Twin,skip-existing
Babyzen,Babyzen YOYO+,Nuna PIPA Aire,YOYO,skip-existing
Babyzen,Babyzen YOYO+,Nuna PIPA Aire rx,YOYO,skip-existing
Babyzen,Babyzen YOYO+,Nuna PIPA RX,YOYO,skip-existing
Babyzen,Babyzen YOYO+,Nuna PIPA urbn,YOYO,skip-existing
Stokke,Stokke Yoyo 3,Nuna PIPA Aire,YOYO,skip-existing
Stokke,Stokke Yoyo 3,Nuna PIPA Aire rx,YOYO,skip-existing
Stokke,Stokke Yoyo 3,Nuna PIPA RX,YOYO,skip-existing
Stokke,Stokke Yoyo 3,Nuna PIPA urbn,YOYO,skip-existing
Momcozy,Momcozy ChangeGo Baby,Nuna PIPA Aire,ChangeGo,skip-existing
Momcozy,Momcozy ChangeGo Baby,Nuna PIPA Aire rx,ChangeGo,skip-existing
Momcozy,Momcozy ChangeGo Baby,Nuna PIPA RX,ChangeGo,skip-existing
Momcozy,Momcozy ChangeGo Baby,Nuna PIPA urbn,ChangeGo,skip-existing
Larktale,Larktale Caravan Coupe Quad,Nuna PIPA Aire,Caravan,skip-existing
Larktale,Larktale Caravan Coupe Quad,Nuna PIPA Aire rx,Caravan,skip-existing
Larktale,Larktale Caravan Coupe Quad,Nuna PIPA RX,Caravan,skip-existing
Larktale,Larktale Caravan Coupe Quad,Nuna PIPA urbn,Caravan,skip-existing
Larktale,Larktale Caravan Coupe Quad,Chicco Fit2,Caravan,skip-existing
Larktale,Larktale Caravan Coupe Quad,Chicco KeyFit 30,Caravan,skip-existing
Larktale,Larktale Caravan Coupe Quad,Chicco KeyFit 30 ClearTex,Caravan,skip-existing
Larktale,Larktale Caravan Coupe Quad,Chicco KeyFit 35,Caravan,skip-existing
Larktale,Larktale Caravan Coupe Quad,Chicco KeyFit Max ClearTex,Caravan,skip-existing
Larktale,Larktale Caravan Coupe Quad,Chicco KeyFit Max Zip ClearLux,Caravan,skip-existing
Larktale,Larktale Caravan Coupe Quad,Chicco KeyFit Max Zip ClearTex,Caravan,skip-existing
Larktale,Larktale Caravan Coupe V2,Nuna PIPA Aire,Caravan,skip-existing
Larktale,Larktale Caravan Coupe V2,Nuna PIPA Aire rx,Caravan,skip-existing
Larktale,Larktale Caravan Coupe V2,Nuna PIPA RX,Caravan,skip-existing
Larktale,Larktale Caravan Coupe V2,Nuna PIPA urbn,Caravan,skip-existing
Larktale,Larktale Caravan Coupe V2,Chicco Fit2,Caravan,skip-existing
Larktale,Larktale Caravan Coupe V2,Chicco KeyFit 30,Caravan,skip-existing
Larktale,Larktale Caravan Coupe V2,Chicco KeyFit 30 ClearTex,Caravan,skip-existing
Larktale,Larktale Caravan Coupe V2,Chicco KeyFit 35,Caravan,skip-existing
Larktale,Larktale Caravan Coupe V2,Chicco KeyFit Max ClearTex,Caravan,skip-existing
Larktale,Larktale Caravan Coupe V2,Chicco KeyFit Max Zip ClearLux,Caravan,skip-existing
Larktale,Larktale Caravan Coupe V2,Chicco KeyFit Max Zip ClearTex,Caravan,skip-existing
Larktale,Larktale Caravan Quad,Nuna PIPA Aire,Caravan,skip-existing
Larktale,Larktale Caravan Quad,Nuna PIPA Aire rx,Caravan,skip-existing
Larktale,Larktale Caravan Quad,Nuna PIPA RX,Caravan,skip-existing
Larktale,Larktale Caravan Quad,Nuna PIPA urbn,Caravan,skip-existing
Larktale,Larktale Caravan Quad,Chicco Fit2,Caravan,skip-existing
Larktale,Larktale Caravan Quad,Chicco KeyFit 30,Caravan,skip-existing
Larktale,Larktale Caravan Quad,Chicco KeyFit 30 ClearTex,Caravan,skip-existing
Larktale,Larktale Caravan Quad,Chicco KeyFit 35,Caravan,skip-existing
Larktale,Larktale Caravan Quad,Chicco KeyFit Max ClearTex,Caravan,skip-existing
Larktale,Larktale Caravan Quad,Chicco KeyFit Max Zip ClearLux,Caravan,skip-existing
Larktale,Larktale Caravan Quad,Chicco KeyFit Max Zip ClearTex,Caravan,skip-existing
Mockingbird,Mockingbird Single,Nuna PIPA Aire,Single / Single-to-Double,skip-existing
Mockingbird,Mockingbird Single,Nuna PIPA Aire rx,Single / Single-to-Double,skip-existing
Mockingbird,Mockingbird Single,Nuna PIPA RX,Single / Single-to-Double,skip-existing
Mockingbird,Mockingbird Single,Nuna PIPA urbn,Single / Single-to-Double,skip-existing
Mockingbird,Mockingbird Single,Graco GoMax,Single / Single-to-Double,skip-existing
Mockingbird,Mockingbird Single,Graco SnugRide Lite LX,Single / Single-to-Double,skip-existing
Mockingbird,Mockingbird Single,Graco SnugRide SnugFit,Single / Single-to-Double,skip-existing
Mockingbird,Mockingbird Single,Graco SnugRide SnugFit DLX,Single / Single-to-Double,skip-existing
Mockingbird,Mockingbird Single,Graco SnugRide SnugFit LX,Single / Single-to-Double,skip-existing
Mockingbird,Mockingbird Single,Chicco Fit2,Single / Single-to-Double,skip-existing
Mockingbird,Mockingbird Single,Chicco KeyFit 30,Single / Single-to-Double,skip-existing
Mockingbird,Mockingbird Single,Chicco KeyFit 30 ClearTex,Single / Single-to-Double,skip-existing
Mockingbird,Mockingbird Single,Chicco KeyFit 35,Single / Single-to-Double,skip-existing
Mockingbird,Mockingbird Single,Chicco KeyFit Max ClearTex,Single / Single-to-Double,skip-existing
Mockingbird,Mockingbird Single,Chicco KeyFit Max Zip ClearLux,Single / Single-to-Double,skip-existing
Mockingbird,Mockingbird Single,Chicco KeyFit Max Zip ClearTex,Single / Single-to-Double,skip-existing
Mockingbird,Mockingbird Single,Baby Jogger City GO 2,Single / Single-to-Double,skip-existing
Mockingbird,Mockingbird Single,UPPAbaby Aria,Single / Single-to-Double,skip-existing
Mockingbird,Mockingbird Single,UPPAbaby Aria V2,Single / Single-to-Double,skip-existing
Mockingbird,Mockingbird Single,UPPAbaby Mesa Max,Single / Single-to-Double,skip-existing
Mockingbird,Mockingbird Single,UPPAbaby Mesa V3,Single / Single-to-Double,skip-existing
Mockingbird,Mockingbird Single,Joie Infant Seat Series,Single / Single-to-Double,skip-existing
Mockingbird,Mockingbird Single,Joie Mint Latch,Single / Single-to-Double,skip-existing
Mockingbird,Mockingbird Single,Joie Rue,Single / Single-to-Double,skip-existing
Mockingbird,Mockingbird Single 3.0,Nuna PIPA Aire,Single / Single-to-Double,skip-existing
Mockingbird,Mockingbird Single 3.0,Nuna PIPA Aire rx,Single / Single-to-Double,skip-existing
Mockingbird,Mockingbird Single 3.0,Nuna PIPA RX,Single / Single-to-Double,skip-existing
Mockingbird,Mockingbird Single 3.0,Nuna PIPA urbn,Single / Single-to-Double,skip-existing
Mockingbird,Mockingbird Single 3.0,Graco GoMax,Single / Single-to-Double,skip-existing
Mockingbird,Mockingbird Single 3.0,Graco SnugRide Lite LX,Single / Single-to-Double,skip-existing
Mockingbird,Mockingbird Single 3.0,Graco SnugRide SnugFit,Single / Single-to-Double,skip-existing
Mockingbird,Mockingbird Single 3.0,Graco SnugRide SnugFit DLX,Single / Single-to-Double,skip-existing
Mockingbird,Mockingbird Single 3.0,Graco SnugRide SnugFit LX,Single / Single-to-Double,skip-existing
Mockingbird,Mockingbird Single 3.0,Chicco Fit2,Single / Single-to-Double,skip-existing
Mockingbird,Mockingbird Single 3.0,Chicco KeyFit 30,Single / Single-to-Double,skip-existing
Mockingbird,Mockingbird Single 3.0,Chicco KeyFit 30 ClearTex,Single / Single-to-Double,skip-existing
Mockingbird,Mockingbird Single 3.0,Chicco KeyFit 35,Single / Single-to-Double,skip-existing
Mockingbird,Mockingbird Single 3.0,Chicco KeyFit Max ClearTex,Single / Single-to-Double,skip-existing
Mockingbird,Mockingbird Single 3.0,Chicco KeyFit Max Zip ClearLux,Single / Single-to-Double,skip-existing
Mockingbird,Mockingbird Single 3.0,Chicco KeyFit Max Zip ClearTex,Single / Single-to-Double,skip-existing
Mockingbird,Mockingbird Single 3.0,Baby Jogger City GO 2,Single / Single-to-Double,skip-existing
Mockingbird,Mockingbird Single 3.0,UPPAbaby Aria,Single / Single-to-Double,skip-existing
Mockingbird,Mockingbird Single 3.0,UPPAbaby Aria V2,Single / Single-to-Double,skip-existing
Mockingbird,Mockingbird Single 3.0,UPPAbaby Mesa Max,Single / Single-to-Double,skip-existing
Mockingbird,Mockingbird Single 3.0,UPPAbaby Mesa V3,Single / Single-to-Double,skip-existing
Mockingbird,Mockingbird Single 3.0,Joie Infant Seat Series,Single / Single-to-Double,skip-existing
Mockingbird,Mockingbird Single 3.0,Joie Mint Latch,Single / Single-to-Double,skip-existing
Mockingbird,Mockingbird Single 3.0,Joie Rue,Single / Single-to-Double,skip-existing
Mockingbird,Mockingbird Single-to-Double,Nuna PIPA Aire,Single / Single-to-Double,skip-existing
Mockingbird,Mockingbird Single-to-Double,Nuna PIPA Aire rx,Single / Single-to-Double,skip-existing
Mockingbird,Mockingbird Single-to-Double,Nuna PIPA RX,Single / Single-to-Double,skip-existing
Mockingbird,Mockingbird Single-to-Double,Nuna PIPA urbn,Single / Single-to-Double,skip-existing
Mockingbird,Mockingbird Single-to-Double,Graco GoMax,Single / Single-to-Double,skip-existing
Mockingbird,Mockingbird Single-to-Double,Graco SnugRide Lite LX,Single / Single-to-Double,skip-existing
Mockingbird,Mockingbird Single-to-Double,Graco SnugRide SnugFit,Single / Single-to-Double,skip-existing
Mockingbird,Mockingbird Single-to-Double,Graco SnugRide SnugFit DLX,Single / Single-to-Double,skip-existing
Mockingbird,Mockingbird Single-to-Double,Graco SnugRide SnugFit LX,Single / Single-to-Double,skip-existing
Mockingbird,Mockingbird Single-to-Double,Chicco Fit2,Single / Single-to-Double,skip-existing
Mockingbird,Mockingbird Single-to-Double,Chicco KeyFit 30,Single / Single-to-Double,skip-existing
Mockingbird,Mockingbird Single-to-Double,Chicco KeyFit 30 ClearTex,Single / Single-to-Double,skip-existing
Mockingbird,Mockingbird Single-to-Double,Chicco KeyFit 35,Single / Single-to-Double,skip-existing
Mockingbird,Mockingbird Single-to-Double,Chicco KeyFit Max ClearTex,Single / Single-to-Double,skip-existing
Mockingbird,Mockingbird Single-to-Double,Chicco KeyFit Max Zip ClearLux,Single / Single-to-Double,skip-existing
Mockingbird,Mockingbird Single-to-Double,Chicco KeyFit Max Zip ClearTex,Single / Single-to-Double,skip-existing
Mockingbird,Mockingbird Single-to-Double,Baby Jogger City GO 2,Single / Single-to-Double,skip-existing
Mockingbird,Mockingbird Single-to-Double,UPPAbaby Aria,Single / Single-to-Double,skip-existing
Mockingbird,Mockingbird Single-to-Double,UPPAbaby Aria V2,Single / Single-to-Double,skip-existing
Mockingbird,Mockingbird Single-to-Double,UPPAbaby Mesa Max,Single / Single-to-Double,skip-existing
Mockingbird,Mockingbird Single-to-Double,UPPAbaby Mesa V3,Single / Single-to-Double,skip-existing
Mockingbird,Mockingbird Single-to-Double,Joie Infant Seat Series,Single / Single-to-Double,skip-existing
Mockingbird,Mockingbird Single-to-Double,Joie Mint Latch,Single / Single-to-Double,skip-existing
Mockingbird,Mockingbird Single-to-Double,Joie Rue,Single / Single-to-Double,skip-existing
Mockingbird,Mockingbird Single-to-Double 3.0,Nuna PIPA Aire,Single / Single-to-Double,skip-existing
Mockingbird,Mockingbird Single-to-Double 3.0,Nuna PIPA Aire rx,Single / Single-to-Double,skip-existing
Mockingbird,Mockingbird Single-to-Double 3.0,Nuna PIPA RX,Single / Single-to-Double,skip-existing
Mockingbird,Mockingbird Single-to-Double 3.0,Nuna PIPA urbn,Single / Single-to-Double,skip-existing
Mockingbird,Mockingbird Single-to-Double 3.0,Graco GoMax,Single / Single-to-Double,skip-existing
Mockingbird,Mockingbird Single-to-Double 3.0,Graco SnugRide Lite LX,Single / Single-to-Double,skip-existing
Mockingbird,Mockingbird Single-to-Double 3.0,Graco SnugRide SnugFit,Single / Single-to-Double,skip-existing
Mockingbird,Mockingbird Single-to-Double 3.0,Graco SnugRide SnugFit DLX,Single / Single-to-Double,skip-existing
Mockingbird,Mockingbird Single-to-Double 3.0,Graco SnugRide SnugFit LX,Single / Single-to-Double,skip-existing
Mockingbird,Mockingbird Single-to-Double 3.0,Chicco Fit2,Single / Single-to-Double,skip-existing
Mockingbird,Mockingbird Single-to-Double 3.0,Chicco KeyFit 30,Single / Single-to-Double,skip-existing
Mockingbird,Mockingbird Single-to-Double 3.0,Chicco KeyFit 30 ClearTex,Single / Single-to-Double,skip-existing
Mockingbird,Mockingbird Single-to-Double 3.0,Chicco KeyFit 35,Single / Single-to-Double,skip-existing
Mockingbird,Mockingbird Single-to-Double 3.0,Chicco KeyFit Max ClearTex,Single / Single-to-Double,skip-existing
Mockingbird,Mockingbird Single-to-Double 3.0,Chicco KeyFit Max Zip ClearLux,Single / Single-to-Double,skip-existing
Mockingbird,Mockingbird Single-to-Double 3.0,Chicco KeyFit Max Zip ClearTex,Single / Single-to-Double,skip-existing
Mockingbird,Mockingbird Single-to-Double 3.0,Baby Jogger City GO 2,Single / Single-to-Double,skip-existing
Mockingbird,Mockingbird Single-to-Double 3.0,UPPAbaby Aria,Single / Single-to-Double,skip-existing
Mockingbird,Mockingbird Single-to-Double 3.0,UPPAbaby Aria V2,Single / Single-to-Double,skip-existing
Mockingbird,Mockingbird Single-to-Double 3.0,UPPAbaby Mesa Max,Single / Single-to-Double,skip-existing
Mockingbird,Mockingbird Single-to-Double 3.0,UPPAbaby Mesa V3,Single / Single-to-Double,skip-existing
Mockingbird,Mockingbird Single-to-Double 3.0,Joie Infant Seat Series,Single / Single-to-Double,skip-existing
Mockingbird,Mockingbird Single-to-Double 3.0,Joie Mint Latch,Single / Single-to-Double,skip-existing
Mockingbird,Mockingbird Single-to-Double 3.0,Joie Rue,Single / Single-to-Double,skip-existing
